did,louvain_community
did:plc:b5hg57zuxzyhz5istyqrb7oq,1
did:plc:hmthpslcz3u7y6kr636cshey,4
did:plc:rjm64q6dtx37nnbis42pdiex,1
did:plc:66b6bzgql6gleqzatbpg24jb,3
did:plc:k4jt6heuiamymgi46yeuxtpt,0
did:plc:7dcdmvz5vz6xodudzwvkcfxu,1
did:plc:7elp3lh3d3j2oh2qlo3u347w,6
did:plc:4ak2xuwx2cg4zisnd4moilly,6
did:plc:km24mkhrs62dpuh422u65mj4,6
did:plc:eqb3aeta63upwqfswyblqks2,6
did:plc:dhi2jnt37litaxjvzkfe6wyq,6
did:plc:dldvlajuevnzcckeoym74k72,6
did:plc:wvzauixy3ewxxtt2bhm6ddjf,6
did:plc:45h357am6vviigcixevbuhr7,6
did:plc:tbezmmltvdtjthfeaftfoop6,1
did:plc:dcpvyzm4ou74j6zcz67il5fk,5
did:plc:7kyydty7ke3t5n2mbejzjxwi,4
did:plc:ynybdjdjqw7easwamhg4w3sr,4
did:plc:xnwnevpe26bt3qysncc7eixp,6
did:plc:35ycejprfrigkum4qtmumkxj,3
did:plc:s24o3i2gmddihekekk6tu6ac,1
did:plc:wcoyo6v6krk6wyfcany4zmic,1
did:plc:kahyzbnoef4xfuoldtd4eork,1
did:plc:3gsq37e7e2eecwqiiuixg4cg,1
did:plc:frsgwnofwno2huewodkaeez2,1
did:plc:ya43saw5vyvgqkkey63ialpy,1
did:plc:wry6j3qy7pxpdqa42etvc6tq,1
did:plc:4bhbjdt2wlv3pd5d3hete76q,1
did:plc:axnx42ylmuvksdwsi6fefxud,1
did:plc:ous2kjcljsemde7ski7to3e2,1
did:plc:zer4ollcjhzntp6hqaterm6e,1
did:plc:lzil62mmkvmotaqcy6jtkm3s,6
did:plc:vqa24h7qxo42efmfcg2exkgt,1
did:plc:vevq4el5ludrygf4hhentmoz,1
did:plc:34csxuigzavliy66grvheqor,1
did:plc:76hipw54ixc5xufudtz2d7gc,1
did:plc:6h4yyetwtlai7c6acaucnrcf,1
did:plc:2wweeocgghojk7w3a2h2umrk,1
did:plc:rvo3qjzxx4tfpwpyzie7x33g,1
did:plc:trsknsl6boq3rrg4of5emb66,1
did:plc:63ezulkb3amfzgpanfp2u5br,1
did:plc:2qm5ghxfhbodeplh5jsgb4du,1
did:plc:k77thj6fybuvz6sej3uddxdw,1
did:plc:ngiusdsidn6wf47skjyozjkt,6
did:plc:ua7v7oruagwntb6l4szhik5m,6
did:plc:va5sthipulczpm5ehgs7dwpq,1
did:plc:wpi7wfgmhjzodg624avdfgvx,1
did:plc:xx7zubigbbdzuq2elzumd5s5,1
did:plc:rwhu6judhxozsldm3cbgkn7f,1
did:plc:c76slfgh7o6eh34xbgbgdvla,1
did:plc:jua3x4npnpftnoy5bdevdrhx,1
did:plc:lkchpy54oravz2nyhkdl45ym,1
did:plc:ljmtczdet75julxrokr52zh2,1
did:plc:75l7jiwmiq43lkq6qkeih7cw,1
did:plc:zij25ev763zos5cdeo5ybqqa,1
did:plc:6xil5qahytnfvusrkwdw2ofw,1
did:plc:6iks56hjjzciwoz2lhilk677,1
did:plc:ne3zbr3lnweluzwuhzz4yqto,1
did:plc:iwkxgisuabmctzfjrwjc6sgp,1
did:plc:uyemf6niinxjzirk7pbzzt3j,1
did:plc:7bv57nb3rnokojsdba3qbcur,1
did:plc:dvfeun7qtx2nmhglvjyxovex,1
did:plc:xalxqffcayyidntafmptzhta,1
did:plc:zi3736s2knwavdx6yefrwsfw,1
did:plc:rvuee746th6j5qacfrfc7jed,1
did:plc:yurczx5d7ii3laavi2mneulv,1
did:plc:bemuqswzftdeiz6kdwmyaddl,1
did:plc:56yymeubg3r4lxnf7lidri5a,1
did:plc:7gk35tkrkugkdcqdteviyara,1
did:plc:2d6kuvaoa7qi6bq5cwq4isee,1
did:plc:3gczycymg3cd7u5ovmtyu7xi,1
did:plc:ed7aj6p4sxalydxrwi5dlvge,1
did:plc:uvjdlzevg3j633zxtdljmh62,1
did:plc:rvso2itxklrx7kn5qrwtkuy6,1
did:plc:a6xlgsuib2egly3rfcaak373,1
did:plc:hgmiuopjoycuamerzzo7jli3,1
did:plc:wmu36zkf536zdfixvsmk6wm5,1
did:plc:rizowwxtohhynnmpmyexiy4q,1
did:plc:kpiyzopccrnnfddrz5ule6an,1
did:plc:qrw2fun5ahsqvx73k5geleme,1
did:plc:nvm7cc2o4lh7uibtv2ujsa4e,1
did:plc:mpoxsaax7r5rs2tgeh56nqhn,1
did:plc:lwszjazwq3nliquvxg6l332b,1
did:plc:673nrxjkogbsexpyd7xugggh,1
did:plc:5lpe3ykutq2xpxiv2pa7i5oc,1
did:plc:hcvtqgog57nytojykcma54ip,1
did:plc:yps5z3qplqk46gbzmux4atou,1
did:plc:nxaaam6hpd62fwysg3wlkkwf,1
did:plc:q4yfl5wbqmbgs4mpoz23sl4i,1
did:plc:2nk6e6oa4tzibu74bmxx4q4l,1
did:plc:m4srbzgzfgb42o6k6fbbmmms,1
did:plc:fykx5x7ujdv3xnfn6nawisgv,1
did:plc:zqjl4krx2tuw2oe7auqmlfd7,1
did:plc:cdozezupfvkxwkvzcy5it6lg,1
did:plc:u7p6a7so555p7ajthiontjah,1
did:plc:6mctp6fdweo6breoyfksqhvy,1
did:plc:3kodwej2dnky7qlfofefarug,1
did:plc:emhamv4hm2gvpvlkx4ntbtgn,1
did:plc:tfkhxwpdb2k5lqs336ixgurj,1
did:plc:54462oaxq2ofxkco3wao36n5,1
did:plc:6x3dvpma42wmm2kexe4lw7we,1
did:plc:pvcshsfrjz64enky5wrlhbgf,1
did:plc:wilailcem2xitt6t6lds7djm,1
did:plc:nqt4w2w2zxo6pb6wtaqpbhid,1
did:plc:vqgovau5gkirnk3ss5qwjdmz,2
did:plc:uvszqojtfzu36olntgmcoh4z,1
did:plc:7hkldtwrrd47bnvwnqsz4bnw,1
did:plc:2glkmhm2st75ycuyje3qn7rc,1
did:plc:ndpcapvbcb77lz7lkzwie7h5,4
did:plc:d6mfcceslf64ryzwbv2s2wx3,1
did:plc:hhmtv2fmpjg7lk3h6ejdnzb6,1
did:plc:nipoqrw2c5olbwkhy3bqxkiy,1
did:plc:zo55hexle7q27yeakof7vm7f,1
did:plc:zme3usssbyhtqtg2rsilkeh4,1
did:plc:du2a3ybgeeujuqrfdlt4nwn3,1
did:plc:npmoerrzaqzrlpvu3yu6i4pi,1
did:plc:hfunbop47sm2azdbajfvnf4g,1
did:plc:tcs4pjryaxzccvo2a7ylgmsi,1
did:plc:yqfmy2p54vqgekrcz5zzykhl,6
did:plc:ehnv6xi4qb5nhffmroalveeo,1
did:plc:woph5pj32fzbuicun4r53g43,1
did:plc:al3mrgr2igqnqhdkqvdwouev,1
did:plc:jap4fkprwjzgvh43jlp62pmh,1
did:plc:inu7p5ls5ltvlkpesj3qzcxh,1
did:plc:ino5jojviampvldwhtrdjxr7,1
did:plc:otenm3fqynhdyhfom4rrmtoq,1
did:plc:kwhnnsltalfxmbnmrnp65bii,0
did:plc:thyxeqhjprc7wkdqjeakp74f,1
did:plc:lfw5ikcuja3sjug2jehfdbdm,1
did:plc:b6nazhaza26jp3eog5ue4ipt,1
did:plc:qqnyamsjitxnahe5yoe5lfag,1
did:plc:36z475fuzunx5lye5f25dir4,1
did:plc:s6zgs7hnr4zjufsmt254o4r7,1
did:plc:2dwxs24526yfvmydneeu63ea,1
did:plc:5k6jjnczbuw7bkcl4skkzzow,1
did:plc:bruveqh5khxdsd3qtx33ok54,1
did:plc:3h55uhjkxzg5znstpdyshoq7,1
did:plc:z5epzmu2fuh4d36poh5wnxnt,1
did:plc:sekzutdsvhs4i6aafvlcj7v3,1
did:plc:fnaiorqt4sz35rprce52ia63,1
did:plc:gtu7ntvnshzmsclrjvtshf3m,1
did:plc:eqt2ncufjxbqgowjf4hdi2ff,1
did:plc:m3ly5zbj6zcby64eoyqn3u3i,1
did:plc:touv7uc4vhnwrfn7n7xxk6hl,1
did:plc:r5ofoghdcbtjqiujqpvja4uh,1
did:plc:tywkpd4s5utvhnucftqtsjyc,1
did:plc:y5f5pym22pcxpoc6bdgdyr6i,1
did:plc:gslrbg7et2wxhlhrkqtwlm22,1
did:plc:codxbnqvzymrsh3n5yfbcfa6,1
did:plc:lf44yuqfyi3ilxxfqudsqqc2,1
did:plc:qigftpfjt2mrkq23skrcuedw,1
did:plc:77lswp42lgjyw36ozuo7kt7e,1
did:plc:u3qtwr3xni67et44ip5vov2z,1
did:plc:y6dhlhtsl4ene4blwtrhtv6n,1
did:plc:z72i7hdynmk6r22z27h6tvur,2
did:plc:4xdx4plh6gjhhxvwbsrby4wp,4
did:plc:cfwhcdq4rupwnc2b7nzkdh3b,0
did:plc:a6oy25hms4qov5guqhv2u6mv,1
did:plc:w7jirivxkdpu4gvmdgsito3k,1
did:plc:ccpxhvpzvepeg4l3la6wydhd,1
did:plc:sayeevaewowlo5wcdinp2mqy,4
did:plc:zdemq4wjs6xb3sz2odkaw6ox,1
did:plc:j77brb2byawwdaqljkgj2eyp,1
did:plc:bpe2cboy6nffv4jd7v7uzyzi,1
did:plc:ddlptxzkzbknqkts3obmwhow,1
did:plc:j2htjnav3e2tb3wvkgn5xqiy,6
did:plc:nxlh63mkcieh3tjloibre7hp,5
did:plc:hyb3mo6i5uhlidnnefhxqeh3,1
did:plc:7lgfgjhtwgdvokakkiz2fsaa,1
did:plc:mjqetcrkxiwbat2bjkegg4ru,1
did:plc:mxrgqon5uyzfydczat2yx3yo,1
did:plc:cgbhqgzudl2txhrmylpqyjf6,1
did:plc:zno5v25lkwgv43xov75fv6gz,1
did:plc:pnmcfac4zxc3s4jpaifhfrvd,1
did:plc:5emw6c47mnufusdusy564nmw,1
did:plc:7sdsxqcziwqsrhmbuetj7ari,4
did:plc:bev7swnxdqiutawrp22zhohf,7
did:plc:y2ewvsyfgz54llqf6vrifklu,6
did:plc:l5n5q4is7sgdq3kycdpjfw6m,1
did:plc:xg2qinbccgztyclmju4wefrn,1
did:plc:yyjm6azqeob2dqgn47e4g6uf,1
did:plc:leewy4zzpqsl72ogi35dd4ar,1
did:plc:oybebze4fqk6ex5kzm5zcjqu,1
did:plc:hg2u5e2c7t5eftgdutxfn6gu,3
did:plc:t44lwtnu6ugg5ywm4ohq23xa,1
did:plc:woonrs42qnn5fiku657hnjzw,5
did:plc:4yb5k65ytgx57ggia7cbxju6,5
did:plc:ht3ruh74w6krts2fz4ir27pa,0
did:plc:bjohzt3fjpfpzudduo4mo5e4,1
did:plc:eguvpev7mdskbzfaaelqk7y6,5
did:plc:io4gsiqlsuo2hnc2ap43yymo,1
did:plc:tuxs46rncpoq3z6eyvfmhfnc,1
did:plc:2pdwbxbjzxvkkz6qyxs5rvnx,0
did:plc:mysxye325i2tcnnduw7tmdtr,1
did:plc:qst6cqkzukuiut2mabxyssgu,1
did:plc:dzaq5yz6wwnzmi4kdxam56ra,1
did:plc:oo2hbg4mfmhl6hey7hksnrek,5
did:plc:2g72wvrmzdfakrjq56d3lddj,1
did:plc:5sx4uxqvuiiqnvzi7rzihkaf,4
did:plc:mavdoxle737brhy24qj2xo2j,1
did:plc:wwqly2osxh34uwjb6on6ppdm,1
did:plc:oq654ekcnl5wiatziu5c2pnz,1
did:plc:xpedfvitjjgrs4mv5pwxoekw,4
did:plc:u7hez53np66gaz6p2aodiy6m,4
did:plc:2jz56k3tyc4nhz5n6dfhk4ux,4
did:plc:7l4nxlpgxipzp3fjk66stpu7,4
did:plc:7ctbnqyhy2mttt6b3xh252mx,1
did:plc:vasjpi2442szvrczytymfvxt,1
did:plc:xxc42jt7655wofezioowlcal,4
did:plc:xpvfolq34lq4d3hjt553fple,4
did:plc:yb5kooschqabtindrwfzwksa,4
did:plc:3r4ljzjpdr7rajzb3b5mi5fp,4
did:plc:nyl7o4k7qvjbcnvyap3bqzop,4
did:plc:55docof2krpcjha6uqjxwj5f,4
did:plc:3iazhgg6ba4lxv2r3hly3lvf,4
did:plc:dehqax3ea3k4fqnpzf6u5np3,4
did:plc:leshkmlftv6dvzz7czxufa6q,4
did:plc:uqjon6amgqigyqvqfmqlp5s4,4
did:plc:jycucino7yle5sxht6kkiz4w,4
did:plc:dm7qsw75ikqi6x2jpnze4pcg,4
did:plc:jxsz274bqthnltrjihgx3nfc,4
did:plc:4k2d2v4dny7ywtb3m267rhte,1
did:plc:acoa3gvtvjbb26odaredylru,4
did:plc:ckalmfuedv6jvhioeadps4v3,4
did:plc:pleaqsmx627rn7jboujgonyk,1
did:plc:lbshhmxr3egzqpfiqwvauwbr,1
did:plc:i2jny35s5bsvzlxkr27afzdc,4
did:plc:lruwsyrvsrunrejiu74qgv6j,4
did:plc:dykcuq5egjdicvf74hynp5hf,4
did:plc:5elsbcpy3qgizyisotdfv2bp,0
did:plc:hvg3nh6ccrs46ps5md3domkq,5
did:plc:i4omwinr73nhkrfbb3s27nbk,5
did:plc:cq2zbr2jyzyzavwe6bypdich,5
did:plc:7u2qeguzhg6y7ze72hmtlnra,5
did:plc:n5j6apzubhfbnngojmsu5fg6,2
did:plc:uz5apa2z3jrxhjjzqw5qik65,0
did:plc:dzezcmpb3fhcpns4n4xm4ur5,0
did:plc:uewxgchsjy4kmtu7dcxa77us,0
did:plc:ym6a73dx7kibs6fksyuzewem,0
did:plc:k5nskatzhyxersjilvtnz4lh,0
did:plc:eclio37ymobqex2ncko63h4r,0
did:plc:jbvnehrrdqoulco4rf5gxg5r,0
did:plc:ln72v57ivz2g46uqf4xxqiuh,0
did:plc:lwmiyyhcs43mpjjuqppu4cfq,0
did:plc:yf6hctt2ug3qyfty4in64yob,0
did:plc:qiz5bd6ierfiykcuvzmjaj4e,0
did:plc:klknudxgybzgrr4nkyjm2owg,0
did:plc:yc54nj2zlnqrdotewpkbrauy,0
did:plc:4gdkzr4so73ljqufaiizmtil,0
did:plc:bak7f4b3jsiqlpyo6o4ejaji,0
did:plc:s55iys3p4tup2yzz7q7ddjj3,0
did:plc:yfmsl73ryoitvecltfl6lkjd,0
did:plc:jszy2fvtipwprnjhe7pxytfv,0
did:plc:2lofqead276vtc5647ye7sl2,0
did:plc:nyxviptfyic2lvuorkr5yy3y,0
did:plc:f6avy7jkujdhusski5n64joj,0
did:plc:aonrplpou355iyrtvtimbj2q,0
did:plc:a3anzwkj4bnz2w6mglhs4xfe,0
did:plc:2h5oj7dfciesiknuazc3s3mo,0
did:plc:i3fhjvvkbmirhyu4aeihhrnv,0
did:plc:qtjpurf5fsptp3dhi52kksl6,0
did:plc:r4ve5hjtfjubdwrvlxcad62e,0
did:plc:y3xrmnwvkvsq4tqcsgwch4na,0
did:plc:qqsyx7otajyfeteo655v37xd,0
did:plc:drdkuiw4po3zqrzxy6xb2vlk,0
did:plc:zd2xrecgi2uwl2q44op2rani,0
did:plc:2w45zyhuklwihpdc7oj3mi63,0
did:plc:d2jith367s6ybc3ldsusgdae,0
did:plc:yosojsta3nm5qiod5zqixzur,0
did:plc:4sqb5ugga4lhhrkkuw2sa5oi,0
did:plc:rddeinqb45gzem3n3zyma7im,0
did:plc:yazbevg3wkzp5llnzb44tqgh,0
did:plc:lia4ywzl2c2kt4dn3kzbywog,1
did:plc:j4eroku3volozvv6ljsnnfec,0
did:plc:6uybbvnd3pfjh5oztjngzdss,0
did:plc:g2syplhduvniqojxe2qpc4uh,4
did:plc:inz4fkbbp7ms3ixufw6xuvdi,0
did:plc:7o72diqrc4plz7e43qn6bnrf,0
did:plc:7exlcsle4mjfhu3wnhcgizz6,0
did:plc:ihxnlmrjp6qjrix4td3mcvcb,1
did:plc:eqxgxt3mwgkgl6gppln3varg,1
did:plc:ngqdkvttdmzsbwb2mngquwip,1
did:plc:nrepv6pvm5zcexreteqt4axg,1
did:plc:xc52wj7pj5dmo7ot5tf7gldn,1
did:plc:swlqsuo6nbyi7apom34s5vys,1
did:plc:5wgnytg43yddk5iwbtdjpiuc,4
did:plc:2mjiozysq2ofvxhodz23y24k,1
did:plc:x7txiel3rihm7ywmzopxkabr,1
did:plc:6dtt4jhfu57sn5ijq4ybthme,1
did:plc:mhs6smrcfeuxuqde6jvcc577,1
did:plc:n6ntylxdpoo74zfscij4zpwr,6
did:plc:rkounysspfmbt4ji4ql663cq,1
did:plc:m3l3ri5vo5i4v2dij6siaf6z,0
did:plc:foo4fbrnrytyzd2r4mnz45md,5
did:plc:37hvcducoqcdzssu3xbfn4he,1
did:plc:v6hlz6d2r4wwpzwxwwnsymqq,4
did:plc:xlope3oo4etb3hq5l3adqznx,1
did:plc:nrgu6twehgkzqs36hdemrc4t,1
did:plc:2tjnqjbnqampayvk4hez7q3h,0
did:plc:kqsdfw4cj532lp7bidtdzyyz,5
did:plc:xx7o52o4rymlkqyzykn7t42b,5
did:plc:kjsha4qvpwos7puxnq7v5jus,1
did:plc:5pn3exivkrln2gnb3owsgvf7,1
did:plc:univ47kzorwxjih3lqzrnwmv,5
did:plc:e5lxcjzmzcbqdkus2m6j7ubj,5
did:plc:ml3vdeum4wilvamp6xozjfej,5
did:plc:x2gxgjimdcwqmgsucg2ywrvv,1
did:plc:hwa3zjgonumlwc3cxc7pmz5j,1
did:plc:5p3uw72sxsng7n5mwzkeqihp,1
did:plc:7hjw3n2f7fokngvj5a43ly2k,0
did:plc:dgvvohyxnliqfvahm2glwn4p,1
did:plc:ss2gkhwoqww2db4pc4jey357,4
did:plc:tbq7otht6fsjilaqsmyvlwnv,4
did:plc:qtzzfspp4r4yovzxqr4zkxni,4
did:plc:3wuj4mm5cl556oggem3hmkxj,4
did:plc:xtrgj3ni2rac4ryfn3etfx53,4
did:plc:4lxmlq6dqiell7t7f4ub42ln,4
did:plc:zhjeqy7jvp4umlvgywneerkb,4
did:plc:vdsijt3kvfafo7ng4i7r55ll,4
did:plc:wpxaqfmhbluwab5nl3zqzc57,4
did:plc:aobka6qeawk6vcumybjiqldu,4
did:plc:gaipzpivvarudkqxva4kkwgm,4
did:plc:japrlriaauyg5nfofgajgspv,4
did:plc:pxbxe7c77c5g7vomtlzjxmvc,4
did:plc:mjgwvlza46bmghtutfjxd2l7,1
did:plc:nk7f7lzeay52kuarnpbkjbxs,4
did:plc:nd7oohgvlz6rapsoge3rg2n2,4
did:plc:3c2jqzxsu5rw5ssxl2mkjemx,4
did:plc:xusbpiaaacexm7e46vj3o5xk,4
did:plc:h6bytgeodifjvj6aknepwy2i,4
did:plc:bgorsrhalh5gtizei6eizrlf,4
did:plc:siod5edzckvqvfwdos6tifxt,4
did:plc:loyczsruuyua5g7awovmpamw,4
did:plc:5solczla2olfb7qjqrgctuvc,4
did:plc:kxjcwle5l7jlp5qh32xrwyg3,4
did:plc:2yy3tjk5ct2ds7tlalue4bs5,4
did:plc:fb5wi43tmtkn5im6trucxj2w,4
did:plc:3xxoxkrzhyy7h2eyy7azfemm,4
did:plc:jvnnnxkxya3im3caddsb6a3s,4
did:plc:ktckrj7tbft4gtb7zcq5a4sy,4
did:plc:gfovrnpbkm6pf5bqpwoczdaw,4
did:plc:pgr7qx4bootr545zfwljx4dz,4
did:plc:fmr7lm6747kr6utn6fipmn6n,4
did:plc:jx5h76mqpzs5kabk34awuagx,4
did:plc:lr3aqrrptkal5cqqcqnvazub,4
did:plc:dsuseezb6r5df6yplfzcexae,4
did:plc:fg2246ditabonljqhkxuarhr,4
did:plc:t7xxddu32hgqgt5q7wb5uawi,4
did:plc:kduchpobteztgtgaze3r7le3,4
did:plc:pcoyow7x74wtg37ubvxr6y4p,4
did:plc:gbhfdgrcigvjutx23z5bozlo,4
did:plc:tdzr7n63aw6gcodi4wdwn3wz,4
did:plc:crdlpjyzqktbprlqkybud7sl,4
did:plc:lwxnvilvv6krtdwg3x5wccfp,4
did:plc:x2363fc6v6ijyigltq5ztixv,4
did:plc:wvb4iczed4vztwh6wsn5fsb2,4
did:plc:vju6hejdv6z2bdsvb3no4dni,4
did:plc:wgptm3zs7qmk77a7secmppi7,4
did:plc:dc5ogm53rwbd2unrefscqsjp,4
did:plc:rcggehgh4i5hv23aanmwrhwi,4
did:plc:ckrzdo7lvgyidayr6adznflp,4
did:plc:czqr6euaekrocfpmzkord7cj,4
did:plc:rl5s2hdqr3kyoobyx4ekqdrp,4
did:plc:m3zdhyfpg5alw3tugj4pqce3,4
did:plc:oeiw3hpgpjwi546yqyaejlbf,4
did:plc:75c5eudxofugg7xwzfpmwaov,4
did:plc:3pnsotboyfxyljxjjuyrliev,4
did:plc:funpixcztysgcgvutfyjabnl,4
did:plc:frxyhqz6icssh3374ahyid7f,4
did:plc:2fzmeezz2fh5j4kaq566rd3m,4
did:plc:wnkyqctkmc64rzv7dglwvfsd,4
did:plc:qa6pmh23bemgyqugx2zpe74p,4
did:plc:k4a3t7rvvewofpwc7seo6fs6,4
did:plc:d2kekyg6gt42ubsdap53shlf,4
did:plc:m7m7xfifbtfoc3fgj757r5sq,4
did:plc:srrlgvx6lxpidfmcsnggs5ey,4
did:plc:oyvveblf5q5qgwkw3dtswati,4
did:plc:3go3bxhifewfxngtsnml5lal,4
did:plc:ffkgesg3jsv2j7aagkzrtcvt,4
did:plc:l2bfyitbrjr77tp5xsxf4tyy,4
did:plc:ld574he75dmhghpg5byofqgq,4
did:plc:l7n5tr4uan3dtyjucyby2pj3,4
did:plc:e3hekeicqggtyjxbxlaqipnh,4
did:plc:z6k7ojdmtppmwbxjc6hkg3pr,4
did:plc:cxjouns6mf4dn3ffplg7lsls,4
did:plc:3tu4a77bfhjllc72snpzvyhb,4
did:plc:yr5z5y4dor6pyahrkjoxlcpw,4
did:plc:m4ir7xpzqvzcsx6vikqkxo7b,4
did:plc:oky5czdrnfjpqslsw2a5iclo,0
did:plc:f6hdxggxx4qfijx4sd3dnbkg,0
did:plc:a3h6mkohqeiu6xl4fnrwuk4t,0
did:plc:dry4szhzrm3uq6c4xex5kfrc,0
did:plc:mrviprpgyex3ufm6kgmervtz,1
did:plc:ewemrbht5o2iwrbqo7roo2ga,1
did:plc:ufeast2u42b4flgmusqvefi5,1
did:plc:ldsuev7y6bv42gxn7b4kk24i,1
did:plc:a3dwyyo2xvbtuu6vsbzp7sih,1
did:plc:aain426s2iz7nlfk6vd5xtrw,1
did:plc:eex23ecvvr6mh375dftpnkiv,1
did:plc:3d4zwhlmc2i74qatk3gppvzw,1
did:plc:5n3udlijctyihfhnat3yp7fs,1
did:plc:wt7jgbvc7yxrtt2qzseeib7g,1
did:plc:43amxh4iysp57ic6tiinz3hr,1
did:plc:robiqurmy5checioews7d34r,1
did:plc:w7ygrepon2g2543iq2u2tiu7,1
did:plc:sluikqz6oyyzvfhzj2cydai2,1
did:plc:puovcnxin7vgn7opwwric6wp,1
did:plc:uk4nzrbsvnbnrq2c7e2ect3h,1
did:plc:j77pvrnubniqxzvqh5w4o7qm,1
did:plc:xf24nqkgsnyoewejhtcxjygb,1
did:plc:wuxsmfsc6ybqos7fjv5vxr6q,1
did:plc:vmadboxvq3e4b6otvqp4krux,1
did:plc:txpx4wskeysrqgymnajywpqo,1
did:plc:5bhpik5fxzasci72iamn7dtr,5
did:plc:wosbhm46lwpknxaojbeeotej,1
did:plc:sqfk2fsqe7fibkujfciqa5js,1
did:plc:ikgsn6y4btugxzcyqz4wsqwq,1
did:plc:myn6mbf5umvtysp2woeg5jsx,4
did:plc:fmyaqsv62vb7azxff34poeet,1
did:plc:x6336j47sfixchau7vydzcki,1
did:plc:ghqwkkucnw7mlaaiz7c4ndjc,1
did:plc:d6ofntpc3czcp5oi2g5o4tr3,1
did:plc:ezpnkoudamvtfsz2grpxlmk4,1
did:plc:frfifm7hstu7eck67vaq6a7n,1
did:plc:z4svxibroq76q2627wnmpl37,1
did:plc:sl56r4ugchrdtwvwpaxqm4vv,1
did:plc:slaatvdk46j6eo2g67ikmy3c,1
did:plc:kknshfcmrpqpirav7n6d3jwk,1
did:plc:ufufhaxc74cfl7fpjccykkyh,1
did:plc:lhzelkunadb3yazugact3p3h,1
did:plc:um7gwtwcreeeq55hydkhwnph,1
did:plc:otp7b7m5sua7eefk7qr25yvo,1
did:plc:72hsii3pxqh7cfdgddbqmm72,1
did:plc:qqwx6ubicnmvgzktioz6ztsh,1
did:plc:6kb5by75mh235emon3yz3iqv,1
did:plc:ykgmvb4khqwq4nozvgeanzlx,1
did:plc:wocf4buzey535czmnqtpvyj4,1
did:plc:yhmdxr5lxtv6uytfldz2fyea,1
did:plc:cjkmuf2v6sbxzrxshw7vr5ee,4
did:plc:xdri64k3cunoa5ogw3tg6gqa,1
did:plc:tzjjjjo7gh7znhf45idwtl5a,1
did:plc:ugdjpmvji5dd5d34j4fhh5q3,1
did:plc:q55zr7f4tt7ohqekbrbz5wnf,1
did:plc:5pcjkyozbqh5jzhdr2recgv4,0
did:plc:6va6ratbqxbms6aedoaxv3cj,1
did:plc:urcgyckcmwat5ypg3nxur2k7,1
did:plc:637u2iyu2w2mjdngn423fqkk,1
did:plc:3c536wxoxmtj65wmhdtiqjb5,1
did:plc:4xxmtpfsoiny7okbw6ld4eko,1
did:plc:v32vqxvk4ucbtk4wh7n7zjtj,1
did:plc:rvzks4bkyls2n623lvicel4n,1
did:plc:joxwahvtso4tm2fxe2ftrepc,4
did:plc:ltkqxu3ft3dxorzvxnpqv5ku,1
did:plc:hyyfziyejp5rlp7wdfdnfaxe,1
did:plc:jv3fzuihsd6t5p7ppy5go4hj,1
did:plc:p32anyu2ukmszgy3ixvkkkj5,1
did:plc:dvybczgky4forrhxb6zxkhgx,4
did:plc:fzcg6h4qou63cvpcpigvbcx6,1
did:plc:nvacsqfikrbd44u2pyhbwxyf,4
did:plc:6b5yv7g4cfmnxrvp7tzrvozh,1
did:plc:6to7pbpfn3pvg6waqvvbvt7w,1
did:plc:qqvxpthrrxx4zsguziupmsdo,1
did:plc:f7w4tqldonxy7x5jz3not7xi,1
did:plc:ydqv6f2bjilhzukxgrzj3auf,1
did:plc:pwrqw4ij2qgsrfa2gtyz2pbd,1
did:plc:jc2w7vkuqyjzkb7bxje543t2,1
did:plc:xlfri26moo5puybapowp6er5,1
did:plc:jx3a42zpawyjvcanzd2d6jac,1
did:plc:jnung5ti4u4xzkrkkzdo6u6r,1
did:plc:roxiwsrgm3tctaxjskfci2vh,1
did:plc:bcbgozdsbb3jthzrymnh2a4e,1
did:plc:7hotqxrbarmhllwezh5kxkjg,1
did:plc:clgthoaouiclezlxbk3yyhj7,1
did:plc:7mqbjrtzoewmlyvsopqewq7m,1
did:plc:fmpc3xpvih4qgs6wikvzond4,1
did:plc:dwnk3fae7f2brgkykkq235rg,1
did:plc:vj3ylsvba33xub26yu5t7q4p,4
did:plc:sf5yptrhmyx6dvle6ss52hn5,1
did:plc:rgwsbfvy2g7lbfvbyacobqst,4
did:plc:txtmdg5djrblvaubsa4nsahc,4
did:plc:hogz5yygw2s5lmt3fk2netxh,4
did:plc:f6fi6jj7acm5rkt4y7d5call,4
did:plc:rrje5tr6xwcjoncb26tof2tz,4
did:plc:jexcnakcd5uc7hj6vl56i5py,4
did:plc:drvbfaxpbgokhsgtqhowm2tv,4
did:plc:vidnmxw4pcbiygxbbquv3rbk,4
did:plc:of3oqm4f2ou5tgpdvk7yao27,4
did:plc:pfixgk5njrkdtupp2gutgtmv,4
did:plc:w2w3vynzks4adcztp73t3kaq,4
did:plc:cgzje7ll5t4ou5zxozvu7sr4,4
did:plc:jiezf67jxskpkudy3qvjrjac,4
did:plc:nvoiy34oozk526hb7zlketw2,4
did:plc:qwq4olrefdspjkxj4obafk6c,4
did:plc:r2buknbgjcvr7arzdowezzze,1
did:plc:ltsvwye5b4tzwbq6tac4ggwn,4
did:plc:2zizfbcbamnhbxgi7ojyoyw2,4
did:plc:wek3zozm5d6vajb3zwxk3oxd,4
did:plc:ojiav4ud2zysn7bmcapxgh4o,1
did:plc:vyspvwpd2wp4rt3sg3guwefm,4
did:plc:m5uq775wyxducfgc4biw3m3x,4
did:plc:4jvsxjlxbvvrbxfpplnoj2v5,4
did:plc:5qdy2djywyj7774zoph3i6qw,4
did:plc:vjbpwor6746pkwe6uj6ioikv,7
did:plc:nrpyhmjj3b3iscoth7hzktu5,4
did:plc:cvm6m4ardajaxaw57d6uqms4,4
did:plc:vuqmodmdfw5yzcrfva23p6hr,4
did:plc:wkytvpjriqhr7q54cr4wqk7t,4
did:plc:pkjoo6uhboh6rnxbprw6capp,4
did:plc:hybealwnnybbqhwyak3prvx2,4
did:plc:rksoynyvcrgqyxa54fgzolcn,4
did:plc:ahuoidrwcxdpq55k4tpohqmn,1
did:plc:hh3ipyyld4vv54ey75ytap5l,1
did:plc:buqwhac2hd4p6qm5os3hhmae,1
did:plc:wjzbpuqajopsca5muvcmjmoj,1
did:plc:xwpv6cro3w4pniyn56fadtu4,4
did:plc:di5mb7zrfqx4yw4ouixviuv3,4
did:plc:ewc3leao65iptnuvhqzxxprh,1
did:plc:ng2zfhd6gjcv7tsne7t3dt2o,1
did:plc:ax3tq2dpdogstbcv75xgywi4,1
did:plc:dbdp34nfjiddqrbp6zivm4qc,2
did:plc:o4p3oc64clymzysrj3sd473h,1
did:plc:loosh6bvgbih2totpdrpmf6g,5
did:plc:qtrlol6ff32wcnubfgbxq6st,1
did:plc:x34uhqsqqpawwffdl3rvy6xj,1
did:plc:5wosotuallxdchkkmezuaan6,1
did:plc:pfdt7p3rjo4udj3okczsbmwt,4
did:plc:hbiglfubvgv7p7zri6tklqrc,1
did:plc:sjeatwu7ed7ugfh5rnjgdder,5
did:plc:vjov62dh6or5uczngluk4weh,1
did:plc:lbvb2ybgrqz3qhfcv773363t,1
did:plc:3zr77ihh3vjhwe6zwryngj4v,1
did:plc:idrkjd7gg7sjrfnmhhnr4t5u,1
did:plc:xszxs7xxpflmp76ce5ibf23f,1
did:plc:2lbhg2um52r7c4r7zauowcwv,5
did:plc:hlaggglxvnd4itfnpwobr74e,0
did:plc:bmimo37ro3f6te7aj433ycy2,5
did:plc:f5mkuy4gbhj267k6hf5ti66k,1
did:plc:zjzqui2ynfl7dgfndam7rtuk,4
did:plc:m4zzm6xhpsgexvdtpye5deq6,1
did:plc:t2gsound6fliffahxmm4kcpm,1
did:plc:jd5c7e7xcoxhjdk2ynsbuedz,5
did:plc:mjiwwlfkgsjcvifxbjszhsfq,1
did:plc:kxfr3txvf7rjehabdwn547p4,1
did:plc:34rl3f4ryqyfgvxyc25dzjyo,1
did:plc:xi5e3mqltv4qtvkvkfxlmfqg,1
did:plc:7usxif4swtfkx4zudknx2hhe,1
did:plc:xkahbq74jg4fl5dogycolojj,1
did:plc:bszqbguxiiy2sefntlhy7bmo,4
did:plc:7qt57jbxsqmw64aqwo6kubi6,2
did:plc:ecud6fwxt6fgexhymvbn2ish,7
did:plc:i2mq67wxgawgxv7nudc6zbrf,4
did:plc:l5dthnioegahzss2ycgzvl6b,1
did:plc:vv7ncq7yo3egwxa5fuojwrbg,1
did:plc:h5fz4lzf5jn2xopkr6n4lawc,5
did:plc:uyeoca56gfj7sp3o5id5hok5,1
did:plc:2ae7wnxgrnpssgnll7a6x7xh,2
did:plc:4ipabzmovaalgx4otzqd3nh7,1
did:plc:4yoad5ra32xecbtgy34crnpo,5
did:plc:as7hyeuubbjc7w4swh2f4l3q,6
did:plc:nrdprynmygdumzlzc54ukprl,4
did:plc:d7y5wcrgflmpdzxtpinxhiza,1
did:plc:djtanaq4vswq54boms3okidp,5
did:plc:hyclsdkrk2nkmdptj4re66gn,1
did:plc:gkoitrdckuwtx2p4jj7benmx,4
did:plc:mroh7djbh3zjw6ourrcctdnd,1
did:plc:mphqcouxlyw5f64barvjf3zf,7
did:plc:nnyqaearuxzfxq5kgtxcirl3,5
did:plc:cfobbig73i4wuziixgjx3ewz,3
did:plc:lwi47gs5rhfi5dpguo6dgqal,5
did:plc:e7kidx4nsc6goq6pmyyquflw,5
did:plc:iczg6a2i3etk5bscga6uv6od,1
did:plc:fnh5ume5ppcd434iw7hr53ml,1
did:plc:dxdyvmoazgptn2a43yiddluz,5
did:plc:qtmzv5xwo72ffmfx33wvtqux,1
did:plc:vivvsltzktinfclkbnab6myp,1
did:plc:v7rjiotmapnt5kpwhsvrlqjy,1
did:plc:qz5u4enmy4vgck7bmqogxyj5,3
did:plc:ptwvbje4pukwnexzu4wi6bfk,1
did:plc:nfbovuzaf2qbr3pkqplrmvpb,4
did:plc:6mizumtdpdqreicy6jvkzxk2,1
did:plc:vuyirdtsrsihrd634zzssusf,1
did:plc:nmi47b4ocp422xxnpwll3heo,1
did:plc:hvffn22d73uh2v2ebmitduyq,1
did:plc:nxwhmqif3yc74pbwzmv6zbmp,0
did:plc:tvb2e2pr72ibdtnzhyszr7kj,1
did:plc:4nuktthisrg7smejhyb73jbp,5
did:plc:2dwzuwilxmlzdrst2wkrghye,1
did:plc:guonxbjre52zwds7qn7kjie5,1
did:plc:g7nlk7zj2wyjzzgkuuowwbq7,1
did:plc:jh65wirf3bjhhtc43d6giaw5,1
did:plc:qgpn5tclt7j7lu33mdq2sayy,1
did:plc:rwgfg24rfvmjff3mii7wvrfl,1
did:plc:boattwwhgjsyfszlr4ftt4z6,4
did:plc:7lryvho6xpz6ud6nud7izo55,5
did:plc:i3vu6i53im7v4qaamnmk2pvl,1
did:plc:ymvhaurndnfbej3gh4o3go2g,1
did:plc:ml7kkvx3qqcbum7mt6fpzbi5,1
did:plc:iauiyv6eupq6hbcezpw6g74w,5
did:plc:oop3io2536zi2cf3xgpgwv7f,3
did:plc:c7m67lwj3q4jgmu7f2ggkywa,1
did:plc:h3jvmfjbixt3uqyotlyw2xqs,4
did:plc:jwxsicuuri3glqe72ja4cvry,5
did:plc:usektpydhnin2zu2culemzvn,5
did:plc:ct6ecfi4hifbpjd7kyux7se6,4
did:plc:wameikp6ip7fk2rxcx67peot,1
did:plc:vui66nna6agyhncmap7bko4l,5
did:plc:pjyrimotyb6qk7k3z2ttlyx3,1
did:plc:odmr2tni5b6swbppuib4edne,1
did:plc:nhv4zok7z5mslt4iuw533ztw,1
did:plc:k2kvw7jdhtmalwi3ne3tlnvb,1
did:plc:stozwgjabydojernhrpczroy,1
did:plc:eynfhwlfcpuwzyyp3qbw5slb,5
did:plc:hsuuj4l5wpufzsxodcc5cuaz,0
did:plc:wznrpi4wyqhcv5onowp3lmcs,1
did:plc:wnbin64kcoprbourdui6vxg5,1
did:plc:6fingch7umdl4ipocnabyuun,1
did:plc:2oid3d67ouysum3dqiktqjsm,1
did:plc:u5yzhtefxz2sp7bo5geyse3j,1
did:plc:meebc75altsav3pgyz4b3g5o,1
did:plc:7kqv3ebb3pifqiv23o4supxi,4
did:plc:4hcakeaznxxhheyymlm5fyor,1
did:plc:cwurgp566u2tnicq7qb43lj2,1
did:plc:og4esd5an2gqxdmfns3n7gnq,5
did:plc:oylasjelnilzglpwgdzkdf2s,5
did:plc:nsbxqdw6c45nxq3p5uojmctn,1
did:plc:3ssggktwinwsgl5rtrcmn5sv,1
did:plc:6jbvoriamvwt3hqfqfh5e7b7,4
did:plc:urblbdcz5mxqcsjs3h5oq3gx,5
did:plc:4uzbwkiydfewlj2a6ye2kwlx,5
did:plc:be2sjl64dw3atp3liuqgtaek,4
did:plc:5txwpua7n2mk77rjg6qpvfac,1
did:plc:kdtnbjjvgimm2txfy5un3gdf,5
did:plc:vsa7b5iqivujrlixdrda7jmi,4
did:plc:xl7agafkl247gsorpmcst7ab,1
did:plc:xerexm3hf6tk6cixjp6ygoec,1
did:plc:qvmf3yk2t6ufu4lo7yby3myh,1
did:plc:q6of2vuwlaazbki3vt6tktnf,1
did:plc:2cbeieoq7jwyp4byqlsvuq2z,1
did:plc:tp66l6422spdedt5h2kex3xl,5
did:plc:2vpq3gxnjewbg3edogjhxqot,5
did:plc:cknlt6tmp34rn2lx4dre4o4n,1
did:plc:wkedrjskbpp5kzkrdgyx5mwk,1
did:plc:26tpq7cnyvdvtmypdgnznofg,1
did:plc:xjnxcxe2pn5lwp6z2gxapbrl,1
did:plc:jphsaa46nfaeh75we27foufc,4
did:plc:ikhybcg5m7mvuiqfmliaq7cq,4
did:plc:pxy4cjqfugcpue5aa6eadtx5,6
did:plc:s6woaci4eoguf2lazmtofbwr,6
did:plc:vkhasho46yse4hiiizqhz2r5,4
did:plc:vqwkjpsapzwa3aha6qrfulda,4
did:plc:vd52jn56wvx4f7b35bjmmjiq,4
did:plc:zoqwzpcml2napt5sejdau57y,4
did:plc:fovomfdzdbkqnmzernz7fex3,1
did:plc:xw23nn2rdv2dtnce6xx7i3wy,4
did:plc:6ucnovtosj23kkss4ifhxdhn,4
did:plc:lij3nqjocs66oow4gulkaipu,1
did:plc:tbrthh5pfovhdv5pkdhocnub,7
did:plc:3qf2w7iguj4tvvzxzxgusw7x,4
did:plc:yrwcm6w653kfcwq4j2ndrqlm,4
did:plc:ehj3aaccotwcp6avtlit4gav,6
did:plc:vrsppvjc5fysqnm2zshiirey,2
did:plc:t2fvxyc62wmdjefel5f2rf4p,6
did:plc:5zzchid5msxecd7tmsgwm7xt,4
did:plc:sodd6o34hnrf6v4ghh2fye6s,4
did:plc:dn3wbfv6xtp7gcphz3qxy5mv,1
did:plc:ltpgfgsjq6wxa7dovsj3nn45,4
did:plc:zct7zdcmbroz4lw7cbnnfpg4,6
did:plc:dwfgeiy6sviqrd5ohbjyaljs,1
did:plc:z4rooxprlna4aiwc3rvml5cp,1
did:plc:rz7hk5ghlsa4xzgg5spgyzlk,7
did:plc:q5dy2sxcoahc6hjkx4wv2ind,4
did:plc:qurpxuq6rcprodbbr63nlqlt,1
did:plc:hvz63nxn4v7ava6jffftz4oc,4
did:plc:ibh7unj2ax6av4hj5ree7a2z,6
did:plc:ya7gfadgypyypiva5pboi6mi,0
did:plc:dupirzvlby7azzkrbke3qtmm,1
did:plc:codfx2epdduamfycuyi5fjpb,1
did:plc:ycqcrzr2dw2yblpiluzmlpnn,1
did:plc:kdbualel4hn2ff3jnb7xpekn,6
did:plc:p6abhlpqn4gauvp3gu325lrj,4
did:plc:we2zgp6m3f6lhh4uc5wpugkr,4
did:plc:jvhw6v6rt4motcndq4gh5qo7,0
did:plc:b5ly66nko7iijwy2lktt3ctq,4
did:plc:eitd6muhbijhfg6ggwzq5k5b,4
did:plc:guerg6x6poqpkedj6w2cbx7q,6
did:plc:cgg4li7ufbtawkn2ddldpnm5,0
did:plc:6hzfdhu5ruogfnpe6lpxyzwh,1
did:plc:ln2nxy65snp4j2aefjhm7q7n,4
did:plc:26psjmymmzqrlltt4ezjweqt,7
did:plc:mwb7seditl24tpngceyvp2ia,6
did:plc:2745n6ytq3cprryyrgul3kel,1
did:plc:m67rkoj5rurjmwf7664f6gks,0
did:plc:o27c4q3zq5n4fyq5hyvsowvt,6
did:plc:3mdhystbry76itfzhczprjnq,1
did:plc:fzosk3xefe3agdyqm26c4ghj,4
did:plc:bm7qznxng576g7umdwcaxpv3,4
did:plc:2nxdhwenadwefxa77kyu32bs,1
did:plc:qhweyxuj2mg45l7oegzmurb7,4
did:plc:ruotcktcnpwf2lxy7tjyljmc,7
did:plc:u7hvoi75763hckhx5dwqf4yx,4
did:plc:hs4efka3vettuipagqtndusn,4
did:plc:nha4spv3om6bp274j4a3z7gq,0
did:plc:o5567ptdons4fdf3ew57ywkl,1
did:plc:3dtx6nyclcsxwdtbtd2k26se,6
did:plc:gpixnzpa7p5m74vdm4ibiu2j,1
did:plc:upog254gevwsqkidpfrjhfca,6
did:plc:li7kcqonos4eh2m6np6s6ju3,6
did:plc:uzsispvex6jbt6i33pma22at,1
did:plc:s6a357hbowxm3appq5l6s4a4,4
did:plc:3omgpdswrobmlqbq6q6pcmft,4
did:plc:ose4dtxgssihb7gamrgu4udi,4
did:plc:fydcpuvxucuwkwytpoogrwht,1
did:plc:2mutjam77e5pvrusj3tw7wnc,1
did:plc:m4istdhvfcu42pgx4vdwtttv,1
did:plc:3s3vwhgi5riffo5qy55ooc4r,1
did:plc:wrisbaiw6nmntsf5aa5q6gzq,4
did:plc:m42czvjq6hg67y35v6zw7gd7,4
did:plc:fud744biivsyptnmhfqrrwkx,1
did:plc:6ml4nxrk45cy23jay5hc2npp,1
did:plc:xozp2x42jlscikizmdqub37m,1
did:plc:wn4udtenp73qhwzplj5w74cz,1
did:plc:tcrheqfd4rcjgmwnnd4i35xl,1
did:plc:gwk23pspkzx7ifoxvqvuab5q,1
did:plc:yu5qudyh52hs3sf6pcfjbajw,0
did:plc:73y4zoy23feszuzpmh35wqrj,1
did:plc:5mxpuobtybylnh4nk2vljruv,2
did:plc:g37w2v5dqfrmwsvfrke42ybh,1
did:plc:huc54kfiozknlko7qxnj7jgz,1
did:plc:az2lukqdbcph5zf6bzflgbzw,1
did:plc:6x75tcmm4c76z3yo42swbmp5,1
did:plc:ywtta5f7qsoeiyrgbiwz7m42,1
did:plc:nvfznp5ls3wcf6aktlfkfkp3,6
did:plc:dcrtklxkf6myfl4x77wxuoyt,1
did:plc:xhk633lgy3xg4wujpmsfbqjg,1
did:plc:tnwujnainduzltntrh5rn22f,1
did:plc:w5pvki5oibedhuin5mr4pkqs,1
did:plc:2plceuyalnx6xoi7exoutv7p,1
did:plc:pgishop7l6ump3k3l2jgtjpz,1
did:plc:3qbdrboerihasyf2igkz2uvi,1
did:plc:iuwannxglxuepxwy6wab64xx,4
did:plc:3qhbasffp4yax2nq5tks5x64,1
did:plc:bs2rit4rdmiznuc25cnln3o3,1
did:plc:tapnxolh52t57kjgvrhcrjmf,0
did:plc:z2nyz6y3vh53qzhjyhgjipln,1
did:plc:7fqzukx6dnn3ptp5t3vwoaed,1
did:plc:qgwiglrswmqzm6766lfl3lxt,1
did:plc:fowcqecweqsayessouq3m3kr,1
did:plc:tfcfinlt55bchirdqxsjbat4,1
did:plc:qd5vir46ybymvmhxh5xprheh,1
did:plc:jnkwo6hcsh5aysgarz2l7v6j,1
did:plc:kydd7ppawtffeqfvek5omiz4,0
did:plc:7dqnw3xs4ryilrhfpao6kp2s,1
did:plc:nrgrfq7v6jph3tgh2pakcohc,1
did:plc:bjhanu7gkclckwgrb4zl26cs,6
did:plc:22rkox3wbsbgd23ezk3kxoow,1
did:plc:xqlxpotwvchysh4lwo4djg7j,1
did:plc:ryk2xjttkud2n3rhxfnru4y2,1
did:plc:gvmgcdkct3vp3c6x5tu6gzlk,1
did:plc:wi2tl2flt3x7k25zoixohmzv,1
did:plc:7svmwh5hydp2wkpu22bh5t7p,0
did:plc:bz6w6vsvdcxjuji5a64r36wu,1
did:plc:zzxp45g5c5fma7yfpbzkf6au,1
did:plc:zz74xnerrqpp2xx75n6kyhnt,1
did:plc:xdc2ajmy3blsqzmob2ipqw2w,1
did:plc:g3orpprvizxsokr7fb44zvbw,1
did:plc:k5iljqtzjxcinvcpivv7id5z,1
did:plc:fkw4kwtnwjvcqfkcqixg7a5q,1
did:plc:zmzo7nfcnc2e2p6ybcelkxms,1
did:plc:mnxlqx55scilkhcpd7ogxmb7,1
did:plc:molr3664kjz43t5gwwrac6vw,1
did:plc:bybtkeyvd64w5uospprduz4i,1
did:plc:s5xlc2n2t5nshrb2g55yo3ps,1
did:plc:kcs3dfmv77izunopdrxztaia,1
did:plc:j7tdfjsbop2oq7cghfbdwvqq,0
did:plc:4hp3xvzrhaoxf465jr3ocmyl,1
did:plc:shizlj6pv5kapue67t4docfe,1
did:plc:2jtvxblroeu2twmjcfjvnq7b,1
did:plc:r56tewdetlqjcxcmktcp4m2w,1
did:plc:gxssfkjne37y2vs2mmfeh3qs,1
did:plc:tug5yaaq3ljyjvfuenrahsmr,1
did:plc:eijtg7fkchas6niyv3uo44xb,1
did:plc:bshaercmmku6gcw642dsjf7n,1
did:plc:vw2y2nxso5h6e2fx2avp3ahp,1
did:plc:vwec3ayi4mr2g53xz3z5iupl,1
did:plc:ag55iefl52vc7hz456zqqhvm,1
did:plc:e6csenw3cbnzxhbrilkhfw3l,1
did:plc:jevympjajgtd63h67qnko342,1
did:plc:koc4rhoxfxp563pd6plhg7oa,1
did:plc:x6jffvsvxromdms24wjwpatf,1
did:plc:4qai5tsnexrlttkeyi6vup3e,1
did:plc:u45hqzk7counfbwyg5edhmvi,1
did:plc:a2ypyfl7ayjichwulce3c2dl,6
did:plc:jp4wbgusrktwz5fad73ipi3o,1
did:plc:ik6dntilko5d3m4nhajdxj4w,1
did:plc:p6k7m4osdizg33d4fjoagu3p,1
did:plc:aykduobmktr55wdfxqfspht6,1
did:plc:eqjmhsbeuk3pjchycxich3jz,1
did:plc:4djqj53m7xlpc352tqx3bn52,1
did:plc:vo5bibvyjlwkivbvpv3tf6sj,1
did:plc:2gj3kgsgce5q7gosv6h4fv2g,1
did:plc:qpolhwkm2htsth6bkuhcl6zj,1
did:plc:kb4takyr2ha6yibqsw2e377h,1
did:plc:4d3itn7jlp5a5x3bavpyormu,1
did:plc:ybhshh3jan4sflns37ptlsl2,1
did:plc:scouzpxp57ceznit5dlxbqqx,1
did:plc:ll5f3hzi3cgdcgsixpqlderz,1
did:plc:kecygacrvypevksqzytt3hwn,1
did:plc:lahke4lxmcv6jlys2niapqo5,1
did:plc:su6kig4yl2e2hk2wrs54w5lk,1
did:plc:pi6p2ujo7ph2o2ztsomzazi6,1
did:plc:7cokh4eym34gmg74zgm4njbt,1
did:plc:jeexerlxwbwfrwvqosi2x5z2,1
did:plc:o2rj6iipkvxa76mazsoqojan,1
did:plc:3v323yxa7rt7eb4wpwc5pbiw,1
did:plc:lun2uz5qzwzklxzud4myihvs,1
did:plc:5wraq4cynrnbfrrtejv52bu2,1
did:plc:i4cn6hmf2bu54j6wozz2ckzb,6
did:plc:yrcpowme4f35yicyjmy3obxz,1
did:plc:w7natuwqtotqtpgzkx7neb7d,1
did:plc:ona2ju2ymmcnzv4lzrhayg6t,1
did:plc:5uv2fzg5bj2wmfqqrc34opyf,1
did:plc:cyetmxoh4gczgzy7j7puueob,1
did:plc:7z4ol3e6zdvmppyklmdsdfze,1
did:plc:wv5oyzuuatuizbqifq6xcdcg,1
did:plc:qqx7bauacsfwi7yufzfqio32,1
did:plc:zrl2kj7wvvjtx7eaekp5wb7f,1
did:plc:a2uqzgigudmylc4u55k4o6fn,1
did:plc:5aan52k7sulqdry2msheu2xn,1
did:plc:prkmkosps6uu25k5aaa3xc2m,1
did:plc:mpwajc42svvrwbxnuiym62vq,1
did:plc:hjeijo7fb6x2zqcgldsz223x,1
did:plc:dbdpkrra23ke72mgkk2rgvzi,1
did:plc:a2jbmog6fetvposhjcoe4gge,1
did:plc:feiyjn6gnopytsid5gaykpzp,1
did:plc:gfjghgbx46wcseycxkcd52qo,1
did:plc:czqlwrbmewnmvbb6qaee7mfp,1
did:plc:uxhh2z76zmbyu3ov2d4q7fw2,1
did:plc:gtn64q3p5fpsps2ay65qqbra,1
did:plc:s7uayagc3l35lw5qsqyufzzv,1
did:plc:2vbxpb3b5ussxlij3pu6seke,1
did:plc:qhcantagcpbiswf7sw5fh4cw,1
did:plc:62hppdgjhnhnvwtv2xlx5a2e,1
did:plc:dlijo2dhbmrv3ftrzacb27gk,1
did:plc:wskl5qfjrcvg7dyb3vk7ad7p,1
did:plc:a5kyzplew76jaj4dhnqsosjv,1
did:plc:ea7srdzkb4hb6mbhfckiwe3u,1
did:plc:z4pf3arqfd3f6iinitqyj4hr,1
did:plc:swtxp3rpp535u7olqcrv6npd,1
did:plc:kejzyhhb5gnjm63t6ja4xihz,1
did:plc:pw7lzadwjrlrmyr6mjnaweu2,1
did:plc:xjz7gfyhult6dbh4zuum2tif,1
did:plc:kl3loc27o7pkbq3fdo2rpla7,1
did:plc:7r5xfysukluplxs2hufswhe4,1
did:plc:dkkmie5qxtdcqf6e25ott3vi,1
did:plc:ap5khfu3qzcyuqaxcoxweei2,1
did:plc:giowtgl23ob5nbckkij4v3fu,1
did:plc:nvpaku5hgdq2hxszmcwpnwqr,1
did:plc:k2urk5rhc23dq2tutw7u2ldz,1
did:plc:umzg6jlgjtfgzsi47sgfc7py,1
did:plc:i47lv7vrcynj6227b3fsmzjv,1
did:plc:u75dzingoes47w2n57qksnbq,1
did:plc:34q4pw4sqhqo6bpqeybmqy2o,1
did:plc:gzrk3b4wgqfiid4hh2wlvgi2,1
did:plc:xhrtlzravw7teluu2dpph5xk,1
did:plc:hfp7vlb72izwwnlngx5mawpy,1
did:plc:p4ntkukljuz3xxdxp2sxxkui,1
did:plc:4bfdpsfqpuiynqvlf5zsn2o3,1
did:plc:qnf33tdgs5ac6lhvx7c5t2mn,1
did:plc:zmpgccecj3npsijsblvmi4yz,1
did:plc:ukbntaoabnmfpvnhxx7fpemj,1
did:plc:i3il3vjjmb47c7fvgrux4oug,1
did:plc:kec5p5njdxj7lpeqcsqm4tfj,1
did:plc:2sbylsj3cqwmcihdowgmff36,1
did:plc:bzmrru4zzcvr6jh2tdql44ut,0
did:plc:2hi7xalrefcip6i7mnkhusf3,1
did:plc:d2gyudoy46nwwegmrvwj4w7e,6
did:plc:u3yv3wrmsmc2vxea3s3zpk5m,1
did:plc:niza4kfse6fbnqohhq4lj2y6,1
did:plc:slvi25r7xekq4er6qgo5qkbn,1
did:plc:pb3usxus2iaboedam5nmxpfp,1
did:plc:nwszuegdifzrm2vmeujv5yee,1
did:plc:lccmef5tshieef3qhdo2jgdu,1
did:plc:efwk3ardvjvwtfeslrxxgola,1
did:plc:hav7yye6xrkekqhadfltiown,1
did:plc:2iv3f7svsfxfr5r53bgymkjk,1
did:plc:4owwstbuzg4b446wjpsyta6t,1
did:plc:awam5bfjz7jxcprnir55wkh4,1
did:plc:nhkl524n63i42g4tjvwnxyqt,1
did:plc:ho22o3jwfn4k7diklsrfnazt,3
did:plc:56xqr5p4ynoboigmxzuk3wfq,1
did:plc:ttrcfo7vlkje2e6dfd6b5ydi,1
did:plc:jhbhrz54qz27gypqv3xvyjtr,1
did:plc:rpu4vcmedjciqnw4pr27vin7,1
did:plc:wkuikirdmtwlc5gpbxbgwmbr,1
did:plc:3ak7agxba4vszgcxhki76ay7,1
did:plc:7oil4rm3bzvnuyks55iqyluf,4
did:plc:dzwsz37cyfhnb2arzj4apy6j,4
did:plc:7l5elqffctspbzswhu2e65gc,1
did:plc:obhblbmolbh4wd55fdmvfkvi,1
did:plc:tabiejtbwtcxuc2vxmk63uwj,0
did:plc:svxzjlhlabez3hcb5ke54a6u,1
did:plc:uoohvgkwaivptcw3syxeomkv,1
did:plc:vhtzglyql4c6brfe2ulkjysb,1
did:plc:ctvilwdusrp5bpqc44upy2he,1
did:plc:wczoorukhz2exjowalh6pswz,1
did:plc:xue5swnq6tayordlqnfretto,1
did:plc:n2zvchld6bj7j5opzqj4jm3l,6
did:plc:audo2mjeskpplqabwccujdwa,1
did:plc:lrkeec7pfqy5tok3t4k6pa3z,1
did:plc:xflkjrcltkiejsvj5wxiai5g,1
did:plc:lgdeldz2kgls4gssn3pzijvh,1
did:plc:t6ylzujdaa3f6mlpxn6gjqf5,1
did:plc:uctg6vt7kvjdgu65mf3crafp,1
did:plc:ddjjrnk6ynod2gwcj6ewhe3h,1
did:plc:zz62aebjxwhsbrglddxs2arm,1
did:plc:cjzc7anmnupncr7pu4zif4ml,1
did:plc:eetlxdmpe6fkpj6bng3wi37l,1
did:plc:qpvqnsofix3pckbtqe7rpd5w,1
did:plc:2zytqzub4mwqb5m7zvefdrpw,1
did:plc:t7ijjzegut7zpgsdai7yycn6,1
did:plc:kocvv24ojolnwt723eu47ld3,1
did:plc:wph2m77nb4kru2m5jhic4dt2,0
did:plc:3elf6xkuqhaq7jy7mlggooze,1
did:plc:66lbtw2porscqpmair6mir37,1
did:plc:wfuybzxgaqfpzfn242rvexzb,1
did:plc:jatct34hkvxo6cvsfcq7kamp,1
did:plc:nzkbykakdkibt7buz5wmjz77,1
did:plc:te3qrlalchuug3ljrfomvvoq,1
did:plc:225gc36ezcpkqdsirbdjilur,1
did:plc:u6smcv4fvffcyrdgiw4vghpd,1
did:plc:wwfpaqu7e6q3mmfhlty3r4nm,1
did:plc:bv7ay7dqpt7qxewi65ndmqws,1
did:plc:nzwfbep7c26usz2y7ien4bgj,1
did:plc:nnqa5no52iaycctx6wobkahj,1
did:plc:ulxrvfr2wr5icui6kc7samrv,1
did:plc:yty4vdmopr67ohvv5x2upxlw,1
did:plc:twevdlztpdco2ym2gurpukvr,1
did:plc:2pysammdu7dhilpvkdftk5zo,6
did:plc:ozqrnwgkeeasg6am24tltwsb,1
did:plc:7clijrewqgmjdlobfim4hsdo,1
did:plc:mzyhc3synzr6an3er5yqqwx7,1
did:plc:bylye3d47r73ypicozomgl2x,1
did:plc:zd2qvntwcqmtbhmk6confvlp,1
did:plc:4oleklasvefs75bnggm6k2vo,1
did:plc:xk2notnexhddclrflr2czo5x,1
did:plc:5ditnnv2oksk7uvm2utjqymh,1
did:plc:i2x6vyq2nlsy6fjd3ls3gutr,1
did:plc:55iyqendyc3sy7ek34c2z4ca,1
did:plc:rlmktcyxqokl4yw2br26wdch,1
did:plc:4z76ahytyhhhvqudiubyrsr4,1
did:plc:ykgxxfavjn4ttfwnwzgi34gx,1
did:plc:vatmhumpobhrdzvoweh3imlb,1
did:plc:iq67zvlaahnnwi77j6jnhkli,1
did:plc:h7avkrq2mvdv7g7ymk7c5dda,1
did:plc:iles7olvacgvts5hw2j7gbva,1
did:plc:riqsetczk23zzdkhhrntqf2l,1
did:plc:mhwi62l36kc3f6kt4damnc27,0
did:plc:xhwajc7nh3fmhlxqtku34jge,1
did:plc:onnf3itxzfe5guskomgjkvco,1
did:plc:kl5m2eba2hko22vnmhigtsre,1
did:plc:p7hsrjozlnkqlywy3r6l4dqo,1
did:plc:dt7zu6blaehhz6wpt4jeziuq,1
did:plc:tchetntnu6gzhpuekuoxreqs,1
did:plc:xltmrhtcknuspyzp5xa7ecox,1
did:plc:gaqg7wxceqo45wg6ic3imm6v,1
did:plc:zmz2etxblbsnm5b22a6jhi5z,1
did:plc:y24vwonl34y6vzbmsinc2rlj,1
did:plc:hhq3emw62ptpdowlwlxnxj7a,1
did:plc:2rdfoyhxm5cy5fj2fgnetenz,1
did:plc:twsumhodo34rfgtkwczxs3lx,1
did:plc:jo455mamz4o42fyj2r3z4sy2,1
did:plc:kas222unrpf3dwnugy6ceuwn,1
did:plc:2di6whvpcssjnvthdif7ehi2,1
did:plc:kx3xml7vj7ohf6qhwbqie5dh,1
did:plc:h44o4jlimvp5oirmuqnb53cv,1
did:plc:tm7erb3qc3njfgy4ffzekcna,1
did:plc:h2cyet6kicqme34556t2wcma,1
did:plc:wktxqcel72jrfnxcrtjzoo4x,1
did:plc:vggdwgddyef3zz73gvd2qkyt,1
did:plc:ktdsemgppjai756762j6zkdk,1
did:plc:cz3xfckfre5imbfeykraaogq,1
did:plc:sts26ofizw7jnof3gdjckjvz,1
did:plc:gxmkryscbzxlwdkmobdv7k6i,4
did:plc:qxervw3qtesioncenxbanjgb,1
did:plc:q35granvad2kovrryr7mdr5h,1
did:plc:sv24745exbqyulj22savgpg6,1
did:plc:npdcsosmqr3mqhcrhkwfravg,1
did:plc:qx73kirn6whjpixlozmqbihs,1
did:plc:oingt7jbwxeqf5dxdnceo4zf,1
did:plc:p7yiwgtl4usopaf4ypdpp6no,1
did:plc:njdi4dhj5tadgupqgfi2g2th,1
did:plc:wfwi26zaf6tpttfqlxwo3e2c,1
did:plc:ngdsw5njxaqxbuhazmxcrsgw,1
did:plc:da6c43qgaslw7mlr3n45uh7h,1
did:plc:hbbo5dc73hc2enjnrzrgdohw,1
did:plc:x6rul6aefvrwe4dktpltwufu,3
did:plc:q2ah5vbqwsrl63aawjamjilg,1
did:plc:4sgqqrw6dduvkzeedqkkl23l,1
did:plc:j2krhcgvou57borckh4nyokg,1
did:plc:urjmkmmywsyeaeba4gz7bnhd,1
did:plc:7ooj2dro7laplnfclem7k5pn,1
did:plc:a7f322nvo27nzu45dktxqid3,1
did:plc:ovrwoz2elfryd5x2fjlb2qkl,1
did:plc:id3pb2sfxns2z4g6ljmbmer2,1
did:plc:argkqydrfbvrdtozgjl4q7l7,1
did:plc:uz7ehgdnkeahz753rvnud63x,1
did:plc:nmd2ae3ogezvpwfo2uv2klpc,1
did:plc:mq6eqje4uglz3bcpi4qubpug,5
did:plc:zcroihrwudj4jaduccu5sxga,1
did:plc:g36v2gxc5ut44hwpd64b5yxa,1
did:plc:w3cfukrozg5i75fz5kqa2ecs,1
did:plc:jpngiay2azagynjeq3fusdhw,1
did:plc:baqswlflswdrbtsbwncn3ptu,1
did:plc:2lczlhlegpdhg4alt4rby6w5,1
did:plc:mizcwiuemxjr7u5g7oubhciq,1
did:plc:smq4uyyavua3k2v5a7flagvx,1
did:plc:tdvy634pz2vx2uo66m5t6mjm,1
did:plc:egyl7itaf5kkgringaejyrlx,1
did:plc:i5nyahwhqrincbjf7my6fuql,1
did:plc:4hs6w6mv662qtt3bo2uujnv3,1
did:plc:jalussvfhmdpxpb5hbi5zoqr,1
did:plc:yqnik5knqubbotcvucikpcy3,1
did:plc:hntdiaah54p2szzvftuyyzr2,1
did:plc:qrirqewtjknve4ym2ih3ddyf,1
did:plc:ctpim5b3x335qigxoeetm5gh,5
did:plc:dpuhovqi4tl6gdjpnqj5peay,1
did:plc:nsshjmzgnwmywtjj4b36knqa,1
did:plc:sl377exidrny73winwndigvm,1
did:plc:o2vdref5pnrnvthuqhhthwsa,1
did:plc:xy5pbdykxkoktlfwk3u3hcbx,0
did:plc:h72vw4tukioupr4uqwr2vxpo,1
did:plc:mtvnvs5x73e5jkgql4tfag7l,1
did:plc:ym4w3g5c5i7xtddghi3cozir,1
did:plc:lbhw3a3yi2b4x6uzzfhtosh3,1
did:plc:vhwfa6b6g2lf4lupccr2ex5n,1
did:plc:nurgoruvhdlafecgcry5eymz,6
did:plc:wkqncivjptmnjiysb4d65xzd,1
did:plc:mlxam2gnpftxdhonuld3cx57,1
did:plc:noyuynnb77oywrafrctwagdp,1
did:plc:exxuoika2qlqlk7oidz3pkq7,4
did:plc:6wowxlyftf5cpk7cyxooy4cl,1
did:plc:w2wvvvqdhi4dbeftuj6a7m7g,1
did:plc:uy5wvneh2zpg6z4jcp4ubhhu,1
did:plc:k27mv3stnt3474nuc5gqkdzu,1
did:plc:l4leyv5f7kyod5pqhernanlc,1
did:plc:zhvk42g3ptqvnvcjvj4b4rpu,1
did:plc:k2tq6bobaibmpq3erbmvbyux,1
did:plc:govz4l7cjypockfex6xg75jd,1
did:plc:jjmn6cuk4kmd3lrvuhribhax,1
did:plc:z5z37nzgu62v323kf7u6fpa7,1
did:plc:3iynbehjjml2pxowob5vslnj,1
did:plc:mekznnbz7ilofkvxvmpy2rke,1
did:plc:bjbqp3fdbwlpbutxce5fruuj,5
did:plc:oipzgoewaxsfhborggouvaof,0
did:plc:zedbdf6y7uvbogtwj234azr2,1
did:plc:jjrwihy6maxjqxhe2mlgrfld,1
did:plc:nlkcmosrujnn6kumpaw7r44o,1
did:plc:c2vhkwkgewmxtxczvlrkzjic,1
did:plc:rnfki3afsac7nhu7p3a4myg5,1
did:plc:psuxjjzc5cc4kp2wdgvh5qnd,2
did:plc:667zyk3tgqkw5ct5wt446z2t,1
did:plc:be7tygqgxkoefs62wlmfj7ug,1
did:plc:7fidqfi35rddbftugsqjhdal,1
did:plc:yqnrvl3pneiwkxefgovu3kby,1
did:plc:pzjozlpcqjzevcqbfv2gwouk,1
did:plc:g5lffqdg7z2upn6ovtudexa7,1
did:plc:352rvgluli2yuroblpob6xot,1
did:plc:2oxuxmsrvtmk7bpmc7qhmv3e,1
did:plc:lm3bt7zfoolh6ylfzbgr7pek,1
did:plc:6m5il5qls7gmybypozsoby2t,1
did:plc:nymxixfnagn2cxfxjajpfskp,1
did:plc:sbdge3lftdiekg6hycd4ibm4,1
did:plc:zip5bpxr6wqwzcxrd7uyuhwu,2
did:plc:dmqou2fdadf372xdixlnleyo,1
did:plc:bx4c6n3gvqymdlo5wwzwu5r7,1
did:plc:zqmge5vdvci6zqi46zy55oa4,1
did:plc:axrsl5iibati4tbqn4kps666,1
did:plc:3fu3jptgxar3c4vberpwbbhs,1
did:plc:46viq7iv5ducp5e5jvsbh6mx,1
did:plc:le3ybky74ecg6nvi2l7ly4ve,1
did:plc:npl6km4jrm3qpbsxnpzx3st2,1
did:plc:issv46je4ya5d5o3mwyd4hra,1
did:plc:swpmapeesticr3z7joiyyay5,1
did:plc:4pnkf5a47ow6sjtpe4yt4po4,1
did:plc:pzxpdko4q46ujnk3xcixyfx4,1
did:plc:hzco44qw4cl65fweszflviaq,1
did:plc:uystizoksi5ajftcxagtzbho,1
did:plc:7hbmrwfymsqeys4ss5bayiaz,1
did:plc:66hsgap3im5v36pquoilpfxn,1
did:plc:ikeq2spy7a23ix3np4b52p2r,1
did:plc:tj6vnwqeq47uboozngsksdve,1
did:plc:hozvsd2lnubesj2kjyvvr7uj,1
did:plc:3kar7aynl4s3wjjo6ibediu3,1
did:plc:x7kv7vihvirdyyq5heigd2vk,1
did:plc:uurwwshodcttelax673c3v4n,4
did:plc:zjhtsmls5ss6n3efo76nmrcw,1
did:plc:dyriu6qd2gmic4ddcbrytwdt,1
did:plc:ex2li26gnaqx6whqo7aml4ce,1
did:plc:2bs2tlgl6fbtchrz7dnnfmmd,1
did:plc:fxfn3bkaqri3n6uzq3tl6mqm,1
did:plc:pg5k3a5muosdvbzlbczbffek,1
did:plc:cluhq44jws33kybfs4hbgquw,1
did:plc:ebdqryrjwg33xx2fnjvpscqi,1
did:plc:27goqerm5jhhyvfjtgwsybit,1
did:plc:gq6ymudv4jha4d4ar6j6u62l,1
did:plc:32oc24bltywgmkiic2mezwru,1
did:plc:hljohui642dqlnf27tkkp2wa,1
did:plc:usqb4qansbo4huisaah3zmbe,1
did:plc:vg2d7aulhweyrnpcwuidmdp7,1
did:plc:vvw3vhip4kpw2r4lhsk5uoue,1
did:plc:crbdx27ftdwb6wrou24faxdj,1
did:plc:7fznccumxubbce2ooo7dibvy,6
did:plc:5ufmdfne7az2iks6oipqetzj,1
did:plc:vk7rduhvom3rq6dyluce5wzf,0
did:plc:bc2zrykdnhwhswrt75ndwrna,1
did:plc:zgsdlivug47lutnwpwvhlst6,1
did:plc:hia2s4dozzbnnbightpl4zgq,1
did:plc:vkvzzc3bbvvoafzpwfro5pzy,1
did:plc:t7vcpcnrz3prugrsydkadnaj,1
did:plc:wwgiuuvqo32wtggfnulgcyxg,1
did:plc:5hjj25gzhehs7hkls373rlfw,6
did:plc:a2la55zzvjjnw77jaieikkfk,1
did:plc:n2q2xrm5dix4zcxg6cktitsi,1
did:plc:2fvwgs7ehybe4zvfy57eqqqt,1
did:plc:jcfqfvo4na6z2s4g4kuhbqia,1
did:plc:zg5q5codkmmneoan46jjdkbc,1
did:plc:obc6hdlu65kci2ilgineqqro,1
did:plc:3nqdafns5xsiw4lczcsm76ms,1
did:plc:b3wojm6ym4qsogp3cmbek5gz,1
did:plc:gtgjm444tdhkge42sjfosgsp,1
did:plc:6hitpq72vxj2zdmoidncumji,5
did:plc:vivktoiuvrikmddg4syssx2h,7
did:plc:7p3zts5wy4hxxlfwfdb2jbsm,5
did:plc:nx2hxdrsv3mivqwwvkq7xlqx,0
did:plc:wh6w2f2s53tgyaqws22bobam,0
did:plc:mf43452ystkszgpzp2mbx7dm,0
did:plc:jxfqu53b6jtrqqntce6pseqh,0
did:plc:twqucin7jqhlteuk37lqltr7,5
did:plc:ailcznd2ut65bpifgi5dfuzs,0
did:plc:xjtikovwqlv3u67rhqw5tgka,7
did:plc:ats4shmeia7i7ildqm3denmd,0
did:plc:cyyd366g3hrxp5rynixm2mm3,0
did:plc:nlt5tycuxrawwvor6l5kzm7p,7
did:plc:opvy54zmrtbjhqa7xdkiscob,7
did:plc:bju53id5n5gzxhlhclxgibhd,5
did:plc:lday6wg2tb56ilyxipuxhdun,4
did:plc:egk5qpu56comvwkwxn3xmrry,7
did:plc:naauaxxa7vklxw54i5532ysp,7
did:plc:fnlnkjkaepdaxomf7u5jiaxm,7
did:plc:7x2n6jfquake2u6y5a4c66fh,5
did:plc:htbvzutsdt7p44v3ciprj3i5,5
did:plc:hrkdu4d4xpt445eylzp3l6hf,0
did:plc:ofzkhjyyh4kl4a35wxgmobmm,0
did:plc:oxh2lmowuusxjqn4f4usyjk5,2
did:plc:27fhpaiehqecyrkoaulrlbag,7
did:plc:hakzua5btcgcfjye2yujlhos,0
did:plc:dbe74ifb7usz7x73ee7lapia,0
did:plc:6druhi7f7xq6ggam4hrcsmyx,7
did:plc:o5wlr3gi4tz23ake7ef23ejs,0
did:plc:b7puw7y7a6cs7ji74bvxg7sw,5
did:plc:2whlowi5jjjqrdrrj4lxh2lx,0
did:plc:wld6fad6xsm4tz4kfkoikun2,0
did:plc:wpsspp55o7w6muawlnmknobc,0
did:plc:adochwi2zeptagulon3hlqja,5
did:plc:7rdnyze3k6mvztyaditzwpxd,5
did:plc:3wawjzhuuhb6cfks645m3t25,0
did:plc:qc6xzgctorfsm35w6i3vdebx,0
did:plc:2xzjzuyrgz6dmjy2xdhlawgl,0
did:plc:wbemzs7wfe6u4amyg72swouq,2
did:plc:j5hrotody26iqi24hcusufxu,0
did:plc:xbhy2z2mcdo7y6nxy7s7foam,0
did:plc:5rxcpjus3ple6jpbuafvm4og,0
did:plc:qeikalll7c7wyj4t7pobxon5,5
did:plc:ksnetueqj5bqtijl6rmkdh7u,7
did:plc:lqv5vel5qvk5bzapqfjzqail,5
did:plc:jfcqqjyi7pcy7pnkutofwurn,2
did:plc:rpv7umqk6puyqwawnuf3kvxo,5
did:plc:atalrgxi7nstbkgcfzmg4o5x,1
did:plc:p35ttvkg25o56ovcnxhxfkiy,5
did:plc:exrxvyu6bpoym6mbnctke5tn,0
did:plc:lnwvp7i46g4m4pexfe7muqtr,5
did:plc:wbtjiqd5pshd5tsvwjv6xmr3,0
did:plc:vt7wefsz42b4ohuh4j724rb2,0
did:plc:hqp33n2fqericzhtg6zprsog,0
did:plc:dcfnmtysn3tinf74zpt4nowd,5
did:plc:swgxwbir4rrimj57pf75jckf,0
did:plc:y6vljnnpkl2lsteuzovhd67c,0
did:plc:c4xaehhi32ffwm6rhbf5yb7d,3
did:plc:pjajhvcvltdjdv7ixfev5tg7,5
did:plc:cqg5zp2gd4fd4fxzokb4odlz,0
did:plc:jky6uuetr73nlbaml6ytlzbi,0
did:plc:fjiupdolgwv45olxgrqgfhjk,0
did:plc:i47fswtdfuak22nsohrjyx7f,6
did:plc:c4y4imyw4uzywnivihg6xzaa,0
did:plc:hhmvnjea5lidub4cijkm2lmh,0
did:plc:76a7w6lhtsbsvbrtdhdi22aa,0
did:plc:xxbxjfqm4ykn64njmhl5hbtl,0
did:plc:f7ayyw5w2ojwfarzb4frqifs,5
did:plc:b2wgs5hgttujoo66hrvpqzeu,0
did:plc:izpg3xytmh6jp227e4iwfewc,0
did:plc:cuy4wd4yi7eqasoqf5mz2phh,0
did:plc:37perdj2mub7q3wbyn7yylik,0
did:plc:6izpts2gtyshlhngmkvcpob6,0
did:plc:jodcjhgy66eof7pjxieqa2r3,0
did:plc:64kzggjh33u6r45xluonr5ij,0
did:plc:prccg2jugw5u72byngmpcqnl,0
did:plc:4jebyoaqjojrpm4fzb4j6jlo,0
did:plc:odogkj44mee3k3763ezywlkw,0
did:plc:2m6tkysz7fjmfpc3vdqmhwu4,0
did:plc:u4mkozlkynxgdnsxaric2ieq,0
did:plc:jig74psdmvje5migyvqbf6kh,0
did:plc:tkbktr4clcuzs3ltzvsfw3ta,0
did:plc:vsnibx23sz6ycwudibjjuj6y,0
did:plc:slasrs7ejnaymk74x5j7gnld,0
did:plc:dqw7nyp4itm37yffxcb66l2i,0
did:plc:crzdbpbujjxwhuyjwul5y33r,0
did:plc:ytljri5mocljfgccfiyyy2f7,0
did:plc:eewrv6igoxnyqfo3ftj6tjc7,0
did:plc:h6hogxad5vn3cwtg5gtxt7ks,0
did:plc:ffhlsjmkzciayhddit4odxji,0
did:plc:s6gqliouvpwk3dusdmtucduc,1
did:plc:2mhcf74vqcaa4hz36njfdtn5,0
did:plc:z3dxlect4uulyzthi4slqwmj,0
did:plc:oaglc6wy76eeyljcp6qncugd,0
did:plc:7kblsthfxoyrtxtx3gajmbz6,0
did:plc:bqtpgsoi2tvemvfq6jd7bwye,0
did:plc:riiic6m25ljidk3ohrvegbjy,0
did:plc:xvhz54deztr4isrpqwexx5w7,0
did:plc:gdwzqdj64zlmndbzsucmowdw,0
did:plc:2eslufxg35ki72w7v233c5yw,0
did:plc:444u3bebrvvf6blip35ezn77,0
did:plc:rhy4ywviwhsclsiwqqalge6q,0
did:plc:ksxueivva4trq5mjc266n6tt,0
did:plc:bp7gpg52wwxhhgrwoqcni3l5,0
did:plc:e7jazkrtrkoixtz24w2umkuu,0
did:plc:7ccibg4jsqdvdx6dkli6opxi,0
did:plc:d7dwelszpb3ceocgkaeuevyr,0
did:plc:cl6ync3gcqnoj7okaatfiwel,0
did:plc:xciroqs5w2kazs6fc6ypcbh7,0
did:plc:5jskd23hpbyfv4hrjrwpjh6j,0
did:plc:zbxq6fbw575t4nakfot3epen,0
did:plc:5vzgjins5recitzoov4rby3y,0
did:plc:meeqsjtk2rb5ygzm3qygcvr3,0
did:plc:d6aog3ac2hchlikwmii564p2,0
did:plc:vaznsq6z7zughxjapim2nazy,0
did:plc:rc5yae3p2hkymdlj7eptq7yd,0
did:plc:zmmjzwjmlwaiayezbda5fboj,0
did:plc:dus2ftflcqjg6joeuw46sz5g,0
did:plc:o4pdps2jkn7uhrdgadni7djk,0
did:plc:4zaj6pdp5kk6vwvfut645qb7,5
did:plc:u7s22ueyjj7eyxgk24h7wt7e,5
did:plc:3axrn7glhk3acibocjho4kxp,5
did:plc:ajq6wksyqjlsxddtdppjhfag,5
did:plc:nm6alsbjlqoqjne2nk6bvkdy,0
did:plc:xtrzqicesfwterpbweugpl4u,5
did:plc:vq5s7pmjzrx4wqbuebz35x33,0
did:plc:vcepp6trx4vpe5ourxso4tjl,0
did:plc:clxs5bimkdx2zvxzrbs6v3pw,0
did:plc:tklhk4oq64crgmejji5fbva7,5
did:plc:voly5c7kqgq6lezsil5rjykq,0
did:plc:xl5s7wk76l4fir7nh2h66bzy,5
did:plc:uej7fn7o7qlj7mll43nzym5q,0
did:plc:d4dckd7akedl3zdvdio2vixn,5
did:plc:lxwcqkouiluvkmhunorknz4k,5
did:plc:dq77elh4nsn7kcgonjxasoul,5
did:plc:zxp4k5rtlijsp4labsi6dy3g,5
did:plc:5azp7p5ulcilc5jxzntbqwox,5
did:plc:qaqh5r6sxs62ykbzki4tcyad,6
did:plc:sxttwe73ypafan3n7es6yxuk,5
did:plc:lr36xv2l64jwtnyoaqem6z2z,0
did:plc:pxcgjfqtf2pubcgdwjvdjvpv,4
did:plc:iemq2lzrrf3c6zzidbtfe2jt,2
did:plc:z3nm4ztdouizernyp4nutwtg,5
did:plc:gugr5p7eshw2bfepcak7iip5,5
did:plc:sb54dpdfefflykmf5bcfvr7t,0
did:plc:4ca5dmcguk3q2fmbp5lcx65z,0
did:plc:5pcze5x6iynl4mukjblaihuz,6
did:plc:7uf7wpvqaghuj7rh4iwdauod,0
did:plc:sfvkd7mmhdpilq6zwiomisqe,0
did:plc:wnggxdh2rh6qwvlx74tadcko,0
did:plc:54z6uixjexd2nrmemne73ixm,6
did:plc:fvremkhnu2vohrx2au7rhdev,5
did:plc:zsb7fjgd2ail4ftpyki4k64e,5
did:plc:gku2tqmd6x2gcxs6iyqrzlnz,2
did:plc:7d33vjrei7fz3tlxbrgdnt37,3
did:plc:63zjpqfhowjsbfl26dipg3e2,0
did:plc:a4pqq234yw7fqbddawjo7y35,0
did:plc:iq6aw4tscf5n5oplggiyjfyl,0
did:plc:blxilps4iwbxicionf2rztej,7
did:plc:udyxktleyqnyss6mfto7r2a5,5
did:plc:z3how2gfc2xpwkwhyaymb3m6,5
did:plc:x4qyokjtdzgl7gmqhsw4ajqj,0
did:plc:skpxj6dpacrxznfvwrpfdiw4,5
did:plc:343pmu4yfjdc3dbq6ek46n4w,5
did:plc:jwiu7iyac6pi3vzktwjxtkv2,0
did:plc:gufsvbnb3ygasp7jefrcehpu,0
did:plc:xeky7nug4iytznmji3f5incy,5
did:plc:p7gxyfr5vii5ntpwo7f6dhe2,0
did:plc:5tjwaxruprekrnjoakobeq5y,7
did:plc:s3gywndenodsztgvzv6irk4w,0
did:plc:knlwbyvg36keh64h6awokbqx,7
did:plc:xwy4skkxd6ajzzumhpx6zokq,3
did:plc:hazria34hae47wmiql7lyhsr,3
did:plc:ailhxtnm3gw7qej7r3sodebh,3
did:plc:jcpywimbzma4ngwoiqksv3zt,3
did:plc:lbrtyqph7gvgkypbyc3bcdce,0
did:plc:edbm7txm5fpoqqhkastxq4mc,3
did:plc:ixlu42xoo6esyneazupvotdv,0
did:plc:rzug5jxal4snlewudks3efsf,0
did:plc:juwrov4zkhedajvdefsmb6fv,7
did:plc:uhkknp4egdtw2pfoh7v4ul2k,3
did:plc:wxltswieyrckeq2duy6jylev,5
did:plc:sbsmv5xsa5zfqjqnfmz2t3gt,5
did:plc:qrc653ktrhpbkm3t2r3dvnvr,2
did:plc:gzsyq5bin6x2ck4msrlsute4,5
did:plc:7fwzucrzygtrp3fj2n4m6kag,2
did:plc:grkmjjofnb6dmvf6oz2vo4zi,5
did:plc:ujaex47mhdhrxgv247bgoapr,5
did:plc:bjpwv4ptnyl5uo2uyt6mfmoq,5
did:plc:b42o25tfweyzwoutcoesr7ud,5
did:plc:eyvb3r26emxua5necjqsyff4,5
did:plc:lnwdr75bum2u46g5zyumrcix,1
did:plc:3wra3cxkfreuh66qyamwqerl,5
did:plc:vv7fycccrsridafot4ea3gk7,5
did:plc:qo4b5xtfmm66yd4dpsrrc74r,5
did:plc:g2b5ztiqcnoqeim7hzbvboyg,5
did:plc:ov3xh4pwmx2did2f3e66h6hv,5
did:plc:tdzhqf2fdrhxlyvskqkhz7cr,5
did:plc:mgr5gen4m2ze4n7typdqfqjx,5
did:plc:smlp72dnk4p5axfb27ngmpsz,5
did:plc:yp4di6nukkcxfpcivbvb55un,5
did:plc:7otnk6t53blohwrvmtgndzvj,5
did:plc:4xb2h7na3qzshqu2yxtiylwj,5
did:plc:is7ixjncehsouy4q3lp73t32,5
did:plc:gpfewsj5bclvbjsxkpwzkuii,5
did:plc:dmkc3gidgqdqoadidlwkh2hh,5
did:plc:kgjdkmato75p7zzjxz5qsp7n,5
did:plc:nuqrjelqx4a2ewqzvwekhuro,5
did:plc:7a4j47j42ezdr3au7pxdlzjt,0
did:plc:zq2dj4isij7fkgxdaq4objoj,5
did:plc:32hbjy33bihy33kxvehydbxn,5
did:plc:br3xfixls5cxd5z4arm3tzlv,6
did:plc:xvegyg5cx4b7xj35uwrw27ul,5
did:plc:pbaaelwaezgvqyvg3er45cfu,5
did:plc:7ec2atgfwvrto3xgqwijjgfq,5
did:plc:ebvhgv2gyggf4ovtkzcbu5lh,5
did:plc:gymwo3tbfheirb2gchs6beyr,5
did:plc:i4dmlrnysjnmldadeu2xjtht,5
did:plc:xqorxvimlbu22ps6p2nkfu4z,5
did:plc:ziq7ewbdhuiyljuudnykupwc,5
did:plc:3gangmog324iiuzo2qtzvwh7,5
did:plc:6b3xhkpfopwrhzokn6qzdlhx,5
did:plc:ye4kg6bk4ejxxfpks7aeko73,5
did:plc:s23bifpekspdvuwebkdldyih,5
did:plc:sj322sjuglgjzbblfzue5mbf,5
did:plc:otkujlgbucfhvhrrshqec56j,5
did:plc:ciyslepal6ukgso2jy34o6tv,5
did:plc:zgnpxlhq727cwtrje5j7xiwy,5
did:plc:t3st5i5qcu7dyw6dugqenrq7,5
did:plc:hganudmd7iztt6dpr7gedtz6,5
did:plc:d6bgsz245lav4b6lqi6575nb,5
did:plc:52ecd2d4or75ecwgcuw3cg3u,6
did:plc:kba5ra5zizxsey2nq4pwnove,0
did:plc:rsanren2pvtaxpphprqehalo,0
did:plc:oz4xoad6nuffdxxwhntcwuhg,0
did:plc:j53tav4pdcpfxyx2gcfr5fhb,0
did:plc:4u3hwe3p7oy3hoy3amlw7rp2,0
did:plc:cnpe7qvcyjrhm6w7w7e4atur,0
did:plc:qvzn322kmcvd7xtnips5xaun,0
did:plc:gru2okv6t7ffpsx5acegekxl,0
did:plc:rjr6nfdzrfngjgc34jjyty6a,0
did:plc:ybkylffhwhn2an2ic2lxh76k,0
did:plc:pum3nk6m6xqwqw5e7v5wcbgu,0
did:plc:aofs5k5i6oputmljhhdjiqyb,0
did:plc:2ylgbet7hkz6ntdh6eljnsri,0
did:plc:fvzkql2aqtbk7qmqjkoo2lv2,0
did:plc:7equuv6hwz7i2m3c2dtuetyn,0
did:plc:cu5awgjuatuagbu625ib2onr,0
did:plc:7ikl5b575otp6uxqsddmvuzh,0
did:plc:w4xbfzo7kqfes5zb7r6qv3rw,0
did:plc:misyogthncmyejlvlflkvjbh,4
did:plc:bii2o576sszvunaymlwnjfmu,7
did:plc:wojva3mvygznfwpmkdyujvul,5
did:plc:tbqqvyv6pjjww44glrmycaxl,4
did:plc:zltm2stsz75j26uudkrlhic7,6
did:plc:2qwpeisxhznwdjfylihurdp4,0
did:plc:nvfposmpmhegtyvhbs75s3pw,0
did:plc:iegfpv4ewkby2fk6u5iea34c,5
did:plc:muslnzxqartd66kckkqem6qs,0
did:plc:ck7tlwhcwtuzuaihedldnzyc,6
did:plc:sp5paqzfmzlsxazgv7hrukda,0
did:plc:j76trmiofvaxxpvx2vnb2vwf,0
did:plc:kjixfa7wudorsmbyyfios3kp,0
did:plc:k3i3d2xfibssxz2lbm45x54o,0
did:plc:62gdkmpwa7xme36getyqnem3,6
did:plc:vkbgiwdmrsl5uldobqrwbdvc,4
did:plc:dbsemphlfror4bbpa22d2rkz,5
did:plc:5zqjavyvxgpqup52vic4whgn,5
did:plc:y6iikj3lebwl7k5cyi2fbahv,2
did:plc:t5cnob2tk7tnohzwjk6z25gt,5
did:plc:t6t7lfgcufrfjrdjhykwgfac,5
did:plc:rw2kfkoa7dvxmip5rm4nay7x,5
did:plc:blpxxtqvnvfvyp7fo5kibzrw,2
did:plc:bi5zdhvcsfz2brsijhbsqja3,5
did:plc:myqic77tkmdhmaufgkvj43hr,3
did:plc:h5zkfkc35wkb53udnemrica5,0
did:plc:kiozjehz4wovetl76xlzbex5,5
did:plc:yqxcc5ayxllwkvel4narbha4,5
did:plc:fpwat6yypl7sjbke3orwth7f,5
did:plc:oxazyhdtmbznewauckefhsfk,5
did:plc:ewwkw36nalhk6yrtxver3344,5
did:plc:yo2lddpn2d4l7pdyx5ehz3ol,5
did:plc:e255d33k7c3fyw2enrlofubl,5
did:plc:opitzjj6oapo6y3cr5ipwfdu,5
did:plc:pjpbkfa23a6tynlj4rh44kq4,5
did:plc:fgtmou2ajowvg3syriw6tumg,5
did:plc:hktxx3rojctxvdzmqwzxwqzf,5
did:plc:qouetwjt6fsjalfnqmhbtril,2
did:plc:xkszhatwwfcdt56pegfcymri,5
did:plc:uwslnsykhw2lyqmnihyahrs6,5
did:plc:rcxyibhzcrkyqwjow4yddom6,5
did:plc:sl7exz3ktkvofxrtof6rnlmm,5
did:plc:4osnqqi3kqjxr6h4esw5y7d6,5
did:plc:fmu3ktvnncpojkq6aby6qibc,5
did:plc:36wictwxbdhfnpu44gq5gvit,5
did:plc:tpgdasds3m6me5foxk6cfdjh,5
did:plc:xnjfug36cdp6m3cm5iaw2ilw,5
did:plc:wws7n3k7ppjht33mz3scd4j5,5
did:plc:xqrqlxsfingcrocs7dut7rav,5
did:plc:727oeq2js3j7ukz3tndao4sd,5
did:plc:5mjhwuqbget3yv2d2jwszivk,5
did:plc:cmw3qmzd3kmaw74swgxrsnfq,2
did:plc:tp7g7pgs5cagtgang76taigv,5
did:plc:nvvxi65ndapr3zt77sttc3qo,5
did:plc:2pcmbo6mmovj77owu3kxztlv,5
did:plc:gws7x62i3z4snqsodqamge3p,2
did:plc:5yvr45vdcummnvgkvqxu42d6,5
did:plc:54fjmafa5s454yegnnrpbtyp,2
did:plc:fe2limpdybyp4bz22mf32fss,5
did:plc:3wdc7dmw4l7uxgwfwixm7lc5,2
did:plc:m4d6u5orqxgoxhbyeptrvn44,5
did:plc:iglm67xryns4ylgtccqheme7,5
did:plc:kdnjezhcxjhfzxuhmok5glyi,5
did:plc:bcen47iol6hccqoufvtk7wt6,5
did:plc:a4mdbabyn4u3yxzh5o7hzlxl,5
did:plc:mbsjk3jedjr2j2mdjqkrqmhb,2
did:plc:yyj54hvlbytm7w7trbxop7e5,5
did:plc:kwvtgth2vwakfigoksfhzfsl,5
did:plc:bzgs4rccfu2yu5o7zpx2atmv,0
did:plc:pt23sp6i4oj376fljeqqzzlt,5
did:plc:a7z4uj3nrhaacjrkwsziv4u4,5
did:plc:2uwrynll2xcbgrsx6gnb3bay,4
did:plc:xtt4gzwdlfwpgw62fcfnniud,5
did:plc:qlf5nguqhqys4x6bmjo552hr,0
did:plc:5hrsk35uitlgq5ploudl2kis,5
did:plc:l44orh32h5udwz4hg4zj2u4h,5
did:plc:itcey3paep7w45nxrkp54hlu,5
did:plc:bsy2y3rh3xqcse36vixxunub,5
did:plc:k3hh67cjwjd43o3abwbggzk3,4
did:plc:jls2rfm4m6rnmk36yrsnn3mh,4
did:plc:3jm5ytggtw5r6aopqp2gxzjh,4
did:plc:5qlcnitxmznsf53oqh4e6pdg,4
did:plc:uvf5lipw24vvdkn3hdrl2bau,4
did:plc:wx4tdxymvtzg3vxoj77gb2up,2
did:plc:gbvzrxgkzijkgckwvaeng2e5,2
did:plc:hkd2vm267wimnpuu3wratda4,4
did:plc:spyez73n3bqg3sjdzwpo3vei,1
did:plc:7rsyeimr47dlt6rztgrir4jc,1
did:plc:ybnqifhf3caj3atv43fr2vbz,1
did:plc:wjyz7akjunw53ic2neatv27x,1
did:plc:yc7qtx2guh22ieh3fmwe3yhj,2
did:plc:3y5a2mml3jjignwm7tikoqre,2
did:plc:am6moyvoqczhxtpntlesbhgm,2
did:plc:kdmhmqfo5evrg3c2hwj4szhi,2
did:plc:mq7vyrls5f7ilj5iruizuam4,2
did:plc:zknmj3m5ohsc4sw5fgh2rpqq,4
did:plc:vxpbqky6dsgs2vnedakzfusk,4
did:plc:iwhwhmcrfrlmpme5ybe6tdoh,4
did:plc:t4a4uokykzekixvvodvosrao,1
did:plc:h5oaklvdt66bu6wb5syxxvyv,4
did:plc:dkrcv274o4x4vebqpnttxa3x,3
did:plc:cvhduyk4ukre2drmboh2z3mi,2
did:plc:y3v4l27oii2ecfrit6h6s6oy,4
did:plc:jyctnrcv5dznuu67bkjjlf3t,2
did:plc:quna2f4yibcqbobigh3cdodu,2
did:plc:ethspb7egnhwaueb6cok52ao,4
did:plc:hlnzfzmzr6iqqhcfpglo73jd,1
did:plc:fo53ocjdxlastd7cmg7rjkfi,1
did:plc:tzk2m4t5iid4v4nojrsrbxc4,1
did:plc:4j7mzb3jrppdlhoxpkpqmxyu,1
did:plc:emocau4qlrv3u7ch57pmvs3i,1
did:plc:kwx7ouhxdojhpbaoxs2oeuew,1
did:plc:ib5s5fcoarldiycopaxfyb4t,1
did:plc:igku2caksrtafwtldg3de3e6,1
did:plc:4ewcluiaov7gjp2647x77ozl,1
did:plc:3bxfzcbktwkciofzuqsvt2tj,1
did:plc:ppsghcl5bbpgjcljnhra353s,4
did:plc:jpyifzx6cno43ykqnhsiwv5v,4
did:plc:kmwghsljtuulkmf5ycgbqw2n,4
did:plc:pixg4ym2m5niw5huglzfj4yg,4
did:plc:iayu4dgkp4ly3sjpkwpzwgt4,4
did:plc:jb2f2agkyzhvzoj6ox5zgabh,4
did:plc:q3mnfknb5dn5zkucieitsaim,4
did:plc:gzozs2g2etnvprbwjby4ujhu,4
did:plc:lpkenhqzftz7p22l6hepejc5,4
did:plc:2tdgzwjdfgomblcjywnis6ab,4
did:plc:z6bo5syy4r6vxxhjrbzidgye,4
did:plc:ksb5atwqm5aqyq3zfqlvtxyb,4
did:plc:st5g3f6sh7eelbjhqoqq4uxz,4
did:plc:3mkycvuszblbsbzdtm22y24f,4
did:plc:mhjqpvjvyzpj4pso7ux2tekh,6
did:plc:o6zfoxhng3b4vqqwn2digdgv,4
did:plc:37pcjmimq6jng6hwbkufdmt3,6
did:plc:ekrzvlscvwtpqmcy2bkj5p62,1
did:plc:u4usv72et3hzaeejegzcppxi,1
did:plc:lzv6fvlgujwevub44fjgrr23,4
did:plc:uvy5raxwo6ykfuonisohi34a,4
did:plc:t6xzstg24ypm5kz3ayyfnokf,4
did:plc:zxbcb3gyb5m4nmevsp7z7ewa,6
did:plc:eq62frmenhka3iovog5mamii,4
did:plc:ngg3vczcy26abgstpbvu2ng7,4
did:plc:5h5w6ufubyaxiy2rfruqhz6w,4
did:plc:hgjnhfomcf7ovh6w6q22bryc,4
did:plc:j4p4th2hxrvom4l7xrh3kk4l,4
did:plc:eshilxwsyexew4z6trumz3ni,4
did:plc:g6jvsj4ifjxdj4ymtkjxwews,4
did:plc:ehf22wvsmxsiezpfbdtbjbpj,4
did:plc:4k2ckg7l2pnqwhszaxiw23cn,1
did:plc:6c2cdiy3ehsz4rfy2bhgmtnh,4
did:plc:x5xlywcvgwsrjeaqw4475cd4,4
did:plc:dnvl7ibc37oxlscxbi7uq43e,1
did:plc:s7vixkynl6miqglyhvo4tzil,4
did:plc:5vbwfvouhtxpm7wnhejahdvj,4
did:plc:ezb6cvrcj2qirk5xpte5knuy,4
did:plc:7denvtvjkyi5bfl6xvki7jwj,1
did:plc:wl54ztawf3p4bssxhipnvhtj,4
did:plc:tc3qka32dfzzuweieifyh34f,1
did:plc:shdxx6yolpgiwbxxgyiycbez,1
did:plc:44gsty3pnbxc7pjc4mg3cvk7,1
did:plc:gzl4xde77qoua5qplrjicjgc,4
did:plc:v2glx64bcc647anhh3vfp4nl,4
did:plc:6wezhklx4cltjwcx5lxdansd,4
did:plc:oonjxlutch4nv2jqdqtbgyzv,4
did:plc:gyqomehbaofgdgoihtawtg6a,0
did:plc:2rbc64mp5kxio3jkhsnccj5q,1
did:plc:6bnrwrprlauhnytfczsjleuj,4
did:plc:jggts57ydp66iwg2pbddu4n5,4
did:plc:zjya4hqorr7zc7euet5fmd54,2
did:plc:4s434nybepdan6ji2i5ygxtd,4
did:plc:lbxf2gtxlbmjvgqwzqyxwi6i,4
did:plc:rqme462n3tmcut5f2dy5sluv,7
did:plc:mabcheinvwdurg332ccudsik,4
did:plc:a5os5cwusn2prc5wd6ujgopr,4
did:plc:fprnbyjt4waaprneaof34chg,4
did:plc:i67szlpf7s6ocmwgyqichjaw,4
did:plc:bfjd3w5spov5vg5g75b5nibr,4
did:plc:l45dehhdmudph7jhr6qmuumk,1
did:plc:aq5qmmjnsmzpkscduzvervu5,6
did:plc:ydcdtrc6jsuisx4b6aqrtbf5,4
did:plc:rhkp2onvwl3rc7t2bcsqmspx,2
did:plc:2pzssch22cnso5fvbs3477oh,1
did:plc:rf5nz75pgezcm7juaffiddyy,4
did:plc:s3cl3wtj7dlilar4xnkdrri4,4
did:plc:6y2ajwj5upxhsuciw7rd4nyc,4
did:plc:miscnrsnlsrp35kl6wdt274y,4
did:plc:6mwfpt56h37rthr23p6tydxi,4
did:plc:2qzyacanl3gck4zou547d34y,3
did:plc:aaccwwvq5ylkcyji2psjvcv5,4
did:plc:7w7agckft746srx5kcu25mdh,1
did:plc:6k6ajlumwci777ge2caearzc,4
did:plc:7irlxhbf6amhkazpqz5e6jtj,4
did:plc:srctldg2jfz3h6kyfikifm5z,5
did:plc:66uhq7rgsjp67fglcrak6shw,1
did:plc:l3th4g2wzn4fryydewg4ickb,4
did:plc:oicoakr7p2o5lt4i5ddgqgbd,4
did:plc:nf6olcw5xlkoqvxoh53thfmr,4
did:plc:blr56bncwn2anarsqp3smx2s,4
did:plc:5bnf77xtunvf352mlyvkq67g,4
did:plc:gqiufvlgbgtj4ehseqzi6zwa,7
did:plc:yjvayj5thzisljwor7yykhlx,3
did:plc:pdh4eq6vradqgz6oqq4z3q4p,4
did:plc:2we5qa7bpz7jbkthg7rhs7zm,4
did:plc:gkdcyxzjw4s52j3l2wugg3qg,1
did:plc:6jivfqx4v7zep7uuhjxl6not,0
did:plc:omrlc763g7i6a2vs22gna5m7,4
did:plc:5lbs6hfqa2ki5a7l5ezput6h,4
did:plc:5rd3nn47ftmsqkhcj2y32qbb,5
did:plc:euktbj4c5epq3dlj6tvixnik,4
did:plc:lkics7evly2gmhzwf5xhb62j,4
did:plc:ylvjkvcjyosjqhn7lsoxbf3x,4
did:plc:pwsjq3xnal6auzgeqho4ecw7,0
did:plc:seu43ro2pha7ijm4hz4yugrz,4
did:plc:ixbx65nykgfendlbklegjxnj,6
did:plc:cjfcz3t36f6nrprarkhkycxo,0
did:plc:gnbwawnlvwvxnrtunpoajowx,1
did:plc:n5yqmollm7kl2j6ngvi7xz4o,6
did:plc:sxpionx2qekfltporvcd3x7a,0
did:plc:awzzrtrcrvpnxi3ph2sbhxwv,0
did:plc:gzrecn3lwymykpn5qg47n2is,0
did:plc:m65ifh7vn5zdgs7izcmht4gy,0
did:plc:lrlmw63dqlhqacs6pbu6ffzn,0
did:plc:mencpxk4spd3xn3qotwkyyqf,0
did:plc:xrsadpzu73u7y4nrwct66em4,5
did:plc:ks3gpa6ftoyaq7hmf6c4qx4c,0
did:plc:a67zdrt4nl2tv2qojpngogbq,0
did:plc:wo3lxbcfvdptzxyvq3qt2rgj,0
did:plc:vc7f4oafdgxsihk4cry2xpze,0
did:plc:ig7clqnji2tn2j5dtysf6elg,0
did:plc:cnw4dvp4wjn7rhphja5yetsu,5
did:plc:7qiuhllywd7skoiqadlya3ry,0
did:plc:kjklbsuepdppuppsfluytydl,0
did:plc:izxpomdyri45gzhppiiyattq,0
did:plc:hf7ezrajxadu7v3tzcyij424,0
did:plc:mjegelw6vmbkiabveesojj52,4
did:plc:qp7anqcqescucfwi4wari2z4,0
did:plc:grs2j5fobrk34xyk6hdwfhj2,4
did:plc:tsf3qulwq25yo27j6eznkfix,0
did:plc:rrfwruhud4ovela3oe6isre5,0
did:plc:ebwi2xq6tgzz7gxd3qkbcws7,2
did:plc:oofa3qqoiszsmajbigfqskqv,0
did:plc:xqjezhgnh4ettmmcmbrbhdur,0
did:plc:2tlvyb4xrbhzrf5dnyophfsz,6
did:plc:ejihld4sywvvqwe67cdkn4jq,0
did:plc:mawry43mhfcdueuq2yviymci,4
did:plc:trlsl6qoe33pb4n2j72ze424,4
did:plc:zctaruzdzb4ji45q7uafkgkt,0
did:plc:mipe5ygdz7hst7g5xcyy6ice,6
did:plc:c3hsgalrlmdaya7kgteri4jx,6
did:plc:4golsthlxiklb76ptgf5rdm2,4
did:plc:7vj2towokzui3hgna5u5u46f,0
did:plc:vlstguhnkehdxnyinj4hxlm2,0
did:plc:ny5mscvguz4r636nekozpqac,0
did:plc:fb57h2fswm7s2qqzxflizlk7,5
did:plc:wwtm5peukhmsjizz3vjkkuxb,5
did:plc:7clbywj3lmesv6utxqocmzdy,4
did:plc:i7hww7fvhwwmw66b4iswuo7c,4
did:plc:tuoiksvzrw7chqhfz7un7ijg,4
did:plc:pdwfsf33psamdqfe7rzkwx3r,4
did:plc:4ewnpnebeh7zuk5pbardaxqz,0
did:plc:mmroz4jy3vhhn3asgsx4l2px,4
did:plc:7m4p3btgbs7u3svzl577ufiu,1
did:plc:eq5t2blxn2x6eirpkc43pffw,7
did:plc:iy5czex7r5lqu4wxtheimsm7,6
did:plc:ktam4tz6b2xlyq4idz7qcstb,3
did:plc:xof3xqdqjadmwc2vxpjrrbsc,3
did:plc:3iwge6tzr76tkt6xdwyfs6mr,3
did:plc:2zdn7tlpmgpqffycb525f746,3
did:plc:fl7lv4onodjis4ohtwrdzdiy,3
did:plc:kq6mqqfqf6zg7fvyeu2h7g2o,6
did:plc:vumzskfjncyfwn3lsprn5fsf,0
did:plc:fwzj4fpafu4jixrkx42f4ocf,5
did:plc:4kz7ekt7p632socxxxoecthq,2
did:plc:lwjq5qr2t4sscpmip27eoqwo,6
did:plc:fn5cqpmrj423d4tjqnyma4r6,3
did:plc:ctsaf66genkz2ofxjw57koep,3
did:plc:zidlqyldy5mff4j7vjdakjsb,3
did:plc:ehgied2bxmrrrhho367wk3lp,3
did:plc:fmphjantzvygkqw4perwv4nb,3
did:plc:yn4kts2w56uzifprfr7dhsx6,3
did:plc:mip7mhv4t6m2ik55cud4sbq3,3
did:plc:jlefyjssc6ajh3d6dfwmh2is,3
did:plc:rdw2rzeyszojki6prgslvpjk,3
did:plc:3u7gtpecuhurj2a4m7qdlu56,2
did:plc:esq7rzbuwfpbelb25ksgej77,6
did:plc:plnwksgi2xhmofdinax65cjy,0
did:plc:qrllvid7s54k4hnwtqxwetrf,0
did:plc:cak4klqoj3bqgk5rj6b4f5do,0
did:plc:3rxcq5wacdop5thjoh3sny3p,0
did:plc:pffxichc3l3hnvyysin3zjbi,4
did:plc:wf24ok2liiyzb633fe34dsel,0
did:plc:3s5wtzqrvrsvbxl6afiko2yw,0
did:plc:qzrvlsmhivvgxg3z776ydpos,6
did:plc:jevf67unckfxugfk4iqjrsb4,4
did:plc:6tl7pb6ceezbmtebsicowh7v,4
did:plc:tqmnzz3ruijwkum2i6oio6xa,6
did:plc:kjm255sbmo7lubmq4ozbjza6,1
did:plc:elr7wq6vvjoyw75wxspeqkze,3
did:plc:z5zhdcrthgjxp7iqy4phxbo6,4
did:plc:griidpmltamz5bfijbw6vlwm,4
did:plc:age5xvis2s2vy5qiz2tjxoc6,0
did:plc:tynzxz5fqnuppd4zolje5flh,0
did:plc:4bvqdsipnanfofp5suphfy2r,4
did:plc:ftadfcumygt4bumi6tckjz3s,4
did:plc:sjnqimuckxwofi3uxbt6v3k3,6
did:plc:jmte4w4x7ukciit6lci6ziau,0
did:plc:3dzdsk5vwaj5lrwamuayyw3h,4
did:plc:kocsy6hlt3isic7oczzed2mg,4
did:plc:scby54ck3bhtzvgapiozabmt,1
did:plc:fgg73erlhkthcabpjgaieykp,6
did:plc:fk4dhgyts3kvsnrupwushveg,0
did:plc:m2qd7v4gvnnbcmczewpo6aaz,3
did:plc:kjfle4d5gw6frep5hjfzxogp,4
did:plc:i4vcsnvkwenmwdkz2vvpx7w5,0
did:plc:rdqpco7kny56dghuogkz6jug,0
did:plc:lpjlp6leujvtdjxmi66s2jlq,4
did:plc:eon2iu7v3x2ukgxkqaf7e5np,0
did:plc:yll3jhxdgjozv54weulwmhlq,4
did:plc:twu4iqyasazfles5q5ci2dz3,4
did:plc:3dy6xttodkmml2c6crmm75ps,6
did:plc:timyhhv2q2b3dr5xphjpqp2n,0
did:plc:nq6tlsx5xliwjqehugw54avf,4
did:plc:xxvw7kqegqxphqmtk7pyjlpt,4
did:plc:zxlq7evnl4j5rb4q7zxnde5k,4
did:plc:3gr6tk7csa7abbqtwcs6tkzu,4
did:plc:x6vjilrdk6rzcqx5qp2ivl3g,6
did:plc:p4ievzed6kqvwctwr7cdlink,4
did:plc:uh4vadtwwojkjetabm5md43g,4
did:plc:on7rqbtx7pl3vpwb56h7lvxm,4
did:plc:ifevgf3itigdb23ync4hsogw,2
did:plc:7uyhn2stofxs3ftf6mumy6td,4
did:plc:o7rcx53eng73nmltzer2rvpp,4
did:plc:s5fi6htc7xhnshxxn37dg65c,0
did:plc:gg4lsi2uarqje4spzmdvj7hk,4
did:plc:vjtuysopr3tasupjy4jz2j7w,4
did:plc:jfhpnnst6flqway4eaeqzj2a,0
did:plc:b4ofvyijeknyyrhxijy63cmv,6
did:plc:qfa6afnryk6ot6xf4i5ygqek,0
did:plc:xrxbycbachtxi4gjqk3f4rzb,4
did:plc:siuuoqcskrsyg63qvqrgewtl,0
did:plc:7n2gzbzn4xus4nghzfpjgli3,0
did:plc:nf66nltcbiomd5u3fpj4b42v,4
did:plc:l6arnocvhn2zrll2gn6xlxn2,6
did:plc:4vjdrhro4bxoawbyjgixesij,6
did:plc:ciczkjj6zodjr7x6zugk7lcz,4
did:plc:geliqi6kubvku2amdgp3kesb,0
did:plc:nybtcxysvyrcl6uspc3otytm,4
did:plc:2ptqgg335yb5negavlhu6g6s,4
did:plc:evum3ztvjvpmuc72fd5lhvjd,0
did:plc:nywb5oene54cllowkfwouxzz,0
did:plc:vjug55kidv6sye7ykr5faxxn,0
did:plc:6zp4cfbvk6cqi7vf6gzb7ayy,6
did:plc:3kwhk64ce5cwrxgjr3qydk53,4
did:plc:ic7n7z2yrxtl4ejl5dfjchmm,0
did:plc:4346ggm37cztthfhreztespj,0
did:plc:64t3vbo3ashwkqrji26hjkgt,6
did:plc:lbpam6bxqwbtxmgv4pemhuq7,4
did:plc:qjeavhlw222ppsre4rscd3n2,0
did:plc:2darfo36xds4oznvip7x2ux7,0
did:plc:o7ngoraxszx2hcmqpr6i3men,0
did:plc:2jas2nlgpaygmujrjamoftj7,0
did:plc:mif7omqikx2sri73jvdwjkfk,6
did:plc:epihigio3d7un7u3gpqiy5gv,4
did:plc:qzuw62ra5pgoy7ohoaj4gd7v,0
did:plc:ofoxhs6dc3sk6solf55vbu22,4
did:plc:qiknc4t5rq7yngvz7g4aezq7,0
did:plc:cz73r7iyiqn26upot4jtjdhk,6
did:plc:oc6vwdlmk2kqyida5i74d3p5,0
did:plc:m7w6mfn35d53chutrzjzgkng,0
did:plc:xo32sqgvpykv4vp65l3jnupd,0
did:plc:ka6qwlgc2fec7gkz6cfuuxgx,0
did:plc:mndtiksvxikpsy3zl6ebd2kr,0
did:plc:7dxte4hs6vqcabfg6birjsbp,0
did:plc:fv2nxxac24oxk5fqztfazyuc,0
did:plc:rfixmqbspb6j7ej6fla64hgh,0
did:plc:vie6f7tpbgdzfgd3cquxpoaf,4
did:plc:rgzw2gfpyanm42hqkxvewh7l,0
did:plc:ocsbmyulc2grbq3esflddyj6,0
did:plc:wjx2guv6s4u6bl6xg4krzc4b,6
did:plc:hu2obebw3nhfj667522dahfg,4
did:plc:kqbyr4gqt6p2l57htlsa4nha,6
did:plc:lgx6kwiqoxomisywvita4m57,4
did:plc:yugi4ymgby5zf5gcn5kmw7cv,4
did:plc:somgaolizubvefabidbzoac3,4
did:plc:gxysfboz4ngmd3daqxxh5sy4,4
did:plc:omdbw6m3oqnftbzdp6ncojoy,4
did:plc:bvo7u5xlo36ileg356zsc2uu,4
did:plc:r3xllmgmpubtc47mxz3qjzej,6
did:plc:mfymcz74x32wazyonc42nhzw,4
did:plc:bpkzmbir2tp2ieusmov4hqjo,0
did:plc:y6mhilpsba7rrf2yqdalfdz7,4
did:plc:tbvf73pgdljchybduqyxqlj3,5
did:plc:27u3zqsyhszo5n6gfgzrznte,4
did:plc:46kxtxm6ylz7wyabjs5svijj,3
did:plc:x5fflhophprfovmhmtwcs57s,1
did:plc:ulmjewbj3o65rolspxf5cdq3,1
did:plc:pwnsh66t3wnd6njw6r63ebdt,5
did:plc:pz3dalmbprs2uv5nupd2yahn,1
did:plc:u37kdsy4ldk5blcxg6rxqlwh,6
did:plc:abbnhzj2n5nxrv6grywamljj,3
did:plc:ca3q6i7krcs6rf5jl5gza5ik,4
did:plc:zmwimmtrmywerzkwjp2g62ef,6
did:plc:ls2qbmoxtfaaqbpj5wmbemco,1
did:plc:ndjgcc46kzmdtqo4scyfe5sp,4
did:plc:2ineokgv7pjsyeowly34u7do,0
did:plc:oceca6zqn7heyqhsgx2djunf,4
did:plc:qvwufnkgwj3zluxqqxutqpwt,0
did:plc:ullcxh7ckeq5yftjxmxu63iv,0
did:plc:2g576xeadd3fsdopipd26qh4,0
did:plc:ztkh5ltbhe56gkv4qhvriw42,1
did:plc:wgcogukubhqk3k3hr7wpebzw,6
did:plc:wdo3hoft6dkvq4b2caewrruq,4
did:plc:7vx63jrhaxddrcxykebhgydl,6
did:plc:5mlme6ckz4cumqffux5dc2lj,0
did:plc:omsl7prleignint5n6jj5ya5,4
did:plc:3kduygbbd4wgf3ipkulrs6rs,4
did:plc:dkntwqkfffsf2on2vryy7jdj,4
did:plc:iha24hpaf7m4lav5yf64svu3,4
did:plc:wkfw2vorgck4vybwpkphqdow,4
did:plc:v4p3hinseumvhujjwa5smaww,2
did:plc:lmbobfpcgnhtalswagk5krt3,0
did:plc:zxa3m6azo3b6yst5rgr7l4iq,0
did:plc:5tnswm3s5wkl5rvrszqll5jl,5
did:plc:zle3bgwyyblizcdgjssq4ura,6
did:plc:odmrvbcfsir4tb56tfxhtbkb,4
did:plc:qexhcu2thuo6mg3w3m7lhfgm,1
did:plc:a4qwq7xfavtsrr6kgzxcjkzg,6
did:plc:ir5q4aijvya2ww6w3lttm26j,1
did:plc:4l5t3gulhgxus6c4icecis4y,1
did:plc:etthxmclqd53gye7pxw7eapw,0
did:plc:q5zj3cyu2porrygp2w6chbfm,4
did:plc:r5filz6iokziw7hbaz7jbtix,4
did:plc:5x7jaftz7frmszp2ykypndn3,4
did:plc:6kljh35ioikeg6bzljja6jvz,0
did:plc:5kmiwzsmmtitrcwwks74e42w,0
did:plc:ixjxysxwfnpqqsqntlswyztx,0
did:plc:bt4eno63kd5uttdozhexncs6,3
did:plc:3ekray2mglyzlp4qwiuimac4,1
did:plc:aqvdxmh27qgm6kj5ptlp6moh,1
did:plc:x4ayxzw23jcjkzncgfgwnc2k,0
did:plc:p3c22ljexuym3tcmm77dvivt,0
did:plc:uobc4ilfzmorydk5fz5bfenq,6
did:plc:oqcewiv55goelfqg3qrbxjbi,8
did:plc:mkk6sfy2zbegw25lvutikokd,6
did:plc:gdzzpyc6jyaf3qtzr2gzohej,2
did:plc:bsrm6famn3yzj63uy7zd74iz,6
did:plc:4x75rid2sdqyxqlqfkn5la4s,0
did:plc:h7n2ktda22q5m7cdz4cnos2r,4
did:plc:bz3xigv3jticdnwrdrwx5qct,4
did:plc:7opxadoyif6kwwxaccy4jgf2,6
did:plc:uc5zjyyv2ezilu2r7b72bnqb,8
did:plc:rtukxcm6q3y2fsnaxyrhboyj,0
did:plc:cdtri5ks25ewdjewoplfelv2,2
did:plc:ohjpc4mmyq5vylqf2flcjwae,6
did:plc:t6b4f7jsqmo6zwyd6ojjrdjb,4
did:plc:bh2dgzacbunqpgs4c6clbpp6,4
did:plc:3gls3wyzgkk7smt5c2yrwuod,8
did:plc:ws6ftyqwng75q7qrdmfdutuv,4
did:plc:aurmefxl2s4lglfindwdlpy5,1
did:plc:3sevtokqcak2amekp6u4veof,5
did:plc:ypak4vdfnbcjqcj3o7gnwiz4,0
did:plc:hl6gqisjesiklghnupbystzv,3
did:plc:kfqtz34nk3dsggvhhst3n544,4
did:plc:7x57bwimbikfeb6vpneevppv,1
did:plc:pcjab4r6oseqzydr4ue4vbpd,4
did:plc:wiqbebplomoyv5okcmbjmoca,2
did:plc:mlwo5aqwvxayylllys4ik6q2,4
did:plc:xe2hno246xskirx5xwoiufbj,3
did:plc:yxm2izhj22eo6wc5qyoz252v,6
did:plc:xtdccv556x7ewsnd6laturue,5
did:plc:agmb7cvlme4lud3shcdu65va,0
did:plc:jradwwwt2qxb6skaievtz66h,3
did:plc:v352l64vpvrw62n7vdpasqck,6
did:plc:dsavnhxq227j4jazy2lt3hx4,4
did:plc:jhwd2xml4lih4dqzoec73lxl,6
did:plc:f2zhgcd3rlyylivbnyf4ia5k,6
did:plc:2p4j2quo2iuwl4u5pis52vbq,7
did:plc:7bmqt54sua3owxqw4lnwz5cd,0
did:plc:c4vrrgtz4ryarxn23nsrvzyb,1
did:plc:imsi6c3erbgnqd3m2jsyyio7,6
did:plc:jox4e4aonfug6wh2xmfyiwge,1
did:plc:nhgslmw4oksenz3syopglabc,3
did:plc:igup2zmpilk4li23rvxv5jui,3
did:plc:tuzystu7de6sflxgpfwxxknw,0
did:plc:qtmlyykdozw5bprdccaxx7ys,8
did:plc:vxrr2hofeomcujrs2b7nezsh,5
did:plc:5atiyfuhuimkjb52iotfifrs,0
did:plc:g7dyr42nvkq2iargsbbj4vqq,0
did:plc:xfkkxaps24jt43vv4dz25cc7,4
did:plc:3tjsuubdkok33hjp7mompnow,0
did:plc:sxvrvgxt3rsg2vqjbajaxd6i,4
did:plc:qgjtpjvntc4mhxi7na3ceeie,4
did:plc:663x6ybynypkoaghx6aqdo45,3
did:plc:jxcgfnd7gjcyhnvjnihchpmm,7
did:plc:qspmleofzby7jqvi7nf7c3bk,4
did:plc:g62tajye723r3fa4gqw7l7ql,0
did:plc:3dy5ojdbophwquhatnmfssew,4
did:plc:kjjxw2rjey7oo4qphuj3637m,1
did:plc:iuhp4upodp35dfendtqbeauk,0
did:plc:rwb7uxmgylwjuvohlgpyz3jr,3
did:plc:vg3vnucvggv7qiljfs6twihf,4
did:plc:rmblb2qvljqdfojrd6o7xj63,1
did:plc:dz2tqumuahwchpe3re5zgkqe,4
did:plc:ehmfxcrkpytztcouxoylok2k,6
did:plc:qhnzrqsnh23bogsvfrkat44a,6
did:plc:semnp2ixtciaver2opotnmwr,4
did:plc:aqfnpigfjh7qe57o2abcj7dv,8
did:plc:r6lapka3lplh2cajcw6o7zk6,4
did:plc:flcudhd6zzprrz5di6xsftap,1
did:plc:lj7ybgd5xa6tbn4taaozhaxz,5
did:plc:ywua4qjetzwsq5hzyty3exua,4
did:plc:446yb4jagtale66qgmgb2dwd,3
did:plc:zzcz5impjakepbgn5rilylov,6
did:plc:rpealguof6k3rbxbuourojhb,4
did:plc:lloykjaakhmrracgisgh46o4,1
did:plc:mw6pqqx6kdid447qcwecekjd,6
did:plc:tgszjkpegeny2ndryy5rpbks,0
did:plc:b5lzna2ed32sj2zwdd6yqa7w,1
did:plc:wnaw3klpchbll35tdpzpril6,6
did:plc:chdnrhaqotnhqdps4ypic3nb,3
did:plc:j3ys3bmthxwof3lljhg3fvxm,3
did:plc:wxz6j7ofxxmgokojcg3vj24j,0
did:plc:rofh3aj76w2ozrmiequ6ssdh,4
did:plc:5tupmw6b46iu6iipn4tyhkat,4
did:plc:udqbgqztjtfva4mo57r35ehf,4
did:plc:ghyhasldzhh6mp6vosxlfa33,4
did:plc:qzju42hqa4vns2jrsjei6jly,4
did:plc:wqtw5zyilogtaxtwcqh6tyij,0
did:plc:njxiveqda4jvlnxyw75s6llu,4
did:plc:p5alpco3nu5fsb3spgglc2ic,0
did:plc:tj6idgv5zsczpgi33h7z4tpu,0
did:plc:bkc253wo3dgowjimvd72cfuo,4
did:plc:aqldq6t5bwws24qjtmzjigar,0
did:plc:p6jxtatpbn2mbzz4pvlzb66b,6
did:plc:7ampfupqjmtbzze74puyyjsa,3
did:plc:wv3vui7dwo2abo5544ng3zmn,0
did:plc:if4cfdtrlyf5kbhyyelhkf4u,4
did:plc:x4gmxs5tg7qmbeiwphqhcy3i,4
did:plc:xdeybnljhef3wocq3ebm5spx,1
did:plc:2ysfijrhbwsqpfum2s6cymyw,1
did:plc:vp4dald4vif4fik7c6bhjg7w,6
did:plc:r52ch4ne2a7kryhyu56wfibz,6
did:plc:qd7hkt5zfohvhjzvaejn73nl,5
did:plc:bmuewokbf5j4ckkgr4gkqdrb,6
did:plc:midoatbtoqhijq5lhtfqiew6,4
did:plc:psmwq53txzawjkx2uwsvm4tv,6
did:plc:ict5kk6gqvoryrsyo2cj2usz,6
did:plc:enq4ustexehobxcgqjspfuy3,1
did:plc:crwxpzfdjzhbknygcjpfikvr,6
did:plc:w2ksth5stnpfnllfz5emlwuo,4
did:plc:ow2edfe3o7kiib54mpgal2ym,4
did:plc:jhrs7mx3toa47gyz6hp4klre,3
did:plc:6u2trgyfodph3mgxng6tjj2r,0
did:plc:tlrpume2ntvustesmtaoalgy,6
did:plc:4eehzjuul4uhv3rzc6ukagc4,4
did:plc:llqbczc6w5m7hnqufyzcqzhr,2
did:plc:mmzzps7ujtzias5cph45wkd6,0
did:plc:ih6ypaguutcm37typp6cftmw,0
did:plc:7hxgf2va34yccuy3devkfqlj,4
did:plc:x7qo2tqiy2exewe32blofzj3,2
did:plc:qttuazjs623cg45mucflwbl2,0
did:plc:3sr3c6bxu4puhggubeij2cmi,0
did:plc:7mpuqnzpv2xhxp773fpna4y7,3
did:plc:hfp3die5v5ojjt3bdm2luips,2
did:plc:f5zweqgpvqy7lkujg3ijtbi3,0
did:plc:wzkfjpctahmnezi65ossd665,3
did:plc:yzss35vkxfgoflmjq5jaxypc,3
did:plc:nuhxu6zygadidyhaxvc4g4j7,3
did:plc:uwej4kil46vaemx4oerfjght,2
did:plc:7lrkwgegtimlpzcydpimzmzr,0
did:plc:3x63kzmkea3f5s4drtw6t5s4,3
did:plc:lr2vapmq3l7w5j7idqmjnhmq,3
did:plc:hjf3pq6h633jicai5o3hdcfu,3
did:plc:zmnxiyfocipynewj5fljt5xa,3
did:plc:pz3cnnaqcp6t5377qcybdeg7,6
did:plc:2clbcftlrvnd7edcmd4s5c4i,1
did:plc:g7mh5ioprl5nb56y6eqd65fl,6
did:plc:uovulbvybeyd4lssrflc2z2a,2
did:plc:uc2yqahntlmpbxxxbnokjoog,1
did:plc:uq3wdx3n3udtusaczapcqtjx,4
did:plc:3z5zbwdbqmw2qobnb5zsfdbu,3
did:plc:hczumzjogclwdoxi5zzixsmb,3
did:plc:pis2dwki2yf5ieehrzwh3rke,0
did:plc:fyihvqufr2sudr3wn7trtezj,2
did:plc:ynfiu7cpzmjd3saxr742uhho,6
did:plc:4z54scrtgx4wv3jrpsfykmwr,3
did:plc:47yc3pgys2cfv2igrc3a4md2,3
did:plc:x6bajgevb6y6m5w6zplsbr35,2
did:plc:gz53felr7btxgmbxae5aooxi,3
did:plc:fnha7kulutvsfagairh3unuu,2
did:plc:rtpaa6f4hwlkfmboc4xuaqnk,0
did:plc:ki2nun5f5vnnfgvn7dpnz2sr,2
did:plc:lrofiqr7lxflcozydo4h7clc,0
did:plc:2cbebonegkqtduduxhutpzmf,4
did:plc:5jurkpm44ixx22u5p6e4qb56,2
did:plc:rq663zxj4iub3owzizvbenfb,3
did:plc:vxo6mr7tgtvlkytcdfw7ml5c,2
did:plc:jpduhr6alhfhnpdcprgdr3ye,1
did:plc:dtgy62tymnpbnzozbpgnov56,0
did:plc:yzzrqze6jmzprn4t5qkv3whq,2
did:plc:q25tg5qy6kzwtuecpe6b4shw,2
did:plc:363cn3qkdwze3yu73yqybmms,0
did:plc:jqrrqywfevl4fwfcnwi46xrx,0
did:plc:xf3kuc2yxipulsujnh7yrruz,2
did:plc:fil52lpmlsqftz7vkhjvw22j,2
did:plc:wknx7pshwftmi2gqwlz46rgr,2
did:plc:3zyo4iakhqs47bttjalqgbk7,5
did:plc:zksiuknephxzeyvlzbcbpbbb,3
did:plc:f5j66gguacu2rqrqxdqzozpa,5
did:plc:boxop5bi6geqghu5ixw3p7fk,2
did:plc:6gelgeqofk3qpqkskvkmdyb6,0
did:plc:jidtweuyjw6l7caux5tlsdgp,0
did:plc:vdmcof7d24t4v563wfihoxzs,2
did:plc:vozpvg24yxtdhpc5tqb27kr6,2
did:plc:3le6war5fza7fe27pvrumcms,4
did:plc:4euebytquebgk7fky4dsk5hr,1
did:plc:tofg622qly3tbtyymyepsf3o,2
did:plc:3pi2g7tywqvpzadnufrerrjg,2
did:plc:kvcznfzuht3uewgryyi36hrx,3
did:plc:74odcnz5k2nmilpafrv5ojvm,5
did:plc:oxkdrys56clyhtvrvrbrsop2,2
did:plc:h3t5rqlvuaorq42yckpijirj,0
did:plc:ure4qdue3bs7xqaugjwmw3nr,3
did:plc:lwjkp4rrspqsxsgrqpwmu2dy,2
did:plc:3o6tsxxti3o7cgoev6ok2ybt,4
did:plc:fglosikn5oycbfnffsxuzq2e,2
did:plc:6wdgd6ss35rtuzdxj345inzh,2
did:plc:xh6t27knbq3bn2ecdxqzjuhh,2
did:plc:4kcgofkujfecf2fcjxof5fw6,2
did:plc:kyc4j4b633ylmklgdfrfvc5j,2
did:plc:sdb5vx3ua5z2fnrvijpkvtwm,0
did:plc:uvey4vwep6ay5uivmrjh7odl,4
did:plc:xdedaateodoiajvj4abpqypt,0
did:plc:gqjdczubmrueplawunj3q4il,3
did:plc:aiw33me4g3zih3nd2vefytym,3
did:plc:jwjztln5h5hzq73niuqeqlx6,2
did:plc:awkrsu65rc42u6abvzrjwuck,0
did:plc:x7irsqqhp64woalar7obnnft,3
did:plc:cz2kqdg6gks3tx4h4lnyvllv,3
did:plc:udon5x72ox4s2ed3gpoeqdlg,5
did:plc:zdyyvf43jr74zdodptrad6xy,0
did:plc:kl5r455soboertmt7sbjuw25,3
did:plc:qmkh5xkfn7lbyh5suv2aiqqy,3
did:plc:rrjvo5jwuateqep2i7ih5ckl,0
did:plc:p72jkscm4rt4xuep3lzv6doh,3
did:plc:gui2botqralprzy5fochbsub,3
did:plc:rwjbmnvpiklvs4incgzc2g6l,3
did:plc:setxkg53p2nr6nylpmgo65x4,3
did:plc:akcotumptm4sec7y37sz54hz,1
did:plc:tobjstnxqmztpmjjcnaxpzzb,0
did:plc:xtytenkhytpek3zszl3rh44t,2
did:plc:d3hkcs4lca46ic74i6hcytfi,5
did:plc:hpervjqlklorzonucvfy52jy,2
did:plc:2quih4dvgzqsa5ih4o7oi5zh,0
did:plc:5o3jnr26uzpzlyf3tfmr6epf,2
did:plc:azpq3hfq3llpowyqpjkqwgxs,0
did:plc:ztf52qr22zoguidj6uprs6az,2
did:plc:bo344gs2ctuuzntuihj3yscw,2
did:plc:aeecoum45sckjew6k4ttn6ug,2
did:plc:lulsacuqkqlbx7r4nuilxe6j,2
did:plc:jkvjibijbynivq7lvnh4c4kq,2
did:plc:ca4vrkeffzpoa4uhey4ji2rj,2
did:plc:44zy5ddlssbvmncfsdtsanc6,2
did:plc:xkgvjbq4lp333bfl5agnrask,2
did:plc:2yqecztmlbor24au4nu2ca52,2
did:plc:h46zfgmosntpafw4btxifu4m,2
did:plc:jwjo3rgkidthompx2mddhrng,2
did:plc:opktdgpkfmoaxsnnx6z6xckp,2
did:plc:lefzfmj2chpxk4lrotjbm7aa,2
did:plc:2f3uhmjqvbe7e6ht52dng7c2,2
did:plc:rrstrplysqgt5lg6kg3gdzpi,2
did:plc:dz47caqxw63qtd5p7cvj6n3e,2
did:plc:s4snz4adsvi34nzdf27mcuek,2
did:plc:jhxnlqmy26jikbcst6kux7fr,3
did:plc:zv2ltv3lzpakmm3uzw45r5d3,2
did:plc:fyuukp754u7tvjdkkh366v7p,4
did:plc:jwucxa4tonukvnam72rec6gk,0
did:plc:fwlogcyfspwtazuwousib7cr,2
did:plc:jcats4toei4ybf5ibk3njty3,3
did:plc:fywkyppwdx3ewh7vcla6qcmd,4
did:plc:ey34srw7uoex672gmwebcnav,0
did:plc:oj5tuhocp54mgchqcbdiivpb,2
did:plc:wquht5hgplwrt76tujr3774w,6
did:plc:6pbgpqdbuyciz4c3zuzk3cvu,3
did:plc:aruyv2pcr3egrqfpxiybyf3i,3
did:plc:v3cvqxul2nmfgqherufgwxlk,2
did:plc:obdcobzxkadhegsjnexqp7cq,2
did:plc:d33ov6qj5n2yhs27nyvpkpt2,6
did:plc:qcg6hy7abxlvqjdwm362eiuc,2
did:plc:5p6dvkv2oewtrk4tg6kjxvfz,4
did:plc:i7zpvzhq3gj3hln33lcco7w3,6
did:plc:tltc3ve3na3yy45eohl7btda,2
did:plc:7lamkwrl2jajef6m2punydl2,6
did:plc:7ll5a2ru44qei3ky73g5ava4,2
did:plc:wqdsqtm55y43pwdywpqb5ic5,0
did:plc:3h743hjra22ar6dkzohsrzah,0
did:plc:krz3ydih56crvwwnrmxm3ysn,1
did:plc:e4t25jhdmp6rpf6e43c6el7k,2
did:plc:hsldv5xy3aq4r7clabhvqkqr,0
did:plc:ligmj7evukc7e3g4dfl3fhra,4
did:plc:sxy5sv3oydriqaz6goebb22a,0
did:plc:wxe224kl2yklhrpj2friwiue,6
did:plc:xzqt5mbvihu5spjjcfj5ddko,3
did:plc:ssuyvkp2mc7ohsj5blg4ue4d,2
did:plc:qyo3oqb5f37caoqli6uyplc2,4
did:plc:dpbrw7cv5tgwhlwd4f73ge5z,2
did:plc:6vsvhiszcip2siijhkkvwgfm,2
did:plc:h3b4roby7xj6ng3volebfklc,2
did:plc:b7htyyzk4z64ll6vy6z5kbu7,2
did:plc:o2tb7aikslv5ge3jnplgdtv2,2
did:plc:mb7ruczngv4von7n3ggkrsz5,5
did:plc:qq5a7m7g23lh2mlvvtuy45bb,2
did:plc:p5twggwx2y4o2kl2n2pmi646,2
did:plc:2ahkutsbnxqjlzc5wb473ehs,5
did:plc:c5xrowexysrnn6rn6piltqjz,3
did:plc:dtjvdpzt7zjurg7c72b75oib,2
did:plc:ywd5z2dwxm5ekhvfco4ecsv7,2
did:plc:j4qnxybbt63wjlxfj75q5jda,2
did:plc:y55ogyo3qp5qomgf3crivs25,2
did:plc:6kdwm7nem2l2dzllugfgg6ac,2
did:plc:p4laxm3qkqlzo5u34twt55t3,2
did:plc:abnmurkon3pcjmgboe3gfw44,2
did:plc:zy4bovao6jxlvftpfdrk4gcs,2
did:plc:iraxfykezcepc3osqqdbjwgy,2
did:plc:2c57cotycf27bji4djrwgegh,2
did:plc:n63se73uov6hkfx2ugbfbjne,3
did:plc:p6fjxepbf4hnzwdift5kv5kl,2
did:plc:wz2iulmmgpsabpxczdafm2qh,2
did:plc:uc4jbon77ndzvo34vwxb6emc,2
did:plc:egnkun4wugrnhezy27qz2khk,2
did:plc:qcrtqnvhgcxpaja2qt5vhdn3,3
did:plc:65f6gigmkt65pipy6irttry4,3
did:plc:eojluly7lawsaif4qu35hjjg,2
did:plc:656fojsbxuan42tjngc2pihq,0
did:plc:xbho3b72hcumkmcvi4poum5j,2
did:plc:la4i3oyhzumkebdcoflbwdhv,2
did:plc:uvhsktopfhfk73oe7jppjktl,3
did:plc:ta4gcuyhfojomv3p5snjo4rf,2
did:plc:7nhu6vwt4l47mgkyezuoougm,2
did:plc:hekyxlbho4ran4lijo6wetom,3
did:plc:v5wi7wv2umfv43p4au2erer5,2
did:plc:fuecfqxsooravf3ciimrwr72,2
did:plc:7yubrmks7cpvutgckbj4e5nj,4
did:plc:kzknnza2mvdkrspw6xboqmfu,2
did:plc:5lmonwrxic65pt7lmbmmu2ou,2
did:plc:6fqwlvkw7wvggst4ome4alo5,2
did:plc:ccnius56gtvqshbo7ptfubbx,4
did:plc:hqx2d2kbei3uac3szwk5bofs,2
did:plc:yxfpxkwzjuvqcr6jgvaa3gmv,2
did:plc:tezsmy3gv2dje5mzp43nrbah,2
did:plc:zrky7sgdhawomccxpwn57tit,2
did:plc:rk7r3trgsch5oo237w4h4reg,2
did:plc:oad7go32fwpz3pkqnp56v6hb,2
did:plc:yuhhb4u6u6hncdzs2v47txgf,0
did:plc:hmonlbusnvmfkku7gbcnktjk,2
did:plc:as4mstwlq6v3fmjs72bnt6kp,2
did:plc:ek2nmytwyilmmikts3nk6sqa,2
did:plc:jomweq7j44pcqclqrhxlyqc4,2
did:plc:h7jc6dbiylo6p3hjejhte2l2,0
did:plc:tudy5zywt4pesccxqx7556am,2
did:plc:rech2xf5ff6xvnguswf2ogyy,2
did:plc:cchjsgmpzt7k2uiz3tqvscoy,2
did:plc:wdtc5uhdbh424oqcewczwtd7,4
did:plc:ap5xvcnquqz5lcaddo3qmidb,6
did:plc:hpmiueozbdpysu7e2su4nqy3,1
did:plc:57tbzwhdfycms37aibww2gyx,2
did:plc:le4odvxilq2u2oo6nyu27hif,2
did:plc:74qncqvcbdikbnlsjyjdp4ms,2
did:plc:lkvofpmhrhgh7vslp56viutv,2
did:plc:ngigrw2fjryy2mer2jmrifvb,2
did:plc:tg5jk6fvpmk4ivmc2ynp7hgu,2
did:plc:5khebv5a7kczwrtnpiq2ms46,2
did:plc:uvvxhm2rux7k2vyjrn4tr3v2,2
did:plc:b6suwwybbboet5aeg5tquy45,2
did:plc:ptg23ozuf4lysm6hpusuv4eg,3
did:plc:qik3joapo5cywrkprmo36nnt,2
did:plc:3zoyado6vxfkkvjac2hrajx3,2
did:plc:4dbcxcavg4py34zv3lnioq3q,1
did:plc:no3avbdkex2mxmt4ulea5jyj,2
did:plc:xgn46nldu5ev7coddjzr66il,2
did:plc:awlk3fe4vlfogearqasxtlxs,2
did:plc:yeyl36oymo6dp6rlgibtljvo,2
did:plc:oola6xtjlu2xatplxqrruskc,2
did:plc:wmtd6narsxb2vapngope6evp,2
did:plc:pid55yyd7vmxldkegeds2p3c,2
did:plc:2sxtouh2t4xq2dc37isuwcly,2
did:plc:mpczghe3w3rc5ssqjoxlphuc,2
did:plc:dn4sir2j4rbmlcf2bb75u2cb,2
did:plc:ev7pj6pqbovc2oufxxoug3iy,6
did:plc:yqde72f6n4oojvi2ukspcqlb,6
did:plc:foxfnpytqkjpzbvh26zoprsz,1
did:plc:5ep4lc6bj4zutvz3xr6qscdo,6
did:plc:5pvuy7gqde6b3fwlstyiymxm,2
did:plc:ip6vnlku3ong2h3czmcat2pk,2
did:plc:h2wah32plcjksvnaavcfhtax,2
did:plc:6v2nwmzy4dozxcftobscktc3,2
did:plc:5xbow7lyxzi5dwpun2qn2umm,2
did:plc:anrpcemiqwbb3j4rh7pt5t2x,2
did:plc:bp4nfbyt4lwykvw5353mpy6u,4
did:plc:ouy3nzsr33zwuo2xbufqyxab,2
did:plc:2echyilae5rogzydighrlree,3
did:plc:zppnp4qdjzj3onasxqtoghso,2
did:plc:hvahwqp63m7dkuh6judfrm3w,4
did:plc:colksqonjv535bng3a3sgxhh,6
did:plc:2rwfvrk5f365ao47bbh4i6rg,1
did:plc:zr2xrqvg3xmkdh2zmwocjubm,2
did:plc:uez2hfjgfsxiydth2mjh3jul,2
did:plc:y4425qzaiymkyoqjcfijzqly,2
did:plc:modqz7n6oelpbslwvtvmjrn3,3
did:plc:v5rd64i3s2wh5ta7kmvgjnwn,6
did:plc:dhx7blbpfsihsvlizwbo7lzz,3
did:plc:k7bngs5tysvcg6xt47eeojo4,3
did:plc:26hkfmtr7jrchexamh7hk6rz,0
did:plc:do4ygoma2ipsyys5ml5ptbgx,2
did:plc:rthmlx4l4qpkuzfksyumcjih,3
did:plc:i6qd3xgbdbuqcielyperwr7t,6
did:plc:t6qdjcskrohhm76wfk2tnfq2,2
did:plc:c7w2nlyb7u22bwphruhbtxia,2
did:plc:7w5te5fdi75jkvv7qxenv6ha,2
did:plc:ynf2jixxafunwtn76cv6cy4z,2
did:plc:d2gtzactnnudk24voboj2rwj,2
did:plc:o5qkzy47ggaieyafanf6dbgh,2
did:plc:fkrm47vb6thmswxfiiyrw2vl,2
did:plc:2tpliidfrug2re4ibpuceuse,2
did:plc:rsobjdwbxpeatpxiu27dc357,2
did:plc:vyacjxji36xg7blgefbf626c,2
did:plc:sbbpjrhv66kvfb4s6l7rmfzz,2
did:plc:wxwumgqwjbenoy7cb2bf7bjj,2
did:plc:tqxyroysdr3gc253u6j2k4vh,4
did:plc:gv4qex453nv7yi2rzkanp2wp,3
did:plc:xcekljz4m6szcim2723crg7o,2
did:plc:oox2wsu7wc67iszhpy364udn,3
did:plc:sm7lvg6a6wnjcqyahzd2epfg,6
did:plc:h36elqkxeujbjarfi6uea3ni,2
did:plc:n3q24nopmhtnckuqeakea4b3,1
did:plc:cfps7w7dntxhw3cl3umutaua,2
did:plc:4koldgyumrxw3jfxuxhohx3e,2
did:plc:du743p3sly2obfy5cryhivf4,4
did:plc:stljaaqa7p4r7kgi3vh2j65q,2
did:plc:2kz4otwyc5xjm4fbgpakfl2i,2
did:plc:kpzh6afcod4i3teed7tf5yh6,2
did:plc:x3dgg43ipsijvwv2lbg5pogu,2
did:plc:7zjk5qrilkvco3hotgcsyq6e,2
did:plc:p3lpf4yg2i7y5sk5e4w5534h,6
did:plc:7zic27rk4ll2sdkrf2p3zacv,2
did:plc:pxa7ro2jljfs7d3tys5o6bf6,2
did:plc:46no7pq74qloji7gmemrc4q4,2
did:plc:i2vub63dselxsfmmsr5ofooy,2
did:plc:pjsqpvxcnlikytax3ibwleum,2
did:plc:3mhdeokdsiy6b7nyyjonakui,2
did:plc:mt2pko7cni4tdfzozwcp42mb,2
did:plc:s33qe54c5lyzru4xucerdals,3
did:plc:rbzghkvk3kcqyna7e5hnkmg3,2
did:plc:pt6qvzupjztgsmh3dwfpzuu4,2
did:plc:ban2g4pr62zdxbmah65zsmjt,2
did:plc:jqvk2qn5z2e6ngafopf6g36d,2
did:plc:p2xljidgswxay25op5rfx7rt,2
did:plc:kitv6mvvkuq4hltertd3uhma,0
did:plc:qrweiqi5hcyeueyhfbkdduk7,2
did:plc:jbmbuvwpp6hkbdpoi6xqktnp,2
did:plc:nb72dsoyntabxtsuacqec6vc,2
did:plc:2c7uatcyw3o2d5h3xot2euca,6
did:plc:tlq5s4f667yjmp2cncfdxtwz,3
did:plc:b6dq3n7gins6xikher6l3zuj,3
did:plc:2sz7oipyta5kwaomrklqauu7,2
did:plc:aw3by5fqihwx2yj7gcjloxbl,2
did:plc:ucievbc2eywxefq2rqzkfzet,2
did:plc:332k4bxycsewf4vsqu5egx6p,2
did:plc:wlsdyp27n5ialf7qzmeoce2p,2
did:plc:gihkovaci35k3p6npcvr2nzv,2
did:plc:dmn6ioxepuvxmebtlltp5dzd,3
did:plc:yqlkpbh27ry4dvg47syazfpr,2
did:plc:ehl2gtk6s353ijeyubqi3n52,6
did:plc:7uysrz4rdrrxtx4b7gewq56j,2
did:plc:o6iwgegi6ipmir2reisncez2,6
did:plc:6q4kcg6gt43jhwgifx5pkiyc,2
did:plc:p3msmovnlzrjmeyfummfnxme,6
did:plc:vkirkzcmpid7l77uf7y7yeoa,2
did:plc:nkubvnrcje3xvenv4nxzxoew,2
did:plc:ymuo4jjcdzr5e64jvx5fhyit,2
did:plc:wvm37r77sjljvtidwoioxxns,6
did:plc:4v27m6fsq5sfrldagi53yvwj,0
did:plc:kd2qfiqtufj74dlh5z3v6hjg,4
did:plc:eso4b5rqbil2ljbcxzbah3z3,2
did:plc:kcv24yrwpcmfuiu65jkepxcr,2
did:plc:fv4dgdzqxspa24yculzgqto7,0
did:plc:s4bjtqr4mzwwvhha55njuhrj,2
did:plc:ifmi6fsburkl7pi4cxkxeaeq,2
did:plc:yvvpsl3cqwvqwpqt4xdb2tjg,2
did:plc:rfzcpkxtibr4t5mbtf4z43vq,2
did:plc:65fa37w5jfwuytiqlhxdbphy,2
did:plc:ktvgrry4vos46sbw6op676z6,2
did:plc:sm5faqa573qx4ke7r4tmrqcp,2
did:plc:qcbiozj2wxcunmkgiw47gxic,2
did:plc:farivynhdo6m5se25ofv5fxh,3
did:plc:lhyntcv7n3c6ar6reji35t5y,2
did:plc:3fqulft2ils5aglgm4ckuyap,2
did:plc:naiewxwtgfmxxolmjmnc4ltx,1
did:plc:tbod7yt5mesvs57xvm7bhqcc,2
did:plc:v5jmls656jlio6pf64d5rapd,5
did:plc:27zak64narmxnahgx4i3iec2,2
did:plc:i6kaursgqzh3doewy237glja,2
did:plc:xlg3n6wnpwhirrtqm7e7gbpl,6
did:plc:zize7g7wbsvea4zbwdbpymty,2
did:plc:6323btp7niqhca2x344cgdgd,2
did:plc:l43iydv6xamnxvshpwlksjzb,2
did:plc:73yqwb7777zqhe2qjd626xrr,4
did:plc:of47vid6pmtzil3b4lehmujo,2
did:plc:r3zcfgeonozvkkjyi6dh2yp5,4
did:plc:qfkvtkxsfb4u47u4d3acieiu,4
did:plc:r35qfki4vq53zm23r4ww6737,4
did:plc:jw3wvhkz3zyvps5ft2arbmvp,4
did:plc:ooultv5k53bekrgq7q7zohrs,4
did:plc:ljsvv27vmvnhnr3drknzpobj,4
did:plc:geytktsrkn74y3b6lpwszt66,4
did:plc:woztofyfo6iwfvn5v5rwdtbd,4
did:plc:zugxupyfwabrnltcoyf4iw3x,0
did:plc:alidxyds4s23v5327ronahz2,4
did:plc:fphlnhm22tqkvv2c2yad3iqt,4
did:plc:72lyi4o62weuiawye6rdbnre,4
did:plc:o67d3ibq6tj4o7s6mywknayx,4
did:plc:jjmmwhicrhp3xfmgabsl5vcz,4
did:plc:kmilgca6r4ea3rj53rc7vzfs,4
did:plc:f2nfvyyafpohenirzvc2oetz,1
did:plc:m4yszaa656jjnuzg34bsorw6,4
did:plc:xyfmjotbtjjgqstk4suhdqjs,4
did:plc:k5fryryiv4ovceatvrykhe6d,4
did:plc:lpl45lei6abqpvmet5htdbtb,1
did:plc:g4geugrjmm5jompcu5ddvl2z,4
did:plc:sara3ukpsxlq6n6py6hhwgog,4
did:plc:ewuggblzamwwgwz4n4zuefa7,4
did:plc:oqobcnd3c3e267a2jvqgpd6k,4
did:plc:uyvfbbx75cvhtuv4alm2x2ja,4
did:plc:x22huatpw2tdk44r6rx6ch6l,4
did:plc:i4oq5wrlr64hxb5pz5xq62at,4
did:plc:mj2ygegzodk3fdjdgihjko23,4
did:plc:ac7duhi4mggwvw4xxcgzs7ep,4
did:plc:5tjmoth27ptu5wofyb6d227j,4
did:plc:ekl6ynz3hkrhwfaf2htvdq2i,0
did:plc:sq3gr4f5v76kuxknwzwe5e4r,1
did:plc:s4yozdw6vwi7mbusj6axu5nh,4
did:plc:avf2jnjfn7ksgwysuqsadrps,1
did:plc:rlnspywdbuungh6kxb6jngqi,4
did:plc:3ajwqh4vrqbtkkihy6vojjxn,4
did:plc:tzmxqgomood2rgl4ipale4hr,4
did:plc:5mx6zechlpkzaqw6qwyjfycd,4
did:plc:ippehgso2hgahkm6nxam43le,1
did:plc:ftzmzxttvbmykiklfxig7squ,4
did:plc:d7id7kf4yz2tkhrf5h7w5psz,4
did:plc:zo6snsctagvdknt4ffmvanmh,4
did:plc:k3bpyec5cp5lhqfqjyg3kbba,4
did:plc:pazthsfswcmlpmiomwdwaarw,4
did:plc:xsmszcicnsmsyojklq2btxvl,4
did:plc:drsnazslhpfdvbwqqzwnnhbn,4
did:plc:57s5ejhzfnvyrqhvmgvzaetu,4
did:plc:yrebatn3xlojsy3ohjd2ntjw,4
did:plc:mgi25ykdefcezlebzufcorub,4
did:plc:maa5i3t3vy4vfauiism3u6an,4
did:plc:kpomydj56dijd22bb2xhsune,4
did:plc:gazrgxxhfuupqot7ofkoc22j,4
did:plc:qe5ouukpnsbxndzyp2falewi,4
did:plc:sxklz7xmk277eff6oci2gj6g,4
did:plc:occitts3kpln5ckmfel57rjs,1
did:plc:g3pdpytcg73k2q7rhlz3xhtb,4
did:plc:zbltjbtaqcwqni3tn43b4b7i,4
did:plc:ainjodbf635b6yl35tfj75w6,4
did:plc:agovvdy3ga5wdafutddy36lq,4
did:plc:34us5giagh4pckmichnitarz,4
did:plc:i3yyepopmk7aue26qhg4slib,4
did:plc:qf6tlvpauhr7ug7kcs6yzlcm,4
did:plc:qmlb4xh3bsaefpmnflbmjtay,4
did:plc:ekhmwom3iqbj4qmvzohbxwx6,4
did:plc:pz32avxb25wnedhqi7nlgbno,4
did:plc:2ui4ca4ru3opwa4kudbyle6x,4
did:plc:265ryn4o5p6pb53wp2n6hydg,4
did:plc:4rijskvetgqtgndajeiolhor,4
did:plc:aaddrueyp2pko7wmsj6tffbx,4
did:plc:r4hyacgwjjp43gq74enjt6wk,4
did:plc:x3jms6wn3ztr2bpv5ddmof53,4
did:plc:xcw7jeomoukih3g3wd53vmf3,4
did:plc:3lvbhsiipsc6z3zubp4igw4w,4
did:plc:uyf63kwnuhjymsyjnthh6wxx,4
did:plc:c4ukslp3ps5ubppifdgbxqnt,4
did:plc:ei3ctoujvsgldisftrb7npr5,4
did:plc:joistn6gxa2w4jsdlfwbpu64,4
did:plc:ijf5dp6g5ucftu7s4d2syaec,4
did:plc:wozrbb3ys5rdf4c4xu7c2ard,4
did:plc:uz5vimyhpxysq3lfeqb64n5s,4
did:plc:egucjmsy2do7jnp7fkctelqj,4
did:plc:nroh4ixd463wrpkcg5wc6fwb,4
did:plc:aflach5dmmaey5psyr3c7uos,4
did:plc:le5m25x25hscj6nommhey3px,4
did:plc:kbdhluo4royspcgmnpd6hnff,4
did:plc:32u2gz3np5qpkcv3juo56z6o,4
did:plc:ijrnuabgv4zaz66ngkc5vncz,4
did:plc:bp26ynkqel6btpx3elqud76p,4
did:plc:644zn73vklgsr3j2br4mqzr5,4
did:plc:ko5neud2moziilfypq3be2to,4
did:plc:2igc7qeq6v5qc4m4wcolqkdo,4
did:plc:fu7c5erufrfwrwsty7i227tq,4
did:plc:rqwiwcfqdij632i6hwcehuc3,4
did:plc:cohlbohlgoz7jbah5wjpxaoq,4
did:plc:74crxodfaceed74f5fi7vtbj,4
did:plc:xyim7ft5wb35556x3daq6x6b,4
did:plc:fcqpgtwmugae7iaishbsncfu,4
did:plc:uunzqyf2sjrmxw6hqgqx25l5,4
did:plc:sstqx5635oxhe2qbopdmk7in,4
did:plc:hsdjipimrjlivabdqwz5o7wy,1
did:plc:layaf7ealtwes5fileuarvhr,1
did:plc:2a6fautlitwr4jgoje6yf76n,1
did:plc:wzfjrra4ls62opufyiyixhit,4
did:plc:z7y342qainsiv4kxquib74yl,4
did:plc:v6ax46kc3bmacg3qvlip3t4g,4
did:plc:2mfnb6xu5p7t4oqxwcrtewnr,4
did:plc:qox6wnlz5xx4wpkombnpbdkg,4
did:plc:gnjjcm4u5gz24kcye22fzkyp,1
did:plc:peaoldbabwit6utzwks2efqp,1
did:plc:npkwnojf55ejja2egiuytg6c,1
did:plc:tfjbnd3jy5zuvqcemhvbk7xz,4
did:plc:lg5mtlycdbe6rsya3xiphjmu,4
did:plc:nydhgn4sc6bfdlaeraf6kxoh,1
did:plc:taxjlyw3hydjb2cdrmkeh7ky,4
did:plc:tbhpm3g2f3o5qgxinomd7auq,4
did:plc:4pfednk6ekoaed2xgqqd37tm,4
did:plc:yzzblwztuqa5wssgv7mktvfc,4
did:plc:3bngynkxkow5aes4ojovt3ft,4
did:plc:wu5k676upjvkqvwabfhuk5y3,4
did:plc:zph6z5dc5rnqoswb2ar6s5y6,4
did:plc:m7v2aajyskfprif644uex7ti,4
did:plc:342mjxlqrzggcptvegjxnzbc,4
did:plc:omyuttmivux26a5bnn2e5qgi,4
did:plc:phrkraleqixsgn6vsbejuzuo,4
did:plc:ko6vfi3zotd2chcmzdeigsu3,4
did:plc:bi3cqdxksojqh7sx5qlajlib,4
did:plc:tad5okwljcfuo4ojx6iknnv5,4
did:plc:d4kmjsigfjvd2ayiffkpojkx,4
did:plc:35jev7ueajfemsezw2fvcgd7,7
did:plc:gf46c2cr3q3v44kmmch6lkeh,4
did:plc:nb4qtiyqkn6z5yoem2ws2kkm,4
did:plc:ta53bc5e2qbuk7dn6zarfm4k,4
did:plc:yfxo66klgcywavrmmm3jokbh,4
did:plc:7qfcsfqjwvnu7mknjzjqql4s,4
did:plc:dssgff4jgmj35l5xe6mbv4vb,4
did:plc:2bu7k2sslx2kqfitqxev3huu,4
did:plc:m3wfz7h46j5sdx7yjqxboc5h,4
did:plc:sjq2dbc2y2ct6xdxw3xxkq2s,4
did:plc:gfyek4cfgbsqh35ehhqkppz7,4
did:plc:wlbsizhadqgaz2ifrwihwjxo,4
did:plc:msblha6xk2dlasxcaezrvzlb,4
did:plc:h5qgr4b5a3prsejjs5pufad6,4
did:plc:7r3h4sutsf2ltm4bgzrzvzzf,4
did:plc:tp2bgglfyr73hdkyj2vce535,4
did:plc:upuhladljtwbq7z7eki6yssl,4
did:plc:hj4gj7tq356ooibny4etikjh,4
did:plc:ikovqarllk6tlr6uu2hzwfyw,4
did:plc:4armpcw6r2qfpycmfcfvsnca,4
did:plc:4zs7inc5on2xlt5u4mxnw2a6,4
did:plc:cb5h6uonqcixdzq6vkxqkzde,4
did:plc:fs2hxrp7duexb2dc4wdlgib7,4
did:plc:frpq36b2tpbe3cy26dz4v6mx,4
did:plc:qdaavn6nizpsa44bhanfn6mb,4
did:plc:5mnod4y4b7ndydmcmuzrlfp6,4
did:plc:eojt7i2ggs7bkh4jodc6x6xn,7
did:plc:gfibm2bmf74mzxyutmsj7ymu,1
did:plc:du6wfhq6yzgm43jvb6d7zu2e,4
did:plc:h4xvjrgj5lo2l7qbt7j2f7il,4
did:plc:w72jcf45k33kgsuqhftt4icp,4
did:plc:263piuaruqm2n6ozr5zm5l4k,1
did:plc:3fbqr6o45njrwteegpbwuzir,4
did:plc:cxqhqeorbnwb5wkkzpnaik6j,4
did:plc:zlimqgj5tdvetkaf2zlx3cp6,4
did:plc:o7lc3r7go5gr5hypqp5yen3b,4
did:plc:i26onv74mbbr5sktwbddkvtw,4
did:plc:yye2jy7yr6j5oehiaqfymxtr,4
did:plc:2fjkkkmcaabsqhd2ceqijsh3,4
did:plc:2jt4bs5p2dpltzxehiwjkokc,1
did:plc:xqux44ugq2rix4mu2nox77nt,4
did:plc:eobcca3fkarvesjs5pxkbyve,4
did:plc:qnt6dtel2rtafzrb5ge24zvw,1
did:plc:ybwwwisyxu7i4hqc72p2mjvw,4
did:plc:qkdgafnaada5wmioe6qaakzk,4
did:plc:35xysmbizlnj7sybnnao5kfi,4
did:plc:gl6qsxjivlkwwkjciz5gnjjj,4
did:plc:6swukrsoq3zjtjzv7cbyyt3f,4
did:plc:nk5lepf57egn3jd6o7zcefsu,4
did:plc:o45efscfa6leywtzmjbwz6vp,4
did:plc:2b6eauizyg5la46tzb3wrv46,4
did:plc:cttvuxvchc54lwb56p7fswca,4
did:plc:pghayd3bor4lqoum3o6sgcxf,4
did:plc:mye7tnndan3ka2glvkbitwbs,4
did:plc:6hop7n2yyfx2ppjcrbvco25g,4
did:plc:nywzo6bdibi2zndznwrcvh3i,4
did:plc:goatdvqu6dgtnoswqlbogb5u,4
did:plc:64wt3g6bym5w6bbwohhvclgy,4
did:plc:4e77tfruuav4k7ycgycae6wn,4
did:plc:y5rtea6q2436jzcqirxh62sm,4
did:plc:h6efg3wxbxn55oomw27lhkxz,4
did:plc:hly6r4zxr2qd4c4jncx5g3k3,4
did:plc:gohkpjhfnj5ezo36iacwcggc,4
did:plc:neh6ptepenqtxvdxkeu5twct,4
did:plc:hdrse4xqbicvztb2iavif2sr,4
did:plc:tpxy33kn4z2wxzb2gwbj27mn,4
did:plc:u5h4o3u3sxpkw7kl6hebgos4,4
did:plc:vm7peqii622gcrtu3v57e7gk,4
did:plc:qzt2y6gisz5fy2utjk2n2hm6,4
did:plc:rpmyaqkoryv4t4t7x55txh5j,4
did:plc:sdowdvbqp4tjjlqdedmkqqpl,4
did:plc:uckks2n43y7j2hepnjj6fjai,4
did:plc:zpyasbag7kkouwbutakbynym,4
did:plc:vakwz7qellyjzh74n3h2jyfs,4
did:plc:casmgn27fn3qpz4kipovttyr,4
did:plc:otvaqgjzkysb7ie4ls4qzlzj,4
did:plc:2lhmggxwpq7d5akebkmpv6si,4
did:plc:t2ssjqmheksi6e2tr4biv7qw,4
did:plc:j6otgy7ay6u5p4fooyqvtk6b,4
did:plc:w24vjuk4hla6q5uaz3fudbbf,4
did:plc:efkwchtofrmezicwhkoon7ff,4
did:plc:grmzpvnd2ylxcvxkyy5ez6iq,4
did:plc:po6um4rkvq6rahe6ahaids4z,4
did:plc:fibedos3qunez23klxfs5juw,4
did:plc:pi6bt2f2klnbv2ulyzcgiutf,4
did:plc:7un5kva7p35cdknox6nafnpf,4
did:plc:esppg2jpabr6x6joxpypsclw,1
did:plc:wq3h5555gcjmvw5qliekurcg,0
did:plc:6m7ye7w7ip6dkyxyzfrve52n,4
did:plc:ovay46adsi6xvjvzvlx4ji5v,4
did:plc:yeu2mgkj4c3zm3ysvhu33pce,6
did:plc:2szjdgwdsnepoxa3moaeygcs,4
did:plc:a3frmzajfrr7n2mutnphtztz,4
did:plc:c3g75iyb4parzrrf2ql3uvtk,1
did:plc:pak2c5p4ttqqretkthgzs32s,4
did:plc:kw3roqkleg3metvg6hs2gk2a,4
did:plc:iyw7bqcd37i7ag7idwfp7lnm,4
did:plc:judrv2hmdgrfzdyyhuhvvaie,4
did:plc:gh3c2igporgpfioxj6l7w2jp,4
did:plc:7nsxjnyaw2ojcght65cke6ix,4
did:plc:4xkpyyu5dw2fmsyckf34wre2,4
did:plc:jy4rsscbxipylnysvv2lhrmy,4
did:plc:o3vijl7j6swjvf6tovdlqwpm,4
did:plc:pws3y56rl5kx6z46r5r7gkjc,1
did:plc:hmxv7fhmj4q2ksjtmi4gln2o,6
did:plc:kqndzfl4ou7c22wagch24uct,4
did:plc:7bblzarm3uf6xbymb2gon4g4,4
did:plc:fbnf7u5okrw3d6nfj4npqguw,4
did:plc:f4otxdwxuo42w5chi6hhu5as,4
did:plc:66ny6q63ahb2b2rxgavtdpm2,4
did:plc:iwtzlebxvexeqrxr2zk54gwj,1
did:plc:nuaisio7u7ksbkqk4r375p3n,4
did:plc:fmjwgtxalayml56go44udzit,1
did:plc:p3d4j27prne7ifypgwvsinnj,4
did:plc:ucweiriru6vm6hvatihaziuq,4
did:plc:t7jynwimwn2cvysxfmfrjdeq,4
did:plc:fyczcqrxzusb5oanulf2mijn,4
did:plc:duesvz67remyniesc2hhaon6,4
did:plc:kehnyjmabmt3y2qfiukub43w,4
did:plc:6cuybydsj2emldgzhmwy32an,4
did:plc:koemhfosgna7wqh3c3xwknvs,4
did:plc:ojhu5hugdadurowr4wsqrv47,4
did:plc:5eqc4pmzjkmjc7bmujtfd3p3,4
did:plc:aqbuq4s7636ofwdji3vjafqm,4
did:plc:nrqqfoz7lfbzorjrrd2toqid,4
did:plc:riq433mjljqc2qnqtebjwcmo,4
did:plc:txgcqqnyl5d2yp3w266x5k4c,4
did:plc:vvzsb4c23g4yi7ogas66r5ku,7
did:plc:u7fampibt22bnt3q7tgeoj5w,7
did:plc:jiji7jdueuw5f3eaf3rtfwtd,4
did:plc:fadtmcrplyymic67be4jlp6p,4
did:plc:3lfrdjmmardggh462x5u6vce,3
did:plc:q2thgggr7gktotfasg6auysc,4
did:plc:4m4thczok5qg7nbh23e2pesw,4
did:plc:urihpvwclpx5y5yb6cmfrvne,4
did:plc:763k4j4b62ih74rvpxntktnt,4
did:plc:dylhd7iaubdgg22rweggj2t5,4
did:plc:cpe7qj7romy5evnul5rn2wqt,4
did:plc:xhsptkzw7lrvf5qgoj7wftpo,4
did:plc:hcc67uanu6kn24w5kq27zenv,4
did:plc:buwzvohhb3nhm6s6nhsjjiey,4
did:plc:7uwvloz5lnqlsslhs5tfe66c,0
did:plc:ld7hhz6knzjr34gp36drvpko,4
did:plc:kc6jxffqkrhdyrss2knh46nc,4
did:plc:abnnpye3yakfa24iloprg4qg,4
did:plc:btfis4jue6bnrttlvefp7nqb,4
did:plc:nijmp6qk467gd4efqx7f6vwz,4
did:plc:zpwjyz5rvmrrxd4nxvbzj736,4
did:plc:tygj4sbl55rkhfqznbsdqmcr,4
did:plc:7jeeuig4bmwjze3htdj4tofv,4
did:plc:um2sko5mczq4u7qlup5htngz,4
did:plc:wimsjaxonpyuqas3plvvg66x,4
did:plc:kh7y6t5l2mwlxccsuekg2d3h,4
did:plc:se3w7oeen2lf5vcnhvtgnwzo,4
did:plc:kt23gapeayfpze4pvnqjzvsh,4
did:plc:huhh4dobshvrdygp7i2ddgn5,4
did:plc:4h7rdnlri5yqpdjarex6spoz,4
did:plc:aesh7ciawvohd4wlgqe3vxtz,4
did:plc:yy2mduwa64cqkfbwu7xc65w4,3
did:plc:qzmg63sjsz23hyinf7hsbxei,3
did:plc:guiqa7we62adfg3bsx6vlbpt,2
did:plc:ro6wqto2kf3hmc3kf6qejanc,3
did:plc:kcdcvrwuipyegt6aub2qvenk,3
did:plc:i3szpkficsm64rfzumc45sub,3
did:plc:mzbt67ojwwerred6cl63tovy,3
did:plc:eudyxed3ekfd2jxmnf7gh5aj,3
did:plc:ftkfxu5eztybz7x4a3yxpmmc,3
did:plc:b3xgztu6ywo246k5iz2qt643,6
did:plc:jaon6vxyunitcel7rwssmkag,3
did:plc:vusfifudpkqmjxlhtnelbyhy,3
did:plc:mmqv5bnhnnlbbywvzdsbxkkw,3
did:plc:gxspraydbabvl7zt3ybuptrr,3
did:plc:cen7snsmmrec7psa2jillvj2,3
did:plc:xsfjgycpkr2uiyaboo7ggmeh,3
did:plc:nqpuowjcwt2a3drfnemrtlho,3
did:plc:rzeokpf4fofp4jdlhktkca27,3
did:plc:eu6urrd67yaoywvt6nzcl6ou,3
did:plc:ojznusckdfbpvmfvogeps5hr,3
did:plc:qk5drfw5bny7s65pkcwkyniq,3
did:plc:suhe376z7gzgnoflpuxpfjis,3
did:plc:gk6tu537wetx4v6eafkmazmp,3
did:plc:d3wuqd3yywlvtef67xy3memy,3
did:plc:yosa4yy56gdibrjbbujzkxjs,3
did:plc:xiyijsbd4lijwymyufnwf3ni,3
did:plc:iicjq6fwyobwhvxc4zma6eya,3
did:plc:kmmxx6odjtqxkbtg7b7ur4n7,3
did:plc:qszzdzbadjqe33rb4pgkmci3,3
did:plc:cywhsxpcypqkrj4vwt62wfpl,4
did:plc:nc3zp47dabssmyrluqlhjdeh,3
did:plc:3wkhkylaxj5xaaxnq6segw64,3
did:plc:r7rxa6vgfjupkoisqreffee6,3
did:plc:ls2gr7rqodsv5lj4hmwtju4c,3
did:plc:pbinoza5ba3knavzhwdh6wb2,3
did:plc:ggmjauu6jv5gots5nnhkp7i5,3
did:plc:x56w7s63mmdrx3airpnlpjfq,3
did:plc:ya3ula4vrm6jsvs7bwtjt4vh,3
did:plc:ljctby6f2biduwa7wzufxzug,3
did:plc:kgtn6qpdbivhnohbjri4mnai,3
did:plc:veij3um2dpavwxxnzzwil2da,3
did:plc:j74dx45m63ezaftf5ry723qx,3
did:plc:nylio5rpw7u3wtven3vcriam,3
did:plc:73uwondbkeafoi6xzbyagzyq,3
did:plc:jhuh7t4s54jeelh5bw4x6oaa,3
did:plc:lsoubvpmlmcez2dbuf5m25tz,3
did:plc:quufb5aobpzc42h4r5ebmczh,3
did:plc:yjcskm7x6zn3zasd3ngv54u5,3
did:plc:wbdq56or5vjnfxyuawrwy6e4,3
did:plc:nyx64cl7oqkc3nqwiu3cnps5,3
did:plc:yl7wcldipsfnjdww2jg5mnrv,3
did:plc:zhwzem7mfgeorzru2clg2mx7,3
did:plc:54d2r2nyv6vuub3ezxkddvl6,3
did:plc:2moprmhxqustkojldzudxxms,3
did:plc:x3fo6a7ltpcvpkjj2wyrr3us,3
did:plc:ccpwprqdquexydqjxef4wrbq,3
did:plc:fjkra4n7g35uxiesgrwiaolc,3
did:plc:ptvw5sryke2caj3lvgkugchu,3
did:plc:w2evljdflizg4c64w6qbex23,3
did:plc:2mysgo3euk62vruamnahmbve,3
did:plc:cqlng2wyr3iosw4prhzex45d,3
did:plc:hmypydg2aiddaaefnmf4lgn2,3
did:plc:sufletpsh5msygu7ht7xbs6y,3
did:plc:ceiesovhvnyepj43ynetoxrz,3
did:plc:l2dg6nm5dg4l6mjncncw7uqs,3
did:plc:dfywxa4352ebrely4hdrt56i,3
did:plc:kt3ct5iymcl7t4edhd5lt7jx,3
did:plc:llojyojekfb3vzxl44txm65v,3
did:plc:cbobh6x5yy4mjqwdrjh7rvr2,3
did:plc:vwvp4mnzbapdvi2eweer7iun,3
did:plc:uk6kdd6ubl6npaqpwev437ky,3
did:plc:lkuvcwz2ooa2dah2cdyxgrnu,3
did:plc:umwypa52xwni3myc3xbzsjsw,3
did:plc:jimhhkw22pp7qqgf3nfqtf4m,3
did:plc:saij257gzhs572ozmdua55ok,3
did:plc:ay4cgdz6ucaqddq5jyrwozfq,3
did:plc:otcgpyaezdjez3ewdjcqt6zj,3
did:plc:jirzy6je3ur32r2i4bwzpdw4,3
did:plc:srf7mpr4o2g5gvp3jrx4ngvc,3
did:plc:f4dfzmrq3ebdnbqqztoa5lf2,3
did:plc:5ubgydntfaclm6rk5ogmv6hk,3
did:plc:hcjfu46uzt53hdd3ux63bpz2,3
did:plc:zksziepnd63pgcmzirlncz4z,3
did:plc:4j4yvv22twufapugjx5doazk,3
did:plc:fpqjym7dmg4o5hbak5ihix4d,3
did:plc:jsitux5xillny2futzaxw6ff,3
did:plc:ujlyjot2srj64tju4ws73zqq,3
did:plc:pwqc34q3zmtu6ipxojlehvve,3
did:plc:ceq6y4w6z2rrqfrb63zhg6wn,3
did:plc:alzh3uagwgjuu76pne6bvu2u,3
did:plc:erwtf6rphujvcazb62skrprh,3
did:plc:mjruw6ro4nszk4qnl7qhkwme,3
did:plc:iwh2calcfmmh34lu3ohvuskx,3
did:plc:x5ajh3eqfu5pkygswjw4ctfs,3
did:plc:cz7di376k25du6bnx76f3vfx,3
did:plc:5adru76dt3x5izzwrc75rlgg,3
did:plc:jqwv3bkempt3fvjnls6x4dpt,3
did:plc:ahwijdlxb2m74ly357rq6kmk,6
did:plc:rfegjhy2r6sujrestamv24rk,3
did:plc:r4oafnlhdrdeggs4rfwe6j26,2
did:plc:gvfy7g3dknprid2ajzt3kmc3,0
did:plc:uphkbbx3dwem5wufaxireq2y,0
did:plc:ddnxtovu66d35pr6n53uagam,0
did:plc:tysnzaaryrvuwsfuvk62xqit,0
did:plc:b6242ykw6c2nlw67iahhtks4,0
did:plc:jw6pxdbvxz2jkjkk5w6bofx5,0
did:plc:qr3hg56of3beoarucejnickq,5
did:plc:x7d6j54pm22ufehkes6jo4jf,0
did:plc:4t2ziwnnescprzorvmrfduey,0
did:plc:twhxpvh6tsiayy5haglhvmqb,6
did:plc:evg3hzml7mdlma2kjmjsbejj,0
did:plc:lkrexoxfcjsl2cmljydekfcj,0
did:plc:qnd2lqn52ernybdfonq4mc43,0
did:plc:h55xdeboyjtatdos2hbgdzpf,0
did:plc:rqgblacyjdvoc4dg7gjcehdn,0
did:plc:lzlqyldh7nfc34pfffvd24ko,0
did:plc:qo6jealqjwik2sz2sj7x5mha,0
did:plc:eshcqzoowlpbj65gp7yualue,0
did:plc:zhcfq6acrvb6ermtjt644w2n,0
did:plc:36n7wd7gg4tapamnog4zyyc6,0
did:plc:73t3muu2pudsajp7a2fj3aly,0
did:plc:wjta7o5uszx7zkukisqlknho,0
did:plc:zwlj2d6nr2yun2poyvokffjy,0
did:plc:mdkpuqr6oevfy3igtp35ostl,0
did:plc:lafbr3dznxdyvgup2umwssht,0
did:plc:hpdaz5zbsrcozaxkjmttpsxn,0
did:plc:wzckifcqv7wvlxrp6nrszgyh,0
did:plc:e6iismzjjlj6nvmfd4jw35xo,5
did:plc:csnvul44yarydqupis7ry2dc,0
did:plc:4mjh2phquxf7s2b2t7zdqjvc,0
did:plc:noriok536vpi6eowcqdy3hyh,0
did:plc:vsn7qxqg4kh436lkke2gbdnl,0
did:plc:5siz7r23475fek2mj6p5zhzw,0
did:plc:cr5zcymdwn4ygdm7qk7jactt,0
did:plc:dh3cehpljruyrsnj3kmvda33,0
did:plc:7igkthfscmolwhaexyywmzqd,0
did:plc:6m7rbdgaz5vyg4bnbefi7kh6,0
did:plc:hvwhptk4oerwsuzau66ikwfy,0
did:plc:4o3sfl36gcvd5xaruh4wnatl,0
did:plc:metos4p2yzc3tcdu6h7kszfz,0
did:plc:tp4hi5knnroo7gr3el6akjnt,0
did:plc:so5r7asbd26pmnnoerksklor,0
did:plc:5prledmu36imun2zjc26v5nl,0
did:plc:h55nabz5glwdanw73qqzmfag,0
did:plc:orfukbskqif6bctt3kjxvbsf,0
did:plc:ntkmgew2vnq7lkpze65ffmzx,0
did:plc:an6p3bbuy5irm4u7q7le4olu,0
did:plc:ydmnsxlapod5jgcxiyvgdmzc,0
did:plc:3eswktykpaij67aqscgx2t7m,0
did:plc:ffmb4l3oaijsybkwnbs2xmd3,0
did:plc:z6rujpf4u56jfie7aqic2nfg,0
did:plc:zha4tsu7otgnojc7uoxhjmkr,0
did:plc:mwwn3r5llzsfassowreprqus,0
did:plc:y5xyloyy7s4a2bwfeimj7r3b,0
did:plc:42xlmrvggulmnmlhsszfebku,0
did:plc:dc7hahfvdre6baxdjs65icls,0
did:plc:rogqxhzq6vy54nbuy4n6rwyd,0
did:plc:4w3nwmmuwuz3jchs6kh6ai2e,0
did:plc:7334ydaavuvnqifa7gyct7sc,0
did:plc:u27cygy2ortpq65lvdxe5rlc,0
did:plc:73dpznbu4wqwtcyurwbiulov,0
did:plc:qoig3fjqoizxnthcl4ejxbre,0
did:plc:ii6k7bdbleczulvypdvi33hm,0
did:plc:c7ozmxoc5b2ky4iam2o36uic,0
did:plc:uzyjut26gy6mcnkf3hfv25sp,0
did:plc:kypbxp7rhw7q2dfa4fr7f6i6,0
did:plc:e62gb2ushvtvjvqcbrxeaw2n,0
did:plc:jutmjylg2h4tpev7wrvy2ay3,0
did:plc:oqr5mp25r7z3vfr3igeerxbw,0
did:plc:djdxfzbvmvjmjlj3qu32uy2i,0
did:plc:upkgvxvhn4ebia3arqy4ru65,0
did:plc:uofdn5h77ced3nysp5thw5qk,0
did:plc:snbbshdgooh6o34iu4m34cgp,0
did:plc:efpytyxmwow5ffwi3dphhrlq,0
did:plc:dz7swnlgzjnxehyud3654vqd,0
did:plc:prpvntklgieefdnv234z5gae,0
did:plc:ihhvp53pmlkyepn2i3lgx67d,0
did:plc:s6j27rxb3ic2rxw73ixgqv2p,0
did:plc:ub27nkqolgtoaalsmicldm65,0
did:plc:so2fnehffqkhq34asodug5aw,0
did:plc:6kd25b57apxnexa3afu2wyx4,0
did:plc:5yacdjsql5qddaujxyrp6hv4,5
did:plc:j5hlrvchqmaykuau4gwwzqxs,0
did:plc:y4vk2n4vk4ppcderc75uenhh,0
did:plc:opsxtjeaw7x2u5qc4m7wk4tu,1
did:plc:zczrov544ym53yxcfw3tb3te,1
did:plc:5gawcpcefp6335iv7tbyuqil,1
did:plc:fmohtuwgh42a7zzpd2l4acnc,1
did:plc:67vugavgzxuc64jxpv4cqwbi,0
did:plc:lfgjxeg7f7w6ryjfbomhcbsi,0
did:plc:vj2ufyyu2fym23li6xhp43iz,1
did:plc:z33ixmnm3d6quglfnftj6zi6,1
did:plc:ib4b3wnoll54xgrnv7ezmyly,1
did:plc:3nekuksdc3y37mr7q66aaq4d,1
did:plc:va37zhngej6hgxh2qjphjrrg,1
did:plc:lmomqch6unrwluceggn3vuac,1
did:plc:2nmnez4dnvpl7dwgf3f6vskz,1
did:plc:yoeonndfygr7ilq5scih6rtx,1
did:plc:hnynajpysr47rnyf5mvlxrsz,1
did:plc:5jqjqn3xhhbtapffazwrhb42,1
did:plc:ojpm7oimhotsvanavtfqtvxe,1
did:plc:qjtk3rrhmyo6fl2555xyeoya,1
did:plc:6qwnlgfuajglbnu6n4jr7ct2,1
did:plc:75bf4yxcz3dcdqxelgtwow4s,1
did:plc:th5gekjxzu3z3uwm52pmwx7v,1
did:plc:grdj7qi5hatqezk6xjh53gs7,1
did:plc:m7by52ntgzlglukys4nfvr4j,1
did:plc:gve67qxxxcbxu22dhzeubztv,1
did:plc:tunl3s2r2dmnzgedcdifarfd,1
did:plc:6eh7cqwyws7wph3xj7bywthl,1
did:plc:gkv76xqizdogfswf4j6jfko5,1
did:plc:3o7sd2wl7nflzhvfkvtsbrw3,1
did:plc:eh4ixfl36ls7rfoaetokbxjq,1
did:plc:nyuaoyxcg4xhlnynhxrfw7ot,1
did:plc:mybo2zjbzeqnrcjevpdisdfg,1
did:plc:wue5mcnof33h6taczchaa5zq,1
did:plc:wpbp4z5d6db33ygi2h3slh3p,1
did:plc:kwttqrd6vwu4dhnyqhx5akpp,1
did:plc:jqllyulsmnuopr46geo64vxo,1
did:plc:ggpwmg2a7wuzxaropaanojzi,1
did:plc:5hogumhg7lvx6qlkw66iyxry,1
did:plc:43dbzythqgrwvpxb6wtasdsa,1
did:plc:7tf7r65pifiavvjemyees75i,1
did:plc:dw4r3ezs6vu7wkfqo2lczddn,1
did:plc:fyiewxa4e3dpd5sdp4gcwr5m,1
did:plc:u2rzwwbe6lojlxbgnom4xx24,1
did:plc:tycyuipclazum3ccsbckjc6r,1
did:plc:2nwxwnckaqlzrtsvyap53cpf,1
did:plc:l2miofuwsayrohy5z2jjbkae,1
did:plc:qb244zx7lw72sgb7fbuuklcj,1
did:plc:s7euyoetzueuwnm5r45l34d5,1
did:plc:xit27o6dsejsx5fespyypjih,1
did:plc:izhfbj6pve3oskf3pbz6b3vr,1
did:plc:u4xgj2cmbbtpuvthi724ijo3,1
did:plc:cu7s6sthqmdxguttvnum25ul,1
did:plc:bqnrjahujke52yic7uxrdrpy,1
did:plc:jw3ocg24thye7i5sjjhia62e,1
did:plc:smm2iyzevfawtar2oivsnwmb,1
did:plc:wzsnohbml5eam52immuhmtz6,1
did:plc:wkeny35jxha6ao2gozib2zpa,1
did:plc:uoebvpqzalnpmw2hh45pftwo,1
did:plc:v5jio737onq7jul6eiwldq2u,1
did:plc:aeo6uk557aswclicj2cnpaip,1
did:plc:osds3kl6phao2brfco2mb2xe,1
did:plc:clre7utub6jjtszuvbsgjiae,1
did:plc:j6fxvc6kdt2aepdx2nwheipn,1
did:plc:nlrlsgp67kzbyfln7v7cerri,1
did:plc:gruncaubanzmn5gakhm53mvg,1
did:plc:a4ajgvqxgxqwphmv5bpednwx,1
did:plc:u6wntq655ubtrajcy627j775,1
did:plc:5azbggyzfhfsycci7r7dakj2,1
did:plc:e3jwusilbfj2zmia2djl557p,1
did:plc:cutxxs463stb442ngifjm6ke,1
did:plc:7kjk27cxb7s2h3xc5s5yojor,1
did:plc:73i46c3pkh6b6tsuurbhgmwp,1
did:plc:dkwl5pa7xo467u6lrnvmtpvb,1
did:plc:5wbpz573z5lg3e4q3xzq6nf7,1
did:plc:pht64lo6hel35mkm7nnewche,1
did:plc:nniicosp4uyylynuvworpkbq,1
did:plc:lcdtgnjj4ykeg62nttb6esp5,1
did:plc:5t3gg4aaeqrnuzgxihbmbru5,1
did:plc:6jzl3umb5eswo6b3z4het67u,1
did:plc:twjze4qqf6fgxz33ct52wlnl,1
did:plc:vlkiuia3tzyqqdwmgk35iqnb,6
did:plc:egjais6snt5lu4urk45txptv,6
did:plc:jy6tu45lpsvf2enidbv2yh77,6
did:plc:ftrw34hfhl7pdoigkrwfyf76,6
did:plc:7jwujmvpvi5gpnrm23edpkfx,0
did:plc:tcicxrvympyneu5wbrkmgvbj,6
did:plc:fwcacj6q5qatwxb6fx3nigsc,1
did:plc:od4agmbsnaelt7lczcpfivm2,3
did:plc:tgl3dyc7ogmrri35wacp7g7s,6
did:plc:my5x3kz6owobc5mcncdo4iwc,6
did:plc:o4ahcykv3wvi2uysmhptzrov,2
did:plc:4uvibrw5443voub6rmpfnpsi,5
did:plc:zmxjxbfjhwyxyrm76gj6ycdt,6
did:plc:gyhn3lnkvpo6xid4l6tawxzv,0
did:plc:3xk4su4izk7lzk3vdzdzuch7,6
did:plc:s433irju2xy2imjy4ei2ikfx,6
did:plc:ha7rj6xz2t4h6vw3c2fyfskr,6
did:plc:7odhgjrqjyqrjqvzxxmqzlz6,6
did:plc:jsmr7lyw5rvrpfogr2kc6c4y,6
did:plc:fwks525g7gw5wc7ul2wg4wj5,0
did:plc:vj27goe6a4rlqapyanu2vxdy,6
did:plc:b3igxlkvw5hbsjxurrv2xb74,6
did:plc:tyj7f5fzm3wh7aybheujep7m,4
did:plc:skn63wa3jckohkbtpabiqbw2,6
did:plc:vtwivksl4dyq6soeiawmaea5,0
did:plc:wwbktud2d34ont3frkv73pjo,6
did:plc:7xvfrsh5mxugjntzqgnszwaz,1
did:plc:qhcyuyesf35ddppxpdoysxdv,6
did:plc:etkgpjuvhfxgbe55f7kewofu,6
did:plc:24xrc24xhsziydeussxkpnno,6
did:plc:ayfihfybsf4qvs2yujyaa2sn,6
did:plc:7kptozpuwjyw6c2mn6jwqxcn,6
did:plc:zog4kr26hmrfmiydtbyhwwhy,6
did:plc:vl3s6xllfmnyikqs66j5adyj,6
did:plc:bxxv3ty2lwpzyivx3axvq3fy,6
did:plc:73vhxr76y4hornoyoa5nwcat,3
did:plc:zpfeiadwgseyrojufo2qkbyv,6
did:plc:cweknx5kac44oiafuai7odpw,6
did:plc:jkmde3fimxapu5p3yttvko6b,6
did:plc:c76gbxtfzc3z5f7byx4ndwbb,6
did:plc:sq46bqlexj3yonr42hi754xy,6
did:plc:urojypmm2crv3aybpoxebc6a,6
did:plc:q52q6fmc3yt45tixtlrpydhi,6
did:plc:4g5f5vobtavvrtlumqdwvs4i,6
did:plc:2zx3z3uv5suiw75hkrmpjoa7,6
did:plc:7ir2kxyehwlzmodyvmp5m6of,6
did:plc:nfuztoqk5gl7v3hpi7vwvdhi,1
did:plc:xwa7bqilcayrbrrsy33cxr2c,6
did:plc:nwgmo6qceesfgxqxlg5bwub4,6
did:plc:hbgjdi7zbb7zgwdsttiegt5z,6
did:plc:dccln6hu2g2wcc2nafnrevze,6
did:plc:nqfgd25k42mx7fzof67z52nz,6
did:plc:svdw2gblxo5c2xta64lzyjka,6
did:plc:4xu7uebkc6hptyo6kbuuywef,6
did:plc:mo2ogoexxumfl5t3jvitebek,6
did:plc:aowyunxnjgo42krgammgbzvu,6
did:plc:7rtxsl6akfz3a62jqrqb5ryd,6
did:plc:rtswrhwscovxlvqqpkb55xk2,6
did:plc:giwcvdumkzfm723eadpeakzl,6
did:plc:7xquoqkwbmnuga7lccq7noms,6
did:plc:l4csp6cqu5y6i4a46y6fy75e,6
did:plc:kk4wwtdqyi6eu3dklzb6z3of,6
did:plc:n5vn7dakcsx467cznu3laszn,0
did:plc:jvavrhiolvsiuovnvnjlbnd6,6
did:plc:5dpl4xmayfa6nlrkwneg7ec2,5
did:plc:udx3xqsj65igmkdevlp3zpzh,6
did:plc:u44ya2j4odvejj36o2muy2gz,3
did:plc:kaktm2uiitmotlfryricqfvr,6
did:plc:f5jqrj7vhe2e46o22usd6wl7,6
did:plc:7ipwc4mdhg3jxspqex3dfukm,6
did:plc:i57mu3ybqasg5rau3zptde3i,0
did:plc:x65sneamvxozwuy4m6zeyero,6
did:plc:bih4jqqf5ksftprpnsxafrfv,6
did:plc:cdqxiazidrwvfibnrzcc4shc,6
did:plc:umvjagg2mki5pemnmhm2wzrf,3
did:plc:dn26wpoftqwvzt52jdlefnjc,6
did:plc:u74pq3sm6lqhm42i37ubrroi,0
did:plc:tty4rtajzevqwf3646bob3ya,6
did:plc:yk3inf3gffh3b6txe32wmbmc,2
did:plc:uymifq6lsilojfy6i4du5u2f,6
did:plc:ew3xlqdtilo6c6moi2hsniys,6
did:plc:p66b7zkep57fp4rhrtktsdni,3
did:plc:vwpjivtigcguuduqpodje5k2,6
did:plc:apptgtklvtuhahfdah7qwhdc,6
did:plc:ok3ms3dzop7gcwejp7lswhpi,6
did:plc:lpbwqz6vob2472iyra6usdm7,6
did:plc:gde7hfhiwcnglk55taya2ljf,6
did:plc:t5yjf3iirxqctylclrawr4ew,6
did:plc:mulpjci2cuglde3nw5g3q3bs,6
did:plc:bex67rvhljt66uskv7nlnl3s,6
did:plc:hv6jq2cogampxha6pjkcxanc,6
did:plc:xo364vlmrml4ymqwkv4lztfx,6
did:plc:osdkutglzmjc3ku3yi5fkxuz,6
did:plc:ennzd6hkofwk5plhapacj2hg,6
did:plc:vsqpdbfrqt7p5p4tlssvjvop,6
did:plc:widamb37zmdkjc4uiduksrop,6
did:plc:tw3tsggqnavrd64w5u66cicj,6
did:plc:2lzzbs266lqtpywzx5v7i5lb,6
did:plc:om45ty27y7a3pvaalsypg4r2,6
did:plc:oaa5bxwtw6ulijb2lpy3qhqf,6
did:plc:2r3fgzcl7bakqkenxoc22dgg,6
did:plc:uic7g5dbjblmsdrupwns5c7j,6
did:plc:vluzl2ztfkijg4sc7jeolnh3,6
did:plc:eaxgy7wxgftkykgg7etnpg7h,6
did:plc:k6xwif42uoqvudnfzsytrliy,6
did:plc:bfqkzxtvaqmhhl5ojo4itf6l,0
did:plc:iz3omt5wipswrloz4wkbttin,6
did:plc:koroq5qxqheuhswvklge6hyf,4
did:plc:6nzovdjutb6dqsfsilotjqyw,6
did:plc:bpixkjbxcfjodgrvkshdbey3,6
did:plc:fypeyccul5paxkkby6k6ybnr,6
did:plc:e7xbxyffjr2xgibc2qz5coe5,6
did:plc:zei5adol537d27mpk5rgwuoj,6
did:plc:snogikflipyveuvzcndrxgzu,6
did:plc:3mnvqdcgqyw5eituqeshtm6a,6
did:plc:vtgm5s3gi5pvdtpfs7fzjcla,6
did:plc:k4lyzrabqv32joaf4brcgaa3,0
did:plc:2qphkesytn7nnprj7yu6px6t,6
did:plc:zjmuovbi77iryuhtsy2x5nvv,6
did:plc:qx5bfffq4myl5yyhxtoeq2lj,6
did:plc:fzgbwydt5bps6cgmaklmlzm4,6
did:plc:i3kzzjwff7isa3krr2jbewqa,3
did:plc:k4ymokzajp3gvvn5gy3jivyq,6
did:plc:erjkltyceir4w3cz3ovgrhx5,6
did:plc:ddj6wyomly3bhxvy3e266psv,6
did:plc:pbmencuhzea7zwv3ac5jhjv2,6
did:plc:246n24dx3kvnjbibwhyxi7jb,6
did:plc:xbd22otja2q7hai6lbu2iqvv,6
did:plc:3ivlgaprsvclmjvb4o6xqqbz,6
did:plc:67bgg4j34njbopitm62cvddy,6
did:plc:3utt2uc3mnlsbqbhnnuj32cp,6
did:plc:vfktz6qe6vy7serr3wqutpzt,6
did:plc:t7jwun55l35lnxsvyrs5mc26,6
did:plc:znhcl6jmnuidrsc4lg54hq6j,6
did:plc:it7jfgciv3ps7bvv2ba3kg3b,6
did:plc:6thbwp2exdiyifcnkswgemph,6
did:plc:xllqvdciro67aa6g4q7c2jbl,6
did:plc:pyyf6puwgijrxhsxh4hyubuq,6
did:plc:jcoy7v3a2t4rcfdh6i4kza25,6
did:plc:4osow5qnvskugyberm7r577n,5
did:plc:uwscsrt6wq2pahbzef2ncann,6
did:plc:r6amqnkayuymmpfb75hi3en6,6
did:plc:5ehzholeiq4msuq33g74yc37,6
did:plc:gmqmocsfyk35etn5o4xhd2z4,6
did:plc:fqoiedutu4lfeadb5s6d4vgi,6
did:plc:z5snxcdtjgwefzlkjxvgtgk7,6
did:plc:f3jxtgz7tnwvzkpgzb6wsqqj,6
did:plc:wrpxomjmmpltoigydtidhc5z,6
did:plc:dtsjiy5p6siu5bsr7hsa2i4r,6
did:plc:tplnl5uixkw3e3sovajs5lrp,6
did:plc:ozlrookxiyjyugbme7hattod,4
did:plc:o7kgvynywrs7w7wnfncn37gy,6
did:plc:u7ssvn6xzx3kiunov7pqi7ur,4
did:plc:yiht2spe2sqm23m3iowdlhgz,6
did:plc:ujrrqcre7nkjc33eauwxwdiw,6
did:plc:hqrbj2745ifbsshmr3eh2ks2,6
did:plc:vcjhk6pveljuwujipu56ggau,6
did:plc:myjiumwk5lnqirnf6wdd6nhc,6
did:plc:eesggpx7otmpisbj426qdpur,6
did:plc:ivl4kobez5hrkbloupjptgbq,6
did:plc:bkere2bjc2ayrno2m3siirkv,6
did:plc:qkfeox7i5tb6ehhlr6zgzwq6,6
did:plc:tdhfbju5nml6p7goaye5iiqj,6
did:plc:5up5tmwznbbto2dg5w52kubp,6
did:plc:ozdfkjnpu7jvkilsjv4gtq3w,0
did:plc:7hsnhyve3clc2crizt2ttrxz,6
did:plc:f5d5dmhikh2lg5ah754httjo,6
did:plc:thmedciwecqorzafom6er44j,6
did:plc:4qfsvl3gu7c6zgrgzdjsxzvv,6
did:plc:yj436z2s2v37rvaw33lc4ryq,0
did:plc:zjfqitgtre43o3b4ccycfyxk,0
did:plc:yckf47lcsg74nvdrsbcqypst,6
did:plc:iucmieoghbyi24p6s3zdmgl5,6
did:plc:ht7g2xwopemsbjlahyjkgnnt,6
did:plc:kifd2paoxvt7qkgfvwmg6cog,6
did:plc:b5nzrt7sqrcma2vki5r7ychg,6
did:plc:nocsv37yr3hoe5nvsw7ssqsg,6
did:plc:v5anptsrtoyafmulbtbd6hib,6
did:plc:fa3rwygrp2ebgwdiq6sjn2te,6
did:plc:km56a5fmqt2fepcao7yk4spc,6
did:plc:oufg6e5nbq7kcfr3run23fij,6
did:plc:egpjeq4etdp6pkxqutll5wsd,6
did:plc:ng5oirkcsk3g2nlaatz2bdkr,6
did:plc:nrjvetkf4nsosk4vililozku,6
did:plc:5xsbsgyyo3mlomihkomm4zl3,6
did:plc:vqtp5dj2o6rqnge56sz2db5a,6
did:plc:rd5ctye7b4uvqzxmi7ioo5bf,6
did:plc:uagtncdrqgfad46ggv27ihlk,5
did:plc:ydjdqwha4do6ny6gxmop4mvq,6
did:plc:eohwguqycn6dylzx5jbdzm26,5
did:plc:ttkobn5b4lsaodrjlwiymcne,5
did:plc:bobxxns7mwblw3oqu4ta2rrf,6
did:plc:ltjdzpltu25e3k7spbh56qlb,6
did:plc:e2tjnov46jx2dyugom26iv4v,6
did:plc:gat7x73hgythbtadkfncaw2o,6
did:plc:2evwldvoewmncqgbq5ehlhdn,6
did:plc:ox7qiexfggjjyax3kxj3gftq,1
did:plc:qtvp6biqupdiebznt4gezkj5,5
did:plc:gxcjodnudyteuf46ap2k7oh2,6
did:plc:vcjwdyrd3ynd45dogxxs7izj,0
did:plc:ijtxeaq7n4zybmlrofg5fxn2,0
did:plc:k3d4zxumwkj6la5x4myfjafs,6
did:plc:ujvzkfc7pqwyc7juknjmtpwl,2
did:plc:o3nkqx3jmvyoxaqx6qwn5hxv,6
did:plc:3mrloq3xnixcgn3bcarysqmk,6
did:plc:ea7pdqfezst364gm4kdsdoop,3
did:plc:257mlmai5nguufse56vjeqmr,3
did:plc:hlcgnj7diwxv35yb5qjjviyj,2
did:plc:quorto4gdrrvk5gn27l44b3c,5
did:plc:5g7p635o5tlx3umwtd7yybbm,0
did:plc:oljbm6gup3trmogwmrx2wiw2,6
did:plc:ujckarzdbgabawjsukkpyat5,6
did:plc:a42aay2lt7l3rj3u4hi4ajiv,6
did:plc:5epaedyzrdghz5tglz2ubhof,6
did:plc:5v75lrkiwddllkzp7mogzg2d,6
did:plc:2ktnhrldiwrqej6qhnuojjyp,6
did:plc:audsozdksjwrci4byge3trg2,6
did:plc:nwhi33judxsx35j7vaayndux,6
did:plc:gamxnffpt2rjb6snctf4fdcn,6
did:plc:tawdul6fd62fsg343iyzltx2,6
did:plc:qkbvk336mvffz2mhjksr6ou4,6
did:plc:xndxlbqz2blssv6eghcioocs,2
did:plc:jv3wc2rbc6zoszalxw2bhz4w,6
did:plc:pdvoxeret2wq6tzu7gxy7eeh,5
did:plc:ldxucc7ps2gxaqrfkzlxy3u3,6
did:plc:zbv2l3732zto37vejwaabrkj,3
did:plc:svytynup7ityevlnqzx2guew,1
did:plc:pkpnbc7i35m7yopdzngpp7et,2
did:plc:typ2nljbihoyddcs5gg6et2e,2
did:plc:5gdtdgzdzrhnjdknfjjzdyb2,6
did:plc:z2x6yvg6kqtmmovoybpzsrkh,6
did:plc:oa3gohb2wnkerfhatqhvtg65,1
did:plc:tsyxapgfvxc3mtm7xfhbpqsg,6
did:plc:mjkrxn3bqaa2cgjv5i5mcviv,2
did:plc:j7vdsbpm3hhhnnr6tgaqma6i,6
did:plc:hggf5ccqabvgfuzgm3perwxn,2
did:plc:vq4aifkcr7e65pnyyxk4536n,1
did:plc:g4gfqrnvfuvx6n5eiuhpzxkr,6
did:plc:pc4yv4dcwayfcftjqkmxc7fr,7
did:plc:lfyfoqxvrs7sqjkc7kzwrmrq,6
did:plc:bshanyjyaidxb6gvjlg4dxa7,6
did:plc:prhunokaxiv3ic2xx2hwpfgz,6
did:plc:zzj6e3hixqv6xv45xa5i5wnc,6
did:plc:xugrccgcsobrhtzvsmb3muyv,6
did:plc:hwmajxq7vfd44zszy565mtms,6
did:plc:bfxpxuitvxalulrsiqscv2vx,6
did:plc:amwz62pqxf4ko73oj2txtnqc,2
did:plc:bymrj326trndnwdydqs4q2rb,2
did:plc:adhwphjczh6ldiuf56puqdsp,2
did:plc:g7ttlfkn55nkymcelgjth7fh,2
did:plc:acquht353r3u4nj7ycclqnrp,2
did:plc:2vkkctkav3uu2fnlkl5e2iuj,2
did:plc:zizdg34vkyucnz6hwemwfytc,2
did:plc:rjacgfxks2z7gq6sjyxtt5u5,2
did:plc:5qrovnzy7d3pbsu2lnidn7it,2
did:plc:q62hbmo4vqolxwneznwcjctz,2
did:plc:hgaib5ld23hl2g27wpzl4xsi,2
did:plc:aqor3inkvazmcvon3dilxu46,2
did:plc:3le7dvxqc2rhvyswiida2cgf,6
did:plc:jopbwg76bwle56sjy44izuoa,2
did:plc:ysrxam7n23ivw66kqrexmvrd,2
did:plc:dzcirtjwduhniuhdmpar35qi,2
did:plc:sl44nihlzfzs2n6pvweuv4tl,2
did:plc:lzukhqfwrcaldtsdjftgpqts,2
did:plc:4a7dg5666wqb4bzmarjfwx6a,2
did:plc:phzahgq55dy4khtrwih4x3q2,2
did:plc:ujktbpaghwpy3tcnkijpn5sn,6
did:plc:t32sz22p3yycxkrt5vked7ep,2
did:plc:6jbpdbu2m45mqnxeghzzoteq,2
did:plc:lnqg3zf4ppdwoev36zio2wlw,2
did:plc:ghl6k7bcrygtzmfmbxkzbwsr,2
did:plc:m5f46bw3s4q2mcqvi2hi2umm,3
did:plc:srrjftp6ktctv2kxysmctka5,3
did:plc:sreqivflfhpojwgfmpnyx4a6,3
did:plc:czuppfcvwnih37asbxdhlare,6
did:plc:wp4rhvosdmdkr2sshln2q7yi,3
did:plc:ebb4bixda5cf5prgosmxl5dh,3
did:plc:ooiw5n6xm5qnhxjujnub23xs,3
did:plc:e4lce6dlicxzkdbqx5fpmpok,3
did:plc:j5xsywveb4ulgrvnolq5kfak,3
did:plc:zzbcvgcv4yftvqc4vhnkrg4p,3
did:plc:z7737n6y7q3bvgkuh3que444,2
did:plc:y4woy7ynt3z6c6erfy2oqnzr,3
did:plc:s47dhd5n6msil6mlljv4xobr,3
did:plc:2vo2tdhzyaotdsmsdhjmadn5,3
did:plc:cuj26oksjxwpdytrfmpogs4y,3
did:plc:lf4a2b6djtuv5l3lz7ffsyv4,3
did:plc:kfca4dcbow4ahtqrj3aenu3x,3
did:plc:ru6w3uwu5zru5x477tb6wzav,3
did:plc:pfsjd3knvzua5y7gcfz5dbzs,6
did:plc:c5og76aj3f4rlripq4rkvwqw,6
did:plc:r4me4di6ubk2ovpkatn6dobk,5
did:plc:p55pxal5gha5ixqgsguvuwzo,3
did:plc:a2seomxzjzhmk3uwicmmvuep,3
did:plc:ffubjjg2dccq5rxw5oqks5gd,3
did:plc:aci5hpkv2beiikm3wtltjzoq,3
did:plc:zwdr65bs2awkssvhrjgbxvge,3
did:plc:7ay2hwhffmocrevll7riribe,3
did:plc:giqkhhqkngexmbvyrngpc56z,3
did:plc:sn3ufxouuscp2obi6ncffgfe,3
did:plc:6rq4vseqhf72ibqzeaq7qabl,3
did:plc:ib2dw4rvxcjsfxteesgvg2uw,3
did:plc:zjp46uh3k5btqtdgbyjy7koz,3
did:plc:twjl5ymlokty3egctlghkwhn,3
did:plc:kkc5mqx5du6yi742qvd6y6df,3
did:plc:55pp4jbrmikl6rqknibauri4,3
did:plc:upyqtagklduknyle37vct32z,3
did:plc:mhz6qmqs4pbltnd2roskj4uq,3
did:plc:ngrgcve22ol42z5vvpjv5qlj,3
did:plc:kihjx6goojyosqpsvve3c24u,3
did:plc:s54etfl6saiywxzlduzmtrx5,1
did:plc:tfu3ovc2isupexmm4l3l7cl2,3
did:plc:ott3hsro5cdbzdob2vwacmcl,3
did:plc:66ealeut54i3dvgseb4gcn3z,0
did:plc:fp2deh6yx6s6fgovj52hvqzk,0
did:plc:mehanjcfpwtmlgoyzmku23xz,0
did:plc:opuy5uatbeh4gimdennej2x3,0
did:plc:4pnzuplvbubfwuzeeheqjidj,3
did:plc:2jibvecxqio42sy5yc5667eu,2
did:plc:adlxb3h3sqyaapvtqvsogmkz,3
did:plc:fmdhkliebgx7kgomtyapdq7o,3
did:plc:ugpn4jyeilrzzwfxpdoimpqj,3
did:plc:a4kqlcbsl2f3vkq5ey5t2w3v,3
did:plc:kqdb4vnmyw5z5fmugzmm345d,3
did:plc:x2tditpcv3mdzlaa6lo6uawc,3
did:plc:alg4gyv5h2fcotpet4pdrykg,3
did:plc:2snyqwrxaitbvoycjsqqj6ej,3
did:plc:o5kcesed3m7lldz33czxjjw4,3
did:plc:kmr4i2wdexhn6ln72e6s2qvw,3
did:plc:y3kx62j2inttoqh7cjqcvpe5,3
did:plc:6owq635evfesb3l6f5uqjj3c,8
did:plc:3i5cto5zdupm5hqltfwa6avj,3
did:plc:q253y6hlydygskrxz73bir3h,3
did:plc:fi7n3ciupc4o3iktnd4nenon,3
did:plc:mlsdckzy3nnlnnc3axlc45y7,3
did:plc:ezmi3vbvjo33w6g5stq5kars,3
did:plc:3bxupzhgt6yn4qfewgw7ilsm,3
did:plc:gedjpumccbfvlr63bkve5mks,3
did:plc:osajgugk7m23fnke6cpxvcun,3
did:plc:yf47mawbin6hbiqqkpjid7yd,3
did:plc:mf4lrqndyncr3fgvp2ft3mwy,3
did:plc:j25ugvcbzgir5hrhhtuubugl,3
did:plc:6lyelm5bigtegc7tef7qmyse,3
did:plc:4x7znvua4theug7bjlxoske5,3
did:plc:xalwkllstqnkqe2wtw6jqb73,3
did:plc:q5qyswhppr7tiskw43xhcv7f,3
did:plc:g3ndy6j737335wa5op3g7q4v,3
did:plc:g3nnodjgfmhvv5bx5ibavtmj,3
did:plc:7dmz6ahybjr6obr4pwxkttos,1
did:plc:rquvxjlrf5drgxokiyn4g5fl,2
did:plc:j76aboqooy6emrbzh4i4zuae,3
did:plc:4kt7vatyqga7nywzxjttdn2a,3
did:plc:xe3wo6b3brulbwyaqtvoqhqe,3
did:plc:3arnf3srohhzxqmfcbduw7xt,3
did:plc:qhfabpc44nwyttyvo2rfb5pj,3
did:plc:zcyae526ub7qeaies3jhbkdi,3
did:plc:kj4rpxx3xhhy7asyflb2mu7x,3
did:plc:ir3pvglfrlkg7jwu4mkhkqxd,3
did:plc:4b3kcepclwkbgc2uspxzwq3o,3
did:plc:jlpewlbfjtuuqx2bxl47y2z2,3
did:plc:trgy6qs77c43xy4pv6a22esn,3
did:plc:myndmpkmeoztzvuee4zg2j47,3
did:plc:g2tgeova6fsm6ndfel2iidla,3
did:plc:ihb67dibxel4munpsubl2hs6,3
did:plc:bpcyql5fopas4yy2eytglkzk,3
did:plc:oqfypnp7um4mbpfoiahgkew7,3
did:plc:re76plipzcj5uz6iffff4biq,3
did:plc:uplonkhi3fzqnbkcilfu6bb7,3
did:plc:fnthvtpa53po6kkqiiuixp6n,3
did:plc:zcp423kltxhx7if454oj2smc,4
did:plc:ajgwzn5hjkyoowz42i2lk425,3
did:plc:ywwfjegqm6wuupdnc7gte4qy,3
did:plc:m22hdoowrb2s5caxbvxw4vr5,3
did:plc:rcgpqftw3getllut3bwepkou,3
did:plc:jtzxnbwxwbywld23yvnyokzf,0
did:plc:zzeyklepqhjbuba7d257g7ki,3
did:plc:vovinwhtulbsx4mwfw26r5ni,0
did:plc:qougpda3f2sgfyco7qllxoeu,0
did:plc:do2dvjyj5woue4sxa2xmbjcq,0
did:plc:z7ppmilvhdh7wxdkt45l7dig,1
did:plc:khrfdnvkmat5qo2tsotqgqce,0
did:plc:uaxokth5sxnedero36w2e3dd,1
did:plc:6u46ytxyyjtosco3zqypvnfu,1
did:plc:d656x5rt365ylfpbzpwgpl4i,0
did:plc:kjjy6ogfezc2jhqeysgu57h7,0
did:plc:wbab5kefzm3if4f7dvhxxll4,1
did:plc:za7qp66eygvhhkfn2ylyhjyl,3
did:plc:rtv4ezhkcce5oqqsd5qvwwsb,3
did:plc:vnu7tj33xskldzjw6gbcrzcu,3
did:plc:rtldibarbdyxeuhfa4zbwjnr,3
did:plc:l3n3masujnefccjwjzemjxf5,3
did:plc:5gawcaageslwssk6l6r35lu3,3
did:plc:kuo26errfx7lpucqw7qqpofs,3
did:plc:ojjyljs6le6j6rzbj5w6ewgy,3
did:plc:4v7btvqs6cdl7nlwjqadvyvo,3
did:plc:53gtx3oomd2otg3pm7p5fbv6,3
did:plc:iwe6m2hhajlmyotluyfhooe4,3
did:plc:cwme77j4hypapw5ttr7l7xpv,3
did:plc:v6gfqpjo6xoqx27vn6yfn7tn,3
did:plc:nckgbp52qnt3l2dr45rygvde,3
did:plc:sql5cotsvle2hpngkygpcy6v,3
did:plc:abglf7gbpasrjjutoythjmso,3
did:plc:rbh2lttceg6o7ddmvzliikgq,3
did:plc:eqpkwxetp4lzcppgshzqtf7x,3
did:plc:tetaakvn2cmres3i6fhog2o3,3
did:plc:3iz4yd35k64cktmgv4nbktmm,3
did:plc:4lt6ei2q6wc24uhowcm7454f,3
did:plc:eufrd5vspjpalhpj56m4hzy4,3
did:plc:q6nowc7gu37pjeuaxzh7tmj2,3
did:plc:it4ivqutce625bkku64f64c6,3
did:plc:4ap35rus77cg3lzju2v43jxn,0
did:plc:dl47xq4l7iazkatrwwwivhsp,3
did:plc:lvjdq3atbtjluzztw6vejwsx,3
did:plc:kpwgnthisj6bnewqsrtqi4cz,3
did:plc:jjbsxatjvw35joagnd6ythxg,0
did:plc:syh3oee7m3wm4pm4rhwbhpac,3
did:plc:5ev2a6wiovlv65kjebl5itkz,3
did:plc:xckbhwezzzvc5tqiifihwgyz,3
did:plc:mu2kkjxalk2rbn2u3nhef4lz,3
did:plc:bxny36tfywz2wqjw4jadn7j4,3
did:plc:he25xs7kizd6vw3z3pqb4tif,3
did:plc:lbzefhugmzsbasyrm6qgcgfm,3
did:plc:fqbc6fhqfrjmoaigak6fz7vx,3
did:plc:csi7zlv7rhso5h3znemoxzdj,3
did:plc:6oysfwewegrg4trjok3hbaay,3
did:plc:4d7ls27sds7th26ww7jnwuuu,3
did:plc:xs4erwpgryuvhiirb65igqxc,3
did:plc:7xyenlk45qgszs5pr6luxba4,3
did:plc:ukleazgjb4nzeapx5tquc3cz,3
did:plc:hst7aqpcaizbibxmlnfuva2b,3
did:plc:osh4upcpkie6ve3eifkuoksw,3
did:plc:iyeyoztkfbsnmzrvbj2a647y,3
did:plc:dabmqdhw3xt4r2pzkxuaisqf,3
did:plc:4zuxtjmoxykh6kaipn273dtm,3
did:plc:4y537cdwyktcnium4ilttg2y,2
did:plc:agkpcsr6q5tc7c5clcu3lxxc,3
did:plc:ljhv5o6cqyr6xahbrv6sfwh3,3
did:plc:i7bj4bylp3kwyy2kkptyucob,3
did:plc:2fz7dmxv5aebt2ujvnhwgdct,3
did:plc:sbt3kfwzlkmqtvp4pjlesxsf,3
did:plc:ecocvugnw2ctkuhjmw674t7q,3
did:plc:rk6sorhpoe3w2grcruay5naz,3
did:plc:pcytlcykwu44koixh66i3wga,3
did:plc:tzedcel6stqfmubyemtjzbsu,3
did:plc:cxvl4erbht7in2gmkjnfhdfu,7
did:plc:j56ydp325adovobhwpkzc6sp,7
did:plc:gbqexcy4y6xtqiq33x4rkoep,7
did:plc:izafh6rq5aeijavqi6cf6so4,7
did:plc:dvlwbvsdwjdm4si7rkptxxkx,7
did:plc:yz5nbr4fex6fmkcv4dabg4vm,7
did:plc:gnrwxtpo5dg5atghrtnuq6dc,7
did:plc:7yptrk3whiqptlc3e4lmigsg,7
did:plc:52cotlchfdltz7hbg6cwfu6u,7
did:plc:kmnpi6moaesrgf6kulz6oi6t,7
did:plc:r72xufp44ebzbb6lzr5r5nxq,7
did:plc:7gshuts4g7yaratezw7l4hwy,7
did:plc:imn5zuyki7dqgziteqzfmlrw,7
did:plc:facfc4j3567ng3jegkqpclko,7
did:plc:3c5cpepoyyeotpakn3uc5dzl,7
did:plc:nzm4nk3xatc6fsuv63xhmtol,7
did:plc:vvqsrco2btdcz72b63ammu4i,7
did:plc:jh6gwkha2m6g4ilfbapj27qb,7
did:plc:wwczpwwwpdfhbwxphbto2kku,7
did:plc:kenbh4efyiedp3uvspzqbyxh,7
did:plc:g3halhapvuhut45ynvivugtk,7
did:plc:tadkm7sizadi4vbdg6lalxzs,7
did:plc:fjyulbcuqo2icwhd4wu3bzpm,7
did:plc:vs7yvuqdlgg47cmtk2ogeh5e,7
did:plc:36a6tmujl5q2jvjakkqc4qgw,7
did:plc:pbvhiixvysywotpt6s64ynsy,7
did:plc:sb6o3j5f2w6j5bg42dvfh3p5,7
did:plc:jre5qmj5lb7ort2l55wv4w2d,7
did:plc:l7kssdghmyldbtww4x2lytsj,7
did:plc:ob2g5ro6i3qmggmriywlir25,7
did:plc:5enuv7k7uzv2us2whrt5uxud,7
did:plc:gjxw3rjsj4wres6sjjdwo47v,0
did:plc:t5qipwi32xlk6rx2iz7ker34,0
did:plc:l3deti4ljirzjaof5zbp3v32,0
did:plc:tccmpdiajt2uo6trw7yopogz,0
did:plc:nx7znvoex7ev3wcxn3tipovm,0
did:plc:zbrhmanjs62oyqywjwdazxz3,0
did:plc:oz6bkpnskcieebyvfstd4asb,0
did:plc:twasya42lpacrrncfhcrbjyv,0
did:plc:wo5kzzdgqwzizeyvg5bkaswh,0
did:plc:as6web46xd7srdr65zqxgute,0
did:plc:3gxyh4elwykcdnpci7gmqrvh,0
did:plc:lthk4hcclkkh6wsvsib76zmv,0
did:plc:ux34natbhxube3xgdu3rhf45,0
did:plc:ahcborosqrfchi3iiyhoixch,0
did:plc:qzwzxf5nmwxb2bbgx4lyuqqj,0
did:plc:tob7zx2zlwk35yivtllqa7wo,0
did:plc:tbdtenkid4lhoogjyby6nmi7,0
did:plc:3atm4bo356zlo5avha3bqbin,0
did:plc:kttqo2d7jsenyg3ezqnehwlt,0
did:plc:f24veezgnnxjcqr2blnzrdbu,0
did:plc:qxv7vd77zyb3dwiocgm3aawe,0
did:plc:4icfuf6ur63xf3balpu54k6z,0
did:plc:2ndbi7d2cnnwlytbfxlxqcgw,0
did:plc:j5fbnzh57rn7xz65yjc36gxb,0
did:plc:s5b3x4exyludm73jcgvupe7q,0
did:plc:5c6cw3veuqruljoy5ahzerfx,0
did:plc:4vziktoq7p6jd3i5l3wtmfab,0
did:plc:2buz4gf5sew3rdwzbxsvcd4s,0
did:plc:6z24x4xsbpjii7kpyjspdj7d,0
did:plc:y77n77kdqzhbg647blkfypyr,0
did:plc:ddvus7otnqtlh7fdooxm6qat,0
did:plc:q3glmp5enr5gkuu2uaosjker,0
did:plc:2fz6cb5skwlpndswyo3pubgt,0
did:plc:mqqonqjti5xtlvs76y2zjgok,0
did:plc:63umjc3jjqrv77hc4eehbvw7,0
did:plc:khkaorxvl6o5xvmzmuxn2rl5,0
did:plc:2q2hs5o42jhbd23pp6lkiauh,0
did:plc:bono5gae7m6r3qpfxomshwbd,0
did:plc:ornpixmpy5ts36lh7hmi7wkp,0
did:plc:awujjxsyyc6fenjqgxqr5lm6,0
did:plc:eg6pz6xjlbl2k4h6l3p3honm,0
did:plc:xyddpg6usmgh2t2jgf4e37yk,0
did:plc:w7xh2b3bg33q44qf3lazrjft,0
did:plc:wbmw5r5a2j7txv72ggne2uoe,0
did:plc:yziworuyyjvdkkyysmwtwsr6,0
did:plc:pjiafkey2cokiupsxpswqlk7,0
did:plc:jneyezfr67ntrlxterfgyn5g,0
did:plc:n2kurkne2vwpccuqwz37ggdm,0
did:plc:hthhtetujklon2c7r65cmvrq,0
did:plc:ez2i445ie5lrv2m7myr2himx,0
did:plc:l7s4rksndlrnouklhdrtrymz,0
did:plc:qvyj3hxm4opuuddzrhcbiio6,0
did:plc:uvnsaojku6unlw3zuhyt4lzp,0
did:plc:3gsq5nyatqxqpx3e7rwo4cyh,0
did:plc:gocmmddhwq22kyammex4ixfm,0
did:plc:f3hv56gvg32pbcjslk7dixvb,0
did:plc:qpqyay6mqatzyyet3jdgxiwi,0
did:plc:on5oeywiqx32fh2zau473wz6,0
did:plc:x6l3uz63jjt43tcaif7tdvgj,0
did:plc:lwscu2zqmpig5unnpey25ylt,0
did:plc:4lx6nur5wstwoc4wtgj56kyu,0
did:plc:ydtsvzzsl6nlfkmnuooeqcmc,0
did:plc:kosjh7qmi6nvwgueswipsapj,0
did:plc:7pneu4er4i6cilvij3mxaioj,0
did:plc:zlekb26g7abqatkw442bq635,0
did:plc:occa6kzqgepazfwcyzzfljbr,0
did:plc:ovioxia6nlp5luphgf5ovg7p,0
did:plc:ts6bnbga3z6anh2ftjsmk3my,0
did:plc:6wpkkitfdkgthatfvspcfmjo,0
did:plc:rlr4e4zioxivpndzr4mqw4r2,0
did:plc:jg7zvku4khzmvyjwbzv4lnly,0
did:plc:ootkfblsb6z6apx5fbbuxiaz,0
did:plc:qpbt2oo6xiny76sbzw4qclkc,0
did:plc:jjjebqhi7xgzrvfkrydza6ld,2
did:plc:epiyxsrcptp4cibnmnj5mgfb,0
did:plc:z7znl2pr5ma6i23szmky5tu3,0
did:plc:64cdy5xn7qtgd2prtqcavb2t,0
did:plc:ryjmqqquvltpslijw3zl4fln,0
did:plc:flyabnfludjlrwllo22mnnoj,0
did:plc:mxt2cddh76wwrbqycvolkykg,0
did:plc:57vlzz2egy6eqr4nksacmbht,0
did:plc:vfxzsm2fz7fkdkhdw4vylcfz,0
did:plc:2hltimymy65zl5ba7ifsq3qr,0
did:plc:kt2zctmdgemvgnnswqi7246u,0
did:plc:five6cqyahjwpeyjrumn6ogb,1
did:plc:ne42qutojehgfrgyvt276ch2,0
did:plc:hrpie3rufkhpek2o3atjh56s,6
did:plc:6fnzney5yhgjcbw664awibcm,0
did:plc:woqp4n65iivagbx2ci3jz35o,0
did:plc:4662irlra6xkye2yojj2kxo4,0
did:plc:o4hu4hnzgs7p2u64e4gjuaj4,0
did:plc:6sfm63p34dx4x7spt4fiohvj,0
did:plc:fbrgrybpvhiduqg5yywuy4p7,0
did:plc:pjsvqgx5c5orisjsiexxtqwm,0
did:plc:zfm7lpu7g44miwgef4sd3kig,0
did:plc:voncg3gphxq7hlgse3ppatta,0
did:plc:44sxa2yf7mhskpx7d3gj4jld,2
did:plc:6hjscw6ze4hlll23h7c55f56,0
did:plc:gcauutucdqsmn4gnlwfamnls,0
did:plc:err2e7li226gtsdee57iam23,0
did:plc:3qtuccwto6la4g74dyft3bmj,0
did:plc:qpwqyr7hpaw2abkhak2ur77o,0
did:plc:ndxd4h47nhylsdfke4x4arlk,0
did:plc:5gdjq6qb6oratqtdfchsqbr4,0
did:plc:2vvb2kgdduyhrtqrclnnarz5,0
did:plc:utew5zhmb4u7mpviifpnmrpj,0
did:plc:hbztaw2phvdqthey4fwigehh,0
did:plc:nl3orhy4qb5nr53bis2pogxp,0
did:plc:fn4hfqknpyitrqhdnob7pe52,0
did:plc:ggepzgefk3tfgqfoujp6ipyt,0
did:plc:jmy3bhg4qwjg2kfi2djqqukn,1
did:plc:fm7j2c3z7vpuajv25os6tkeo,0
did:plc:e6lawq4xuwggyypxomnqguhr,6
did:plc:xqc7s4lxfu6wyhufkw3rt6yz,0
did:plc:anlicnys5zv7r34wjfnko6pc,0
did:plc:lca75p3erztcwl6eyltmpspx,0
did:plc:ayutykgvyf4x7ev5ornltyzz,0
did:plc:3wuydmiizgqfxvywy3jzp23b,0
did:plc:sd7xdqrxc6q77zypwtqvc72h,0
did:plc:ctljvhqirrb56rko2rysxkgg,5
did:plc:hx2nqa2o5n4fdgyxdya6ilwn,0
did:plc:lbzy3ajhbrqhvwlrskjnedv2,2
did:plc:l7jtovrk5fpc75abqp2ja4pc,0
did:plc:spriq3o2jw7ukbjvyezywet3,3
did:plc:4ienoje3daeuvqoe6v5j5u3u,1
did:plc:tw5b6pmw3zldazb3vbiedatd,0
did:plc:3das4o2tswwjsxr4ftsoauku,0
did:plc:t46sqvutibvsmjgwn6r6izve,0
did:plc:uouqiulc25dsrbr3mmzzyfim,0
did:plc:l2xv3qrv4oz23pg7tnsrrwqx,0
did:plc:npzpem4l5upqysxcedzdrg2f,0
did:plc:iur3cx663qsngukkiyf62gud,6
did:plc:qejcrab4vbkmbc43njnwtszn,6
did:plc:mvos4vt6mmhdpj7avvd2grgt,0
did:plc:tgb2xkb3y3rfdzy24ay3y75q,0
did:plc:vsyx4qlw3ztv7ohhyfzdm72d,0
did:plc:bemgc2akibaypvewcb74ezjr,0
did:plc:bcwzubyez6ekl7yvoch7u4wi,5
did:plc:qpr4gjglvtxexsaqpbwtna6w,0
did:plc:7yd3ragmxsrlz2sa3ctafgtr,0
did:plc:xqupx7osei456mawzwxxlmvo,0
did:plc:c3godto4eotqptwcxhrzdvfn,0
did:plc:w6r6glo47lxhven67af72vxm,0
did:plc:trf5lt37yryfnp3mgs75c7f4,0
did:plc:nakz2fndgfjyoeyxexdvttbd,0
did:plc:45iekhajdmnxcuayndwsfxhz,0
did:plc:cwtputkum3q7rtxv6fzyqu2x,0
did:plc:7feko6qtv6oxxjcuiqdz7dp2,0
did:plc:7foaugiyxrn5iwxml62r5r6w,0
did:plc:wto6opa4zs3vbv76sfgqs4uc,0
did:plc:twre2cjedjhyd7ehg6qzzxs7,5
did:plc:rnpnd4p7634i35qosjbo3gfq,0
did:plc:dmkivl2zczjoikzxvnsxzaop,0
did:plc:rh3rd65obpbgpjqigi32mhjg,0
did:plc:wex3hkvi7qxponj6o2munw3c,0
did:plc:v2rs64wmlua4scd5qi5yrkpp,0
did:plc:bsiln6s2mqwfa4ajte5fle4e,0
did:plc:pbgvgq5ce7imryd6dibzd7xy,0
did:plc:esrrgaktqbyod6pcd7fvh66x,0
did:plc:e7237jedczn7p4zxy6j6zhzl,0
did:plc:t4x2ruk2qmob2b2cx55h4v7r,0
did:plc:uacctp3vxyrgkdhqn37hlyvp,0
did:plc:3nh7csq5pyhri33a7xvhiu4j,0
did:plc:pmhczf3sepphp4zvvyz42jib,0
did:plc:pic4bxm2jigkkdyaedtbbpb6,0
did:plc:6waxgers6k753hgsmh2prmv7,0
did:plc:4txx6cwpxn5wbtalgjnkpu4w,1
did:plc:v2pyaqm7fo5awqqjt4f3drfj,0
did:plc:rz7yrvnnk37zpuz5n5jctzdj,0
did:plc:w3dnakcqsfakte4xdlbpxegb,0
did:plc:bbvwih4x3leppgzbwclat57t,0
did:plc:nk3af6n6slzul3oqzd7u3xb3,0
did:plc:md2qafbm2rbsm5n2ysiubewu,4
did:plc:jmbrd5wbriodhjdutmh4bqug,0
did:plc:g7ku6rv7zzfgd26estfsgegx,0
did:plc:zlv6yt7cye6eihhy6cl5gl6g,0
did:plc:qpr67w24xwis32et74zxdtwc,0
did:plc:of56nmyuqzvjta7qlf7gwht6,0
did:plc:zltiiulpgfxsye6u7xd7qzjh,0
did:plc:oaif2zg3nznzzjdah3dqftpk,0
did:plc:r34pcszfdetp6spc4qfbzn4m,0
did:plc:joadp2oerpu26csiypf25dvv,0
did:plc:jlagqur6c2ghgwca7lpvfyso,0
did:plc:q5s3sqzvmrczhtbl3kvnupkq,0
did:plc:4ffx2ptgyrwmwq5iyf5rcg3v,6
did:plc:4etkwrpdfopcun6v76fujuim,0
did:plc:2q3khx5oyvyht6zdcpjzflge,0
did:plc:wlds5hbnayq3lxdw42a7gpbk,0
did:plc:pv6epdnevo5lmdatgytbunx4,0
did:plc:4l47dqfpgdtmdd6q24xi462e,4
did:plc:jzmsn5inkriq3dkuqda7mtzw,0
did:plc:4a5fkg43dwxhv7bfgi3da7gu,0
did:plc:wsc2r43gwy5yftirpc62uvnq,0
did:plc:2yehul7kewhtyhf3royv4nei,0
did:plc:yxvl26rlm4rljb2rcgglzudv,0
did:plc:akou5kop7wmwqvd7zcjgvnrv,0
did:plc:o7wok3uun5bmdlaoke45empf,0
did:plc:zjc6coyf2wifffep6frotq6c,0
did:plc:jtkhmsqk6bxzicimxfpyxgna,0
did:plc:o4q7iorj2f5xfaqgmtczjtsw,0
did:plc:a7fjhonovvowt5ocf6je2qiw,5
did:plc:mxtfdsbx3k36ms6rl3fkglzb,0
did:plc:enf5ndvd4poviunakfftwi4w,0
did:plc:uyh5huzxtthtkg6htsgt56lh,0
did:plc:ew4mxqpkqzu3xxh6lh5mqwo4,2
did:plc:6ogpucy7kpwtjvjwn6sekpsa,0
did:plc:nanvadnbsele227q6jow6xoz,0
did:plc:bgpts2fvqvzgawrh5pokmty4,0
did:plc:6dppa2ywmpkbmel6idpfo5az,0
did:plc:5fdu5vnhavenapei6aigyigu,1
did:plc:2kbkozqo63fxdqm5yj3qlwvs,0
did:plc:3hpkklsnpkv65xf46q7mnibn,0
did:plc:jegl5qdhv2obobhr326womff,0
did:plc:b6v6nbvinuipjvfvv5i6caqk,0
did:plc:b7fve5g6gcmtujabnr4nrqjm,5
did:plc:4i56pa2k7jhi3tr5u4bjprn4,0
did:plc:wg4pfhkwldtqegphdlw7shso,0
did:plc:eonekhi5niboa7setutracbc,0
did:plc:beirch5u3d3ybvuct27mtyxd,0
did:plc:xecv4ogkvdcgooixm75pgn7k,5
did:plc:iqljhm5do645v3g44kxclgm2,0
did:plc:gxq5l6lib3gdmwbs6y4tdj3r,0
did:plc:sri5evokgp66k5wmjtezfzht,2
did:plc:asehr5jsyfijas7hkqwsx6xk,0
did:plc:yn75hmwkitdshnylue6d3grk,0
did:plc:quzcwmqdsnbosevdgj3bmtq2,0
did:plc:uurfrl666nhhlhc2unsrnbfo,0
did:plc:eb2netbiavtyrkxoj3irnx7k,0
did:plc:s2hapmitimysnnzd6ew62eiz,0
did:plc:wr53ikqaphkbg3dc3z3gm254,0
did:plc:oyfpqdxqsq7vral7fvkyvesl,0
did:plc:bhe5eqpenea455fnqwnzl5ci,0
did:plc:fgarmioiv6ejmmmdhxicdpg2,0
did:plc:ry6nz3msmniq24fqaqdcdayf,5
did:plc:ubhvakkn4ipu6adbgbi5kh2s,0
did:plc:6kfhyhqthnbaxvue3j6mkjkj,3
did:plc:rc7fbfdq2z7l6shrms2ym2vy,0
did:plc:rbyrwxmwgmvu7bpomubde4pq,0
did:plc:qpviqmyexowd5orod4utv34f,0
did:plc:xav3zyko74nb5mwr4cng6ngo,0
did:plc:iqfrdrip5teog6y5r5w6ppk7,0
did:plc:346mnnkhhl5h7cfv56upvs66,0
did:plc:5rl2jmgjte34vdmq5nrc4vfb,1
did:plc:ovasnoqaly2luhodeavaz36j,5
did:plc:nrbdpzemqvbieqm2cykr5aop,5
did:plc:7jphb5smb4ldaymxehvjrw7k,0
did:plc:6oexpvmrh6pxfay73gheefhm,0
did:plc:5egfryagwfl4zzlib2n2sc6g,0
did:plc:tq45nm435bl5lgzafpwdm53e,2
did:plc:d6qdsedi2upsda2hxmxlphce,0
did:plc:w6bttt2ndgvzl5zaufsqzeaa,1
did:plc:ocwl7lypu4dthhibnmxc5b3n,2
did:plc:knaujmf5gbfdsb2nvmxhhly3,0
did:plc:epox73pnsfwwwgzue2vhutng,0
did:plc:e7oal42qf6cgixabpffekysc,0
did:plc:egk5elf3x5qihlzoqojcokfm,0
did:plc:iw66fiqsnae76prr5zyud2sd,0
did:plc:qgw5fx4owx7ikttducpy5mc7,0
did:plc:rem6yyvkvuns5tiwnkgdytbp,5
did:plc:ireydpccjckhxiblp64lw74t,0
did:plc:gf5264dfuftu74v36hjjhetb,0
did:plc:mtr3pwmbnirvyp3robuicd57,0
did:plc:6t2lnnbogloseehbqkvzcqzb,3
did:plc:licyksm72ljqiq4oxbwxu2mi,0
did:plc:owwudjbdv2jkbmdcev774kax,0
did:plc:qcfbkq4ndn4b2psrnfqb7d7j,0
did:plc:lmksidhlnaiw2unoq4jac2xx,0
did:plc:xvpmfufd5cucmgtdocki4vbj,0
did:plc:bzro7ydytiwoewnytbgn2wwt,0
did:plc:l7vgzvmz3tkjdmvvqfftek5e,2
did:plc:p2gx4zjzdv3t55mll7iiuov3,0
did:plc:2wsih6atyv7ioub5bhs6ix37,0
did:plc:3egd7bycjtdcimbfjkfroomh,0
did:plc:cqkey54g2qfsrrlngxtdur7f,1
did:plc:fpwxvypyptrjmlvpkmeoylvk,0
did:plc:lomo55iobq2k4r6bkbsrtams,0
did:plc:7vxrt4qh4mfyuuupxvs6lj4i,1
did:plc:e3cyxeqboiqsybc3u6wvzysz,0
did:plc:lhbmyoaestrgq4aejlqklvgz,0
did:plc:4455zapj4pyd25fchafqyf3j,3
did:plc:a6p4ftarwfwa4rcicmvf6i4y,0
did:plc:j4cgrtl5xr7tqrbtmkmzz2kw,0
did:plc:245opsb5qjzkprwi77izobz5,0
did:plc:fgt75e6xbpypikppsr5jt47i,0
did:plc:2gl7h2eoalddcoafrny72p5o,0
did:plc:qokyqgrcsl6bdeafao6vqp7w,0
did:plc:bwvd55e4hsxpuxa5ikrfgqgo,0
did:plc:ifnpirhh7ihbsqyee5yjrlam,0
did:plc:7ksbxruddrzxyof3h4hv34hz,0
did:plc:4f235m5sjilys46s2mazgjtj,0
did:plc:frjy54ddxdxzc4yi4ruixpd4,0
did:plc:qhqmbqpdc2fzrnsmao2i53fd,0
did:plc:2ygd2n7ec3plc7zmxudoqooq,0
did:plc:ayz3ljwsllsn7htnmu4q3zhq,0
did:plc:hsy6gproiin4czu6ovk4fvky,0
did:plc:n4vsubdqx6ekwmj3la2nrttl,0
did:plc:573r65skujfxzkwnrjire4a4,5
did:plc:mzvxpn3cfmzyivzv6y66hacv,0
did:plc:kivlmuyubhre5wwb7tsdet57,0
did:plc:cy5orwpd52jqf2cbgxboriww,0
did:plc:bkpubeiwffkt4rkafigmwuju,0
did:plc:bqfjlwiqsqpe26pfeshhragc,1
did:plc:cguwfiesizkt4ssgx6q7d6yy,0
did:plc:brpzj4zcnszi2y4hyekxldgl,0
did:plc:kfaxgen4pxdnmtho7tj4tijr,0
did:plc:quxlhodxid44ay5nmt5r77w4,0
did:plc:5sbutch5cwzsliqlxpgmwcya,0
did:plc:iuygwihfdb66dp5q5o6wdgn4,0
did:plc:hcn42eozy6ptulecz3ricoli,3
did:plc:rc3i3xuvssdo7ip4g3l25u5t,0
did:plc:7dvk662kwgifek4hk3zdooyz,0
did:plc:4llrhdclvdlmmynkwsmg5tdc,0
did:plc:mspg53rhq553n65o5fa7gyrf,6
did:plc:srk2od27wihmzsuycibbhtkw,0
did:plc:jukrhnjpznxphef6qflrzqbw,0
did:plc:75ar7c2rvc3hfkeywbdx6uv7,0
did:plc:vjluy5efevwvf3wjxlp5nrgi,5
did:plc:iyvressk5x6uj5m7hjuokwag,0
did:plc:jmu5wxhgzspuoig4kssnvu7b,0
did:plc:fz7vvi4dlckgnon26xinmkch,0
did:plc:tlisahl4gkdahatdk22ryjnq,0
did:plc:2rajbtnvpcqnm7tzayvgxo5d,2
did:plc:zhrwb3sr7cgyyuvpvnsmkziv,0
did:plc:atsksrwdmajlvxoz4sstmgqk,5
did:plc:qrorc5gyaslujsghpmxqfu3r,1
did:plc:qoy7gcooow7ylelkyrcbqcmg,0
did:plc:lp4mbwwt4blrqjnoz676ooep,0
did:plc:dkhi3n4b5tujj3iuhr5snmor,0
did:plc:3twnxiukzxuwis5irwec37jo,1
did:plc:tqkfce7rpf47v2mtlqzirndk,0
did:plc:vjj7gao7r43yador2taxjgc4,0
did:plc:e7gjlunogylv77ed44xv56fi,0
did:plc:k6cbuml3yli2pq44hvh756es,0
did:plc:cy6qwhuegarwmgp5ege5ca5s,0
did:plc:in3haeaogl3gwsym4ozfbrge,0
did:plc:zbiohjd24yacdnb6qbwrnn2r,0
did:plc:4vjgdgaw5gnnzd6kd65vb4z3,0
did:plc:rkgjzczuovhrj6rlz67zjt6s,3
did:plc:a4ggcdmlzocecvzf534wlinu,3
did:plc:tdpns2ajyjp4g5niu4ouczuo,0
did:plc:5jgvsxybi3ivfmaxqczyj2cw,0
did:plc:2cmate4exaomah5xoujae5bq,3
did:plc:gvwumh76yjgx6sjvmsywuhky,1
did:plc:t5jc6yb6et6bi3xjlclqvxfy,0
did:plc:pqdg3evuznjcojrfuvb2id43,1
did:plc:yiqjn5tjewxtvr4du336dbli,1
did:plc:httzhseuobrslif4pbkbtzc3,1
did:plc:nzanzwhvhrexyrab6zrwt5rl,1
did:plc:ebf6jclcwpwvcovvinygpfeb,1
did:plc:bjnbiva73sbxxf67buz5n62d,5
did:plc:2zmdowi76gngyon3znnjekbu,2
did:plc:6azwfkmpg4andkbaiznr3a6t,1
did:plc:afnlgcsthgjyfzzkmflizbqn,1
did:plc:h55iq5fgtdtxtdmbz2eutjgx,1
did:plc:laquvhtbyewniumflxli7kkv,4
did:plc:juif2iwuqytqglvsaoebtwml,1
did:plc:6arqeda2f5piwu7zien3b2hq,0
did:plc:kd4cyu4rpkgjbym3gckhrivz,0
did:plc:wyoodsdo7zy7b4py35vyrmeb,0
did:plc:mcjqqipgnvdzsxgtqw6upxfh,5
did:plc:bbp2b224lro3bfnzcqwwnkfo,0
did:plc:2amnkge5a6hplfwyesmxqkfl,0
did:plc:p5yoii26kayabauhkym3vtms,0
did:plc:moejpt72sm743idbk3xc46mx,0
did:plc:hqmnzzoxrr2o6ebfot2l7hdp,5
did:plc:wyylw3fkelfztdgh3c3u3svw,0
did:plc:telglo5rrcxytqro5nqha3pt,0
did:plc:bmmzhx2d7xxy3ysyx72nf4kh,5
did:plc:q24fq4eoew24yp7423p5xog2,5
did:plc:om53ubbzjijpmezyry7ffeqc,5
did:plc:s5fep4wstkryjai2gbyxkzqd,5
did:plc:gthl7kdyryv5lylos55da747,0
did:plc:miczfsfixolk42l7343z3bpd,0
did:plc:7bmz7xxszqxdk6skvaxe3etx,0
did:plc:y24nmqsu7qzdxdvyihthgspe,5
did:plc:mnqfxks3lrdcr7z5p3qstpf2,0
did:plc:pnx2fjuannbdpy3337ggthpp,0
did:plc:cmg4nrddvaevd22aba2zpigy,0
did:plc:eyfgpeubisfucxkcf3f3idvw,7
did:plc:hmsszljyd273swnyqhvy4zsl,0
did:plc:fftccsn7drw2jsrrwepkptgw,0
did:plc:igv3u5dc4tpq242ikynjxm2p,0
did:plc:i57pswb5bntp6ybamqikmjjm,0
did:plc:anyesr57bwobytddoohv6ehe,0
did:plc:wtvie5ehlynmap2njw3wykw7,0
did:plc:egd33s7iuqsmwlwab6mbtrqi,0
did:plc:ovyajbnegrir2ddtwfhijiob,0
did:plc:pnqqzvrc4kh2dzp5ccjiskdz,0
did:plc:qfwinostecndnbvwwunsmihi,0
did:plc:ktx5xlc72tiobzom4356rlos,0
did:plc:37m5h6wl2dh2wqiyncbpzpmo,0
did:plc:jhlriymsjgbuqfkdm6tzir33,0
did:plc:qzrowmea4635n3hotkbqcl2h,5
did:plc:kkjomzfxvdwfsma2hgp3lnf5,0
did:plc:psqralexigiufgtswkszy6zr,0
did:plc:llvz25fk4agau6pf44orcdcm,0
did:plc:rtsa65yj6j6azdkmatuckxec,0
did:plc:hwmmdl5nok26w3zhmg2d3fvt,0
did:plc:euxiglnnaiq7cncdavvlxnbg,0
did:plc:7e6gdj33irtt6i7vc6hozfah,2
did:plc:we7sidyj3b5or2r7trtpfzt7,0
did:plc:ozv4kyhfw2oskxwsj4xa5o5o,0
did:plc:7y56hbn7lt6gkqrjj65quotl,0
did:plc:mcxwgi6ytwp72kzqmujcixep,0
did:plc:bdb6mpkg3hpmaye3mtp4w56m,0
did:plc:73aicoale2mqwrap63rdzwep,5
did:plc:uvia34usrnxja3i55zafiyeg,0
did:plc:mt3o2cf5fqpyqbyalwkegzef,0
did:plc:nehvjrqlcz766irejep43jnw,0
did:plc:fgpyya4en5thfmi6usrr3kvv,0
did:plc:wu6fjvtdjddjrugtfrrgluji,0
did:plc:pksfm7r3yk6rsfzrbocljh23,5
did:plc:7qfedbj3s7hi2yh6bs4fkhgy,6
did:plc:tkkoy6o25oxeuz47x5uxkpt6,1
did:plc:flus76x343cmnyyf6wpts5hy,5
did:plc:xv6cmzv66k2sjoxgxeg5cmj6,0
did:plc:h3bil6wi4j2odx5exizuwh3j,0
did:plc:iu6x6jmtsn7ez34oul7bggi7,0
did:plc:w6oie6ddpzpv7vnnver3lu5f,0
did:plc:7f5fdeb4ci3lefmt4zr3m3wg,0
did:plc:7qorz7iv4nn4g6ri7mj5je4g,3
did:plc:nolhtlimpnigdffkjk3kpf3l,0
did:plc:wqekqlbalf6soehxodlfimtg,0
did:plc:o3lr4ndxrbvj2vrcelvak5la,0
did:plc:yr6djucvz554vpl2s7boehr7,0
did:plc:u5olfwk2vi5meszz2ga4ee3x,0
did:plc:lrvoi63v47447t46mhl2ofql,0
did:plc:rws7lz4b3xtfs3ojfcvnfz7s,0
did:plc:xxu36ddz75shgtuakvbfuzdi,0
did:plc:7fohz6zschmorjbt4n6vlyag,0
did:plc:zhbd7le6k5uz377mgaxg6tty,0
did:plc:xpvwd2b3s6ncbh2vaihyxmub,0
did:plc:wfl2ravh7bkggweohcllbccb,0
did:plc:giyhtnohlgplrqtil7cindva,0
did:plc:jstp7aebbaxtohd5zsevalem,0
did:plc:ef7e5j246byw6fe2avmf5eqg,0
did:plc:7ebieuhzzwe3rfq3xvnmqbto,0
did:plc:iw7z6n45q5xw2rehw2d3veq3,0
did:plc:pqhfm2b2wqbjvivyf3bcidrp,0
did:plc:5x4p5tgshfa7xef6f3jrv34h,0
did:plc:nhfwviiw4j25abl5j5qto326,0
did:plc:v7gdt25e22uqksorwbp7qbtz,0
did:plc:545g5dlrsaccyfkjcdngtp5a,0
did:plc:l3k4ivyknlg4yv4as4b6anmt,0
did:plc:4fdfjfnhhyeo4hsmoxpeazsg,0
did:plc:oor5a4qdwj2srkc55xocuuym,0
did:plc:alqdxbp33ceoyly2o46nvcrc,0
did:plc:po2fsv3b3qqsds55lzrxmcv3,0
did:plc:yobyqjt4hs5icoihvaombhhn,0
did:plc:vesvlylqnvpduxrur22sog5k,5
did:plc:jmy3mzb35fmfdmu5riwihfwq,5
did:plc:xvmy5m2lht6gudy5qqikxpwx,5
did:plc:flwgfsh2mhpoqwjwwt2mesjv,5
did:plc:ztz3fmmgtlil47abbt7kl7gs,0
did:plc:lt7eqlk3l7u5pncvfgmcfjem,0
did:plc:srnkqtcpptdtesojmwbgoek2,0
did:plc:gmywrzlnb4tvrzi4vrwvftyf,0
did:plc:vunhim5ios6uyjradxi6b4b2,0
did:plc:uo5snu37sijlz7ksssubjatc,5
did:plc:xv2as7miy7ghje2htfynaqex,0
did:plc:sni5r2zbg4co3vgvfleippf5,5
did:plc:7nr5pcdbterco5fvvulqn53e,0
did:plc:mzmc44wwlg2dp7ylvqyoupqh,5
did:plc:4vr3jszrg7pmaxkikg4y7plm,5
did:plc:t34xnvbs2jivstwubrmb42oe,5
did:plc:jckkfkzcc4y6myd3ykusqjbm,5
did:plc:bixsssztki4mkvgggdriuzkm,5
did:plc:f3e3pwf6oesxipsisicddrmb,0
did:plc:qijihw4dzszo7qbe2hs6pllu,0
did:plc:afucvpwfwrd35te62yqccbhz,0
did:plc:wjvc76fsrmfqqtx5vuia7lrf,0
did:plc:nehcwc3ng5igejopsi5fnqrr,0
did:plc:ell7qjwvdwi3y3noggdumtiz,0
did:plc:upyx3raxzpwlnzojrncogd7y,0
did:plc:jdfwnosj5tavojrkinbcor6h,0
did:plc:rnma6rthdc6ro5giv3xq2hda,0
did:plc:cpkxdl2jijfro5toft7sczzs,0
did:plc:226v3n3echojjnijwsu7dhju,5
did:plc:da7brobfvrhj77u5ao2sxmld,0
did:plc:ve6fu2fvvkt2kenltf5kinqf,5
did:plc:mveyoml37qgepa2ylhicy5we,5
did:plc:hel5hbvq26nztrbm57ybanhu,5
did:plc:2eoa4sbsvqa24r53ithbjqpn,5
did:plc:pcgn3fqseczm52o35rkcvp22,0
did:plc:dawci6skpmelnlja3lygz3p7,5
did:plc:bgwlksudw7sfh3xepd2jasxt,5
did:plc:hguxsvk5vhyxv2jsg7ste27w,0
did:plc:2pg7rfl24ufteqysij4x7qnt,0
did:plc:u6ajzyiqzkzbppp2x2y7fpfu,0
did:plc:bgkfvbvrrpyfsyr2kk3m6ayg,5
did:plc:v5zjzp2jbplbei7ou4ow5bx3,5
did:plc:p4iavx7suwasa2x2tn3egsyh,0
did:plc:bbdtbuuej2tn3nyvrftdvs7r,5
did:plc:dfyvadpfqliks77dxk7ewb6c,5
did:plc:oqexhdqbizq24v6ikjhhig2h,0
did:plc:ftjiq2rkbuqw3ue4zkb6ktnj,0
did:plc:yjpx63hz6neymowjvmozdx2r,0
did:plc:ddcdpvayapxexb26u6z3zlac,0
did:plc:mchcd6ltfcnxw7ydhlawtpoh,5
did:plc:64ghb7w3f7rzg6q3iymjvxqg,0
did:plc:sg2e2kqdsdp2q2zl44txadbp,0
did:plc:vcnqxfhcw42xfjktueliro2v,5
did:plc:5jxq665jzrekunbjdjgixupa,0
did:plc:5jb2734ccyccx6a3hjjuzhrr,0
did:plc:xfh2umw7hzgxh6j77cdeuefy,0
did:plc:lpjw7qgkflq23btxmq36mlkl,0
did:plc:dci5jlffbhbi4ui4inf2wk6i,0
did:plc:5mbz5pb7xo2o5eef3xeixvgu,5
did:plc:jp6kosbeb3bkbadjr2ttznbu,0
did:plc:hbpefio3f5csc44msmbgioxz,0
did:plc:s7zsutaoyjyewg2nuv5sazno,0
did:plc:wqhbdx55f4vv7bnpps5pur4c,0
did:plc:5x7onm5hyy3443jhu7qcr6aq,0
did:plc:ziwbaudmnvykh7umblyyjlc3,0
did:plc:ldb6hx3aef2vhrctg2xdepjw,0
did:plc:vpfavbhwv4okwh6ydgp5uxf6,0
did:plc:3g3ftjxhvhjkda52vqrnifcg,0
did:plc:6rbcfmrbsc4upn6m3zxgtz37,5
did:plc:sbdnltkjqzeb5qshxmi7wu2i,0
did:plc:ifdrlmbmpk3whcpjxsgbqyqn,5
did:plc:jech7rem6vijss4euf4fijao,0
did:plc:2rrp7amblhg3xoly5n5huiqv,0
did:plc:qpnpyygbi5uupliavxp2cc6x,5
did:plc:43ck35s3crmdzqkghid2zsgv,0
did:plc:dujm4b5cz374lislwwxszrxl,0
did:plc:euynv325eix7glyek377orak,0
did:plc:tf5jd43pywionew7suwgd2un,2
did:plc:pmve46444ieqvq7sqvqqdlfd,0
did:plc:4kshoaytrzhgsziro6ywozul,0
did:plc:oloqvkuiie22qabj5m6xg4th,0
did:plc:denuvqodvvnzxtuitumle4vs,7
did:plc:yv5qesdlmad5db3oifduisiu,0
did:plc:rbffgd2zo6r7rmnklo2nlyy5,0
did:plc:7cqong3lipjxboareqmx7ykn,6
did:plc:cfy5rgqvohpdqxgu2geb5u2b,0
did:plc:7migibs2fyj2psyy6lmkul3h,5
did:plc:k2boueagtkmwibc2mlgj46m6,0
did:plc:t7tk63shvleyrudpf7va6akf,0
did:plc:dtwphuxvtvimwtra5yh4ujt4,0
did:plc:54gvsdonvx3rrtsfmcdjec6b,1
did:plc:iiofy6mupgapoiz2b3lgfyr7,0
did:plc:3o5pecoqlgr7wnlzz43i6vw5,0
did:plc:aosrjtrnnv6bd25pqdjmz3v2,5
did:plc:6ma4ud7ovt2cpuj6bncaf6gw,0
did:plc:4xks4szk6ck5zvyojnofnyat,0
did:plc:g7cyenkmxpt2u6eaeuybcwjr,0
did:plc:pz2tcxjsm7s7v57btcx7f7bi,0
did:plc:bqanvhplffy4pqcjissd2mtd,5
did:plc:rys6evbrcxh52nq3oy46r2co,5
did:plc:lk6etyd4omygkknmouq3x7g7,5
did:plc:lx4bk5fi6z3x5upsfwmrr74k,1
did:plc:mnawxl6x246ohjqpl4mrf4kh,1
did:plc:lhcdsmojhwvf2klmf7ue5mkn,1
did:plc:qiw2mmq5qa2lrs3aj5mmf2ve,1
did:plc:l7mwn6iba72xsiayiac5222p,0
did:plc:pfot5zyhod4cxwc5gfhzds4i,1
did:plc:ybhjcsleqxtr2oyxiq7jijr7,1
did:plc:tjxeqkhbzedo7wj6dscv73tt,1
did:plc:iure2qjluf2b6ml2d2dr543i,4
did:plc:zl6cjd7jaiwcodcyqq5uf6dv,1
did:plc:vyx64uw6qfv5fqu4cecxdinp,0
did:plc:2wnaabfmpiyj7aukcagq54bc,6
did:plc:ol4xv3beu6vulyvml2mbgvbg,1
did:plc:zo4loyx2rtmfw5az6aigi65o,0
did:plc:fjg5hbamm6swypdttxqyv3ne,1
did:plc:sjspph7voloh4geyza72q7bh,6
did:plc:6vxkf3dayl4uyc77vv6deraj,0
did:plc:xjl7bsb6t2g3ol5qc2stf443,6
did:plc:gxhrm2ja6z5xbfb6yamjjent,0
did:plc:2tt7lcbnhgdz5qiojankgfmm,6
did:plc:lh35jikvjxay4xxv2fgmhuvz,6
did:plc:khhuv6kh7giqmrqmhfub3mjj,5
did:plc:3dx3dfpdfzq6kmrkewkmw2vm,1
did:plc:pbj3xqsmt4iqcp2sj4xxqzvf,1
did:plc:muvviejxhgc67bqwssrqco2o,6
did:plc:negfjgsvfry6ai4yzjlo5epu,6
did:plc:pfy4skqhqwhygg7tcotbpz5n,1
did:plc:eg35i5jx7i3rm3rmf5syxy3v,1
did:plc:qkyy7kbcazdkj26aoppsgmyp,4
did:plc:eyximpmrjbic2kqsdnvdfork,6
did:plc:qxoohnibz524qbyrdyxaqozl,1
did:plc:xxvcimulm7pls2rfhrc33kob,1
did:plc:vnatj6ys5y2fjs6suxxokbh4,1
did:plc:lbfc7sn3rl27ld45wxkizbgz,1
did:plc:4ifcwckg6yhdholwhailspsh,1
did:plc:tswqawb2mhp2cufe4nptlau6,1
did:plc:6e6vhkiifusjrujyjbjoztna,5
did:plc:mgwrki6irihfcatu2v347soc,5
did:plc:wgxjcn7eghbt6sjlf7xaqnec,5
did:plc:hjznuo7jh3glt4aaqrbvo3ii,5
did:plc:6ds3xbkljkoxie3pmigou7l3,5
did:plc:mg5uuzotow3ybetmfztdn2iy,5
did:plc:r2tqb4cbjkgt4ntcmby64lav,5
did:plc:ke33qat5wiqek2sssqs4gq4r,5
did:plc:nt3j7jcdvuhcffaspjcnccli,5
did:plc:aufdwcw67llikri2tkop3iq4,5
did:plc:ruhw3je4rp6wflejtb3hvqgj,5
did:plc:o7bgfzd2k4n6ehwidg6o2wok,5
did:plc:frxbf4wbox3j4anrp3qm5hqh,5
did:plc:wwfkqabqdkg53w5gw2lrln3q,5
did:plc:6qxm5nalreyvuw66efavg7q7,5
did:plc:p43valemecholj6opxx5mzow,5
did:plc:dawg6pehpjsiopzz5mypyik6,5
did:plc:jucq2h6357pkybesaib7422z,5
did:plc:qb5gbn67wozo76tuieebdwx2,5
did:plc:mqqsnamohd7mkqzeixirtujz,4
did:plc:fkpg2nmdux5jxsykgsicpjkq,0
did:plc:s3qlfp4bgo4oxotvicrbcy4p,0
did:plc:hyj5gdgpkql2bz7rbset3h33,0
did:plc:ul3dm3b76hu2cqla3qxb4v6u,0
did:plc:3x22w6ig4ec7swg4xoad4ngi,5
did:plc:mq5jij3dhmzrohyuq24nujtc,5
did:plc:5xq5cbjxlvwulzxtpsgckngf,5
did:plc:isn7s3ffxo3krxod7eyjly2j,5
did:plc:uthzyllxwif6gk772gws7nw6,5
did:plc:5td3zuutucboohht6jw3n24a,5
did:plc:giadlnebvokbbqysussjf7ea,5
did:plc:k5vgtw673zjqeyrutwwtsj2t,5
did:plc:227qnypcxaxvwaka5czhgz72,5
did:plc:uq5hh2gavdd2d4p7xfavdtdm,5
did:plc:cyxfskzaz26jaqwydsqfwhf4,5
did:plc:5rujycmkrd5bdbv2tsy27hpa,5
did:plc:niay7ajcptgklwrhknvnhk44,5
did:plc:yc2assd3rlamamtphzmsch2k,5
did:plc:t5jxsnl5q3yihasptbvfcpci,5
did:plc:3nuyftkga5q32inooxbbxa74,3
did:plc:h75lhxnrhcfueyf7wpuktqlu,5
did:plc:ednytfp7lltxrjw7qnrxzczl,5
did:plc:bt24xbnsnbjsm7qnvurut3ej,5
did:plc:5tjcafksmkpwh7glxt23pheh,5
did:plc:yp7fnhrddlmwbn5mloig2sdi,5
did:plc:tgfv2hb7lm6wyox5lhru75ox,5
did:plc:tvwwedi3gykwlemwlofe2trk,5
did:plc:eugw7a2ytdobrajhgmvgm2os,5
did:plc:knl5ua3ujbkl2uvlu7x4eeo4,5
did:plc:fk5n77kfejoqj3wjgzolz5t4,5
did:plc:kna3yx5szlz6fib7q5f4j7jb,5
did:plc:ojwwqxujvodlcdtgsoyrjpdd,5
did:plc:hx5lvcl7i75jbbup5oyzkntz,5
did:plc:vdsjdi4uhifr4m6n6pswtcff,5
did:plc:lyjozrjmxfshi5zynqziogtj,5
did:plc:5swfeigt7bn2t5lkjgtjmmra,5
did:plc:zddxlxtewhbbtmxtv2h5bbyp,5
did:plc:jf7tmnukfrmoptwuxydpvtjy,5
did:plc:tghbo4wapxu2xvvgbz47hgl2,5
did:plc:jxkdz2lheufczyrfu5jvyufv,5
did:plc:ulypvitlzw564as36csddkt5,5
did:plc:ej4tddh5fpbbbtirz4no3sjq,5
did:plc:yg3uae5unt3lfwxbf2emm73a,5
did:plc:3bgug5afa26jwqhsmof4jsnj,5
did:plc:zmwhb5i6ncv6vcsgdkozylhn,5
did:plc:ilohmc7zz4uuw5czktzrgca7,1
did:plc:xvgihk3y4q7xhnw7ggzjjgjv,1
did:plc:2ciamv6ibdolrlhkgwt446wx,6
did:plc:7bukjj4cqglquouhl5igym6k,6
did:plc:py3iflznoekuxvr7fa3yvt6k,1
did:plc:dvnaijcbnulkvt2zj3dy6vdw,1
did:plc:7oqdimr4noqxft6o66rzncsd,1
did:plc:elytee6hxo4s4e454ubt4uhq,1
did:plc:slfv7ytah73cgszegc2rogqx,1
did:plc:ggpndbszbrlk6y6uhmyiiueq,1
did:plc:xhszefbkqgyn4pyg3szbel7b,1
did:plc:qrssqiywaqc7b2oktlmvz4us,1
did:plc:bfxojp5k5oxjuaswbikupw6z,1
did:plc:3l35vqbt7tmbwp45llysyarj,1
did:plc:nlvvaxcr5ve2immroi44f4f4,1
did:plc:h2qaogbjgtbxsccbyquocamn,1
did:plc:ygtwr2zoq7heclwvqoiut5fu,1
did:plc:75s7i3srs77wn2hxgr6ndv2d,1
did:plc:45y2rdsnbqwvoetdm3biaryy,1
did:plc:vibc7qcfzs4uckkk5q6mgjwo,1
did:plc:mx6voi7bsxfd7ybeso5th4if,1
did:plc:2xpgqoisvrqavcdwbrvwztaf,1
did:plc:kwqh7rtroedmxpxf4x7kqibi,1
did:plc:4ugv7cnw42emkmeeaavgj6wk,1
did:plc:7meocnhl24276zrdr3bpdwfn,1
did:plc:dcdo7qnz6neg33gdtq7rikgg,1
did:plc:gzmwwiaoe642z7ok6bdystmo,0
did:plc:zffev4zlvcq423dcx2me5ood,1
did:plc:qcl2rmvqom5lvupjx72sl2l6,1
did:plc:u6wvc53n4tl626w5xm54endu,1
did:plc:xduoci75dfocvv4cm3etfymb,1
did:plc:3ztvo3as2qsoyzxevfjbhgk6,1
did:plc:k3dypu6fiutmyicaea4vuotf,1
did:plc:wmm3zcdle7imjpzg6ukb6qpq,1
did:plc:tfka7xezijg2n2jrp25zxgtw,1
did:plc:755l7py62ccgxstr3pv2g7fu,1
did:plc:bunw3yhact5z2gwfa5ye6l34,1
did:plc:psqkqzjz6a3ftcuqtl6qi26u,1
did:plc:v2tnpostys3roodt34pg654h,0
did:plc:77ahy3h7ohelv2jbu5mzemuq,0
did:plc:5522ztebtekoor5efelihqhb,2
did:plc:gz54mp2dli5lnumh6wisxnta,1
did:plc:t326xfute7zh5ivfjvjmnaf5,1
did:plc:ca6maokwfri7nht5jywj7s7y,1
did:plc:4y2s4t5coqnvbrbf4ccul6ib,1
did:plc:cxbe4h3guqgev7jsvov435wu,1
did:plc:bkpm7hvdsm4bwh3o6zlqfbk7,2
did:plc:hkg6ygicvqryad4x7gyhrpns,1
did:plc:zvm5ittcwgdjqarcfymszq6i,1
did:plc:x5u2cjm77m5psksyfx2j52tz,1
did:plc:rdxml7pkxwyu7ttjzz7kccxz,1
did:plc:75bagzrxpwhqjjxwgbxeawjg,1
did:plc:e3rzdwy33evslhrcutyeega6,1
did:plc:rzq2gelhtxzbyofsydsy34p4,1
did:plc:vftsfpevhd2wee3qe7roimw7,1
did:plc:6ekioknwirgw7j7ikihox7f3,1
did:plc:ldejjqvebtkglwb2nbgldez5,1
did:plc:uzsp3zd4vd7z3ishzz6ontpi,1
did:plc:khrnaswcmj47q6hafjd2flhe,1
did:plc:mm5mrbomdmwq5se6pbtaqd53,1
did:plc:vfk6lpa6hryf3dcutb325vge,1
did:plc:gxua5na6fmkzha6w6f2qcnbe,1
did:plc:lgbcwsu32o6oncftaaly7om4,1
did:plc:jb5z6xvnko75lob6enmerd7j,1
did:plc:4ph2iw2ibjzf6mpsa2y53nod,1
did:plc:xm7je3jiod7kiaefeoi4i5aq,1
did:plc:eazgu4yrtlgzzvybfqhk2ls3,1
did:plc:cd74fwiwncz6aywzf6bhpws7,1
did:plc:vxmoim7kedthk5p7y734wlam,1
did:plc:b47hcuy23qt24ru4d3xyqnrf,1
did:plc:u6mkbcgviwlbhuwqirmhcgu3,1
did:plc:ukgfkfw765bfkylu4cjtf3xu,1
did:plc:sclot74r4sjaelbn26og3k4l,1
did:plc:ceblhado32buq7bdmdee54oq,4
did:plc:qt4ficoenvc2xx7car6zx5kd,1
did:plc:7bi2i7f7vf3qghrepjqxr7y2,1
did:plc:qddn5cfql4m3z7qhjkfwxcpc,1
did:plc:ifvoc7ddvpxpcg56h3dco4ew,1
did:plc:xmemuyfx67jazxcd3ml3f7hv,0
did:plc:x56l2n7i7babgdzqul4bd433,0
did:plc:ral53dgtdakrlgu5nzggvwxu,0
did:plc:keidxmnn4mnitwyne6c56kje,0
did:plc:kx375dszrbvqtu7o4xxxmojn,0
did:plc:b35wwuj336x4ufo5dyykfolz,3
did:plc:ihze7dasblwewgunyesfbm23,3
did:plc:xylzc4azagg3apj6x4fgfaf4,6
did:plc:orr5jzl3ceptjdtfvbzlimgb,6
did:plc:nhyitepp3u4u6fcfboegzcjw,4
did:plc:mvxyjzxegieyly4ozxe5s6cj,0
did:plc:flxq4uyjfotciovpw3x3fxnu,3
did:plc:o6ibgputv3kmdq6ebzd27ezx,0
did:plc:j7gi6r4kh6uof7rfrqpm3fej,3
did:plc:vjlavdtu2tpmsy63akdhptqk,2
did:plc:u4bxnwms56aalbntx63dchyg,0
did:plc:kft6lu4trxowqmter2b6vg6z,0
did:plc:b5zigqv3prosykrwehm3e375,5
did:plc:ps2t6wtpejszl7gye576szm4,2
did:plc:pvnb4ilylcbj54kdya233236,3
did:plc:orh3xmpgqccg6pu23dvv6z54,2
did:plc:ffwepkcq2icyrg4qjkvlszr3,2
did:plc:banolubnw4o6kjgbvbrhawdh,2
did:plc:v6x2nf2s6vpmjy4cshccgbvz,2
did:plc:hctc5k45tyvlpjbeej43flzo,2
did:plc:nzumvw3dw26tgvgq5ejwks6q,2
did:plc:qomm7brhwqyvf3e722pe5efd,2
did:plc:3ae72qgonxdsjwcpnoa73fu3,2
did:plc:6fyggecw367ypgub7y4n5ihz,2
did:plc:iastez5tongqiipbvapx76o5,2
did:plc:vnm74gjqkywlnfuvfoff2w6q,2
did:plc:wk5uwusb26tzmwtf7vxexeh2,2
did:plc:3ekklznu32ooki6vuv4monlf,2
did:plc:hkqkdtbmp63zxgnps27pvykt,2
did:plc:mz4nog7rtfpvxjkjk567dsp7,2
did:plc:4b5jgz34kf4kj7huzomdak3k,2
did:plc:uf47y7qye3aq5ypu4jvpmosb,2
did:plc:drdzwvlwctfks6njvlgnkopq,2
did:plc:2anwogozxghyfuzjv7dc3yia,2
did:plc:zrkdy2nkqaswsy5firc6apfp,2
did:plc:gzjw67ap6f5fz2xblstridq5,2
did:plc:2fm3dwxjbw3p6lx7dgixvsoo,2
did:plc:cviop255xg4y7mbuinsk5gn7,2
did:plc:2pnowa43ibn7yutz4jpsljk3,2
did:plc:dpwrf5bpycdy2uokluruvxqm,2
did:plc:jtmbrjgut73w3gyxcnc64dzx,2
did:plc:df47ugrdoewkohecr6jb3dqz,2
did:plc:wdyg6ruxmjdis2k7sterblsv,2
did:plc:52e7nnv76glffqbzgmxfh4a3,3
did:plc:pokyfpcpkojssx2xs4bzvdzz,2
did:plc:jkwyu4cu5vikfis4o65bgd7u,2
did:plc:3gwq4vmrbii6fehy5hxems6c,2
did:plc:hsbpwlekh42fa3tyex4ammen,2
did:plc:br344nxrk2niuhkxafmi6wtl,2
did:plc:rauzti3ux7qyrq4ifdeu7hhd,2
did:plc:acfgurfs4uyzb3up2wfslfny,2
did:plc:5qr2pfgw35qupipymrv373am,2
did:plc:o3rjcqi26updclsr2geu6evq,2
did:plc:4dmngv2nlzbdtjzetpbfsuw6,5
did:plc:22uqfw5yhildayatdnyuxinv,5
did:plc:7mnyjwkb3hnvowusr2u2s3ki,5
did:plc:mj25u4hocfmg6a7t2rxwbycg,5
did:plc:pif7wdy7sqejldugthxxtbzs,5
did:plc:jhnrjebmtbva762tgywrlveq,5
did:plc:r54bz32wb7fp5ocuqfx5j3xs,5
did:plc:26fgus3r65lptxqml4zksyc6,5
did:plc:fjcjkmfhcuipncex3bvbmrdk,5
did:plc:kzhajznovzxkzzmpckix6yub,5
did:plc:mwg2t46u53qwncupgp3hhkl6,5
did:plc:znnpwdicklofwjtn2eldh53t,5
did:plc:c7m6qiafpwcs73ack5pp2i5x,5
did:plc:5whbzfudff6id2bwmo5m67o5,5
did:plc:fqfqit7gfz35g3rwoxgzg4ic,1
did:plc:4dxyov6asq7t4la62htnzt2q,5
did:plc:f6a43rrrsahkmihwx34np3do,5
did:plc:3qjjaetugrmllaxob4fcviir,5
did:plc:trmlo6vueg2bnm5eq6t2ewdb,5
did:plc:ypu6bwefbbzhcvojdj7mz657,5
did:plc:zc2sk5rwyb6kbtaj6oxp33gr,2
did:plc:5yewjk3jjjwgxj7tz5tn24jf,2
did:plc:rddfad57qnlv4pnzqyzhhin6,5
did:plc:dmy36y7p2lwmdc54fjis4uez,5
did:plc:nzxgl4dwckevcudadnxo2mgn,5
did:plc:y3226p4ii53dtz5dllxyithh,2
did:plc:wdqsahez53ojh4acuxpefzzn,2
did:plc:d3l53czbbazobvgkoxh2cudu,5
did:plc:uilqugzo56lv62mdieianwmt,5
did:plc:klwvdtksagcziyylwqukjgal,5
did:plc:zl6z2nwgmztiuskttnfn3jmg,2
did:plc:tfcbheyfomdcxrsopqzk6yz4,2
did:plc:7vwf3av4xs4kf7zcvjegtw7d,5
did:plc:ha5fl2xl7ii63gjlciksonta,5
did:plc:36wtfh7zlez45uquexqg3o5q,2
did:plc:wkelgesunvtkmntzxviuyfv5,2
did:plc:sljja5dym6tsh3nzidxo6hc2,5
did:plc:ebs7sj6kut7pmubwopxt3u4g,2
did:plc:5n4bud2xfbvzhsvnyqv2lmmt,5
did:plc:d2zefuibo7rlpiynh56pgui4,2
did:plc:kobz6z6z3vksef3upcql6dpl,5
did:plc:3f63zfgfzipqrktt2cdmpj7r,5
did:plc:5y7m6xoddwnvpfodeqwsifad,2
did:plc:mzmzn44bsvkznul2wls2marb,2
did:plc:lclmgt4rpztawksb5eglswcj,2
did:plc:vm4xes4swfr7wj5byw6uunvn,2
did:plc:wpj5z24vsmik5ocqjybwjpso,0
did:plc:n2ylkhqdzjykr3mwwdpmhcsd,0
did:plc:oa3rs2anfbjqm7nf7ykmp7ow,5
did:plc:7prh6raya2ntwnpyzte5u5hc,0
did:plc:vl7iw2awdpm72srjve3f4fj2,0
did:plc:v3ak7m7u2pcwz45mtfry4lrp,5
did:plc:yktnf6af6yyqubspbba773bm,3
did:plc:gyjvghbd5qujrg72u3iizde7,5
did:plc:bmo3xvwu7uia3d3otg2gieip,5
did:plc:nzrnt3azrh7nrmyr5q7yqqh5,2
did:plc:yavb6lvkomftpkae6ouqnn4s,5
did:plc:5mll5kjeg2vnfi6ml7nlsxdt,5
did:plc:ik2m2garxkqjcpxknfom6755,5
did:plc:ojq7ut3gnsgnu3pwdv6rh3wc,5
did:plc:xl6jmczsikt675nepldmtewo,5
did:plc:rjh54x7ly34cidg2lfducdgl,5
did:plc:vbo3pbq7drflpiiuny5g72zi,5
did:plc:bqnmwsg3fnz7maumwclv44fi,5
did:plc:5y2uibk7rudanwrj2forbgde,2
did:plc:lejvnlyymcrtbejp3zmn3imn,5
did:plc:vov7qly4n4yuf3l6vbbvqbcb,5
did:plc:auv6csuhqhe632v5gmq6h5j2,6
did:plc:yaosb63siqab3gafhd4lzh3w,5
did:plc:aecv4ejztgiv64dhygwopm2h,5
did:plc:rtupbv3srpd4dkxagkovpab7,0
did:plc:b3lgiw2jgrafe7b36zubisvt,5
did:plc:22gl4rbpkgcoxytuhphhqofi,0
did:plc:72lbp6g4mpbm233qoik52zph,5
did:plc:4csncvhrgu2tg2xijyjkzdud,5
did:plc:cf25fvsqqwiewx55mttoe3px,5
did:plc:o4eb2b7sbwtp7fk4hnecsnlb,0
did:plc:cvztk4i2rov5il3lmw65baqd,3
did:plc:fghi22o76fv3c4v33xozsrg4,3
did:plc:wirglaiwmnwpnfwmtchjrqhk,2
did:plc:6ccfypyybsfziselvv7jypfo,3
did:plc:knoepjiqknech5vqiht4bqu6,0
did:plc:y655pqb5a3etnlz62iqgck5d,2
did:plc:kkon2p5e5djpbugphbndf6rq,4
did:plc:zgzwxcfi6wivjk7voheh4plh,3
did:plc:cakisawdpqpsfzkjrrhgaecn,3
did:plc:ukplva22uatyoecfkamflinf,3
did:plc:pxygn7r2au3cfmfhk6n7n5de,2
did:plc:kmqgip5c6h34vjdc3o6mrosm,3
did:plc:u4u4yeik2uube2g6ov7wr35p,2
did:plc:qufx4wc6apf3pplyqgpozrtw,3
did:plc:q3rhwspwktf3ziuc4mwandyn,6
did:plc:afegawi2auvrzaiojm6zgtgo,4
did:plc:3gm3wqojlafxmt4scfiw47xm,2
did:plc:bom4p44masckbj7vnfm6aunp,3
did:plc:lalznr2yvov2sammblk73wx4,2
did:plc:ypsheiwpq6qq4xsnv6dn5fs5,2
did:plc:i7eksesto2x5etzblwhnucfj,3
did:plc:mzj2pwuu56vondoxteplku6p,4
did:plc:aukrwxpq2ugaqj4ob6p5skpe,2
did:plc:2zyogfyfty24zpkbqre2tspi,2
did:plc:djtkxvmhxh4reyeenuu7w6n5,6
did:plc:qb6w2vsvj6mcjk6djg6mfgqi,2
did:plc:h6kwwwqgrfckabgstvtyrqpx,6
did:plc:yokfpdtvtasyqphx2ih2oxdq,4
did:plc:d2huhi4cub57pczayu4piml6,3
did:plc:7rl3je5facn3idtvkchrdihk,5
did:plc:hgabt6e3677tigfpralrbye5,4
did:plc:cqhezty5zeqxkzsgcy4ulzqi,3
did:plc:6xohvgii6d3wh3sczzsy6l3h,3
did:plc:45sd3iabyaytscitvxiqrpur,0
did:plc:rsc5vbhy3zxzkd2uwaryw2sg,5
did:plc:cre7lgq6kcl7fn2wemurxfrk,6
did:plc:xxnnh676xoo2jcm5kup73wfh,2
did:plc:sy6cisjcbma4mhlqqasyanbr,1
did:plc:3326azjqe4xdmpkmswkc524d,6
did:plc:dazatkmajzs6xq76pecfdmp6,2
did:plc:syurqsoggfbhbedtp52yjesx,3
did:plc:4bfufhqknh2uvoffyxqtvuql,2
did:plc:p2oupurg6quxl3obxse4rjhd,3
did:plc:grbxf3m6yt2rjcmys3tg2gcz,3
did:plc:w3nakreelje3yvya3vwlxkuo,0
did:plc:k2wus35garykznpqly43lcuy,2
did:plc:3n5yokdsn3k6zksnujakfu4b,6
did:plc:3amqo6s6ol2adgyq253ouyvy,0
did:plc:a2eqj6ep6y5ekw6x2gwejdsu,1
did:plc:64l4hbes3ipztmlvxpxlxkz3,4
did:plc:xrf362ro5l65saa4eppbwpmc,4
did:plc:xxjh7lpaffwdqaicd44qulkw,2
did:plc:y5e73mhwwp427o6c3bzhh4ti,5
did:plc:xyj6srajp4jnadltfmmp754t,2
did:plc:uexbcqzg6xpi65zfghdi7dvg,1
did:plc:ek66hq3gwb4afzhzwiflr5sv,4
did:plc:2bnrvdogk2u7znolwzczersc,6
did:plc:766waqwpgbshbxgu6vn3e4jj,3
did:plc:eysjalvavte533dhqderibbr,4
did:plc:nnxhr3khfxzc3i57jnwroe2c,1
did:plc:odk4c5v2i6tmaqxi3xjstoq5,3
did:plc:gocsiaw7cyjlmyzthafhnq24,2
did:plc:fskmjicooxxip4nrq5nxuok2,3
did:plc:rvsb34qydnlgulvmy6gz3gmr,6
did:plc:jhljeslz5jux7xm2hqnpxky6,7
did:plc:teatwntxtlomczhqv2tyjh5b,2
did:plc:o7n2nol4dtyaen3z563zq2qv,7
did:plc:vjmfmtm5zpol6k23jtcaftq3,2
did:plc:7a3hjdgriwrskzom6rwl66al,2
did:plc:3bg3lmwzrzv5obohydl7mck3,4
did:plc:drlmqfdhva52w7zvqja3anvb,4
did:plc:5qflsxldnmggu5qvv3qrnz2l,7
did:plc:e73wycys2q7hhdjoeirq3f66,2
did:plc:4axcw5u7hq6rpz55tu6yb475,4
did:plc:rvet7dms5xhc53qvooqfjhf5,7
did:plc:ngr4lkuqoz65miwntgafrnrp,7
did:plc:s5hmg34xcxcdjyboqqfisvfp,2
did:plc:u7zqllr6bdnpbe7ykxfsbfj7,7
did:plc:t2j52f5a3qkbcibgdkka5o7x,7
did:plc:duk4yqqfapynkzsy3nxrc2a7,4
did:plc:lq4mxcsjtbhmnfmbgwfhjzyb,4
did:plc:xuryn7jaz6gvdamdnmtpowbo,7
did:plc:kbs6hgtbebi5q4jbsvggewwy,7
did:plc:4eg6cfwd7z5nfx72oxsyfdgc,7
did:plc:zhwjaib2e4zpijqnrzfctocv,7
did:plc:f55ugbicr7wc3ms6b3prpxbs,7
did:plc:a5vrmadqn7ldu7vxbatkxrpr,7
did:plc:ofnobzto5fdvvkrgjyrl5hus,7
did:plc:4rrw76rqtuzwabgdlzwl3k7d,7
did:plc:23fjgqtctaore6hycr6ffvwx,7
did:plc:omffkft2ck5lsvus3abdakgs,7
did:plc:ete6ms2opvqc3ppmoa6km4ad,7
did:plc:cvkcecbfpwtqvhdnayptbgqo,7
did:plc:6pimgrsy5vwnejldmggeaoj5,5
did:plc:kuprdwafaxet55pvugzgtfpn,7
did:plc:x2ef2up6elhtgzrf4epcblbp,7
did:plc:w3bbgfvoqrxncvadohzfqjxn,7
did:plc:poa5nra3tnvjpki64nprt27d,3
did:plc:tihepmhcytfctvpwjkkhmey4,7
did:plc:ks5nt632nuwj5xj6t5jwk5bd,7
did:plc:mqt7u6atg7sxtbciokzep2o2,2
did:plc:qbiqvb5eut2shx42a34yfi2m,7
did:plc:dnl7357lyxsqlcip5iqo6h2a,7
did:plc:yon5nn5adwsjfkwg334kb2rx,7
did:plc:5b42aaon6itw6dfur246yn35,7
did:plc:rtl6p3je6vx6vovgjpnj4dvu,7
did:plc:kiethujwx2tdeorb3ys7wng2,7
did:plc:u6g7lrvd3rqarb36jqeekqb3,1
did:plc:rfsftsxriebjffaesiiiqzp3,0
did:plc:uqyik2snunraf3n7hls2q7xn,1
did:plc:i4rxyed5dbo3b2bqce6ogpka,1
did:plc:tkhkkdrzujyl7a7jjtfqtkcy,1
did:plc:lmvbfe5mslvkxkleiid7ipjg,1
did:plc:d4mmtewvov24lqo5zoc3s7to,1
did:plc:7rq4cfwh52xs5bbfie3rx4ru,1
did:plc:b4vtqpzrlmpqwl53j2gorhfr,1
did:plc:j7ba735hqevxb62l3e5lzsty,1
did:plc:ksomqbgsxdjfftvucflglqav,1
did:plc:poh74hvbnujvrdtpynqs2pca,1
did:plc:3tmtbhttwq4d3li7m4pc22aw,1
did:plc:5u54z2qgkq43dh2nzwzdbbhb,0
did:plc:j22ye63loapa3hdhpvhuboow,1
did:plc:3x6vafthzo2vblqijio4gghp,1
did:plc:53wacw6qmklc2z22ebi22bfz,0
did:plc:g5hpq5p52f6roitd5mfs4rrf,1
did:plc:aarlla3zcxvhzwpl4curmdrd,6
did:plc:hfyptukvdnv2yzzvnzkucbah,4
did:plc:7qwmznjx65tqsybj243u5y4n,1
did:plc:uhgqbyjjljb7cxo4jchzepbr,0
did:plc:wova7hnyxu76n7cruepzraod,6
did:plc:4v42pc5djxkim54ovc6rkcm5,1
did:plc:3y3op3gsk444hreqmuxtw6pu,4
did:plc:nso3nhnhnws25wx62xb37cq2,3
did:plc:jmd72ypjn4acfojucmsrek3l,6
did:plc:544qoa5rpzbmcowpgvkyxhxh,6
did:plc:7bf5zrqwcfjopkqnirnr5x22,1
did:plc:r3ymqfoc3gsniaz3gws4zblm,4
did:plc:cupzpb42bwvngxmbj2u27cfu,1
did:plc:xfuajye65ec6eccmsugyacik,5
did:plc:othw7ilvyqji4eqvkxayswql,3
did:plc:yv4lmdosjwtuh7l6igd5333a,1
did:plc:g3xdpzdn54zazaybcuieiymf,1
did:plc:6dszoio6qyzkyr5zukznjxf7,1
did:plc:zl7fl2nkbshe4uow7ajqhrtx,1
did:plc:ihahxnjshvd7ja2vuwrbggne,1
did:plc:wln2l6gkweiba57jy3mh36qn,1
did:plc:ikycimqtuu3l6yn5xxeu5vk6,1
did:plc:s3ba7mg5iqxhu5oemqmjsum6,1
did:plc:3ksajiny4d2ikajrnqboorws,1
did:plc:3v6sv6vq25emskv3tqduqmq3,1
did:plc:j6bdsoefvitzmtg24lbbqikp,4
did:plc:a2qfhuf7t2cyivk4daseh7wi,1
did:plc:gfqwubjv3udobaiclpw2life,1
did:plc:aanyn344gg2emrwwkmebzoxy,1
did:plc:kkf4naxqmweop7dv4l2iqqf5,0
did:plc:xu66ynmgv44iudcjfimyuosp,1
did:plc:wowg7ntjrgptncauevt2edqs,1
did:plc:j65u7twcdl3zt36twfl26ak3,1
did:plc:it252qiycxote3hmnxohy5fi,1
did:plc:qea5rhy563n535im5ubp5izi,1
did:plc:oowbwla3iwdv7jnthdosjtzb,1
did:plc:z2ikljqayzydv3trzibrzo7z,1
did:plc:6bhjsacu6rv5cfkevlwplp3q,1
did:plc:l7m4xmmcknh4lfhrhwxv4zmv,1
did:plc:tatiuy6up2in5ln7udtr6lik,1
did:plc:spm665nyeaigaw47oatxjuo2,1
did:plc:74il6i5h5ewjgernhrloqxba,4
did:plc:4tok5d4zbu22wi3c3jfvqlrq,1
did:plc:bjspmtgtqjhcejtzfa3xtw6h,1
did:plc:y66sdx7ccja5znd27pbum6sp,0
did:plc:klhanmadsm7yaxodjetad7hv,1
did:plc:xhea34r4pf47x2qyfefob6xj,1
did:plc:ctsy2lbxiaff7cio3y5p4cug,7
did:plc:x777lf35doblqylt5kup6fr3,1
did:plc:raphcr27e2kf6vanu3dilxvc,1
did:plc:jgqph3vnosrza7epqb6fmna3,0
did:plc:pdujxb5jp3cciymen2tsaujn,1
did:plc:ndsrt2yocpysqot2n6cxcsq5,1
did:plc:r5fcgts56rkoiuquoe5l7524,4
did:plc:pblefmfhz22hlarf5c5x3fzp,1
did:plc:hdw3zqpnhq42tdek4xb73mmo,5
did:plc:5i7hina7lujliu4fl6mtrdyy,1
did:plc:b4j5uc6tmvmxtn5xsqahtiza,1
did:plc:yyk3vfevssoefe46njfnzzc6,1
did:plc:apake7varxytz7hxhcia3p6l,1
did:plc:s4hxnmak4k7lon3j5iu24pxy,1
did:plc:l4r5d3i4dzruqkx2oa7egpwp,0
did:plc:otxjsn4ssctdayfemoy6ryh6,1
did:plc:jygwdejo7scd5utyxiqcwyn5,1
did:plc:qqa7vo7dtv4gymrevenfaej2,1
did:plc:b7evr2spky4mnpkcbsjk2cxz,1
did:plc:nbrx7enmw73j7gn2ckm7sfmu,1
did:plc:3scbfvuizd4klitveyx5ufai,4
did:plc:q574ayhpjiqbxazrtiwlhvte,1
did:plc:ajsrte343fg4a2omeg4ogyra,1
did:plc:otnnltxg6y273366xrjbrl2a,1
did:plc:vh6l5cuetptr73r7tgzoexy7,1
did:plc:qxu2qqbcbtb5fgqlifp55dwg,1
did:plc:35ruk4udwjatxecawyorvl53,1
did:plc:zr4dz2sgkw72c7zuhql7c4x4,1
did:plc:bfr4kjlvody5t42on44jrnh5,1
did:plc:orfjnv4sxvbl3jzxq6i6cthl,1
did:plc:73rzjadlruuiidf6fgxhbpqm,0
did:plc:ctf7rlgalkcgp7uc4oporqzi,1
did:plc:fkfr5assftskfy4xpv3sgkhd,1
did:plc:z6azhfd3qobnxzvxmkwg76fk,1
did:plc:qjypdqcofnqf33q4djiegn2h,1
did:plc:26hqgckf7bcut3yenyqlxcev,4
did:plc:naatjxcjctca5hiuq7d34egn,6
did:plc:zbkyqjhx4nwo6qwsklkmpesq,1
did:plc:6hwdstlsc4nfelsvv73fisw7,1
did:plc:4sforn5o5soqsndnny42aerw,5
did:plc:2tsy6wcdtblareib2fbkfat7,1
did:plc:yt2leqkoeqin5mtdn2f2gcim,8
did:plc:7ylqbjps64pyor5aubqcsrax,1
did:plc:lvzpksz6pmuybftssl4rovwz,1
did:plc:r2wjk25piahlqcdj5mavgf2h,1
did:plc:53c6qg4h7aj3vzidt3zyqk5c,5
did:plc:35wcehgfooet5udpkqb26lux,1
did:plc:iwyfjgoklkpjmzy5uoyr7vhj,1
did:plc:5totpcytutaioynpnxinc56r,1
did:plc:wom67yidqiqle7gd3ok4glkh,1
did:plc:lf4cucqs3rryjfaj4sewzctq,1
did:plc:r7wi5n3trz5ylk6e7rzesunv,1
did:plc:ihplhgoxjeldw7h25tph6mza,1
did:plc:cih3567lrmkbgudnmukpbv6n,1
did:plc:gkblzvva3k5h2aiu3kdtfa24,1
did:plc:7bjvobu5ubz2eibn3c34li5e,0
did:plc:rkmn5wz4qin22dlden35r3za,1
did:plc:fw3skqmgdbh2bf2syac5uijl,1
did:plc:6laekojw3whqu64tlaxopvgx,0
did:plc:cjijguqwnpkwxxhbycotyzju,1
did:plc:guraxcspqct5qf4f7drobqoh,1
did:plc:xctw2qzmhzeeofrcesjrur2n,0
did:plc:nschh34mh6lt7gekixkjyxwh,4
did:plc:lppha67p4rg72qehc4truivu,4
did:plc:wakecztlvnk52rff7qu2nskp,1
did:plc:pyb6ybnti2ugpl3rngcpjesi,7
did:plc:o6nnvjs3bgv4ih7kufdfuvy6,4
did:plc:52oljguvsjll6bxxzvzlq4xp,1
did:plc:52fk33t4lzlyqihpmksdyvyr,1
did:plc:sxuzs5wgzu3gl3riwfpfl5ok,7
did:plc:ushu2up2ut6olpx4et4thb5p,1
did:plc:xfyiq6vcmx7brjjlai7wmcg7,1
did:plc:fyndwb6wm4k535hqt7zxqfbp,5
did:plc:bzgtfbjhuzw3s3lyrbctc4uq,4
did:plc:jonwcjz5uh6qczlf5ffdnrwu,1
did:plc:chhxeshsuu34smbvyzb7ic3c,0
did:plc:ldznw4mcxo6n5fdkaokanemm,1
did:plc:xjthmuumswf2f736feooifep,1
did:plc:moyr352lexv2uihvtnuxcu2c,4
did:plc:ii3yu2z3pxpd7czll3t476cq,1
did:plc:up6ri2rw5kbopb7ggx7f3qxp,0
did:plc:5gmjadcbjgfpuqw5smz2y6cg,1
did:plc:dxawnakegfdkfkj5y6ezhct6,1
did:plc:xjuyqvw2eceehir6he6bfk44,5
did:plc:iqdm2serzk75y6iufoei6xko,1
did:plc:kazb4faie5zcsrcal3fh3jqf,1
did:plc:shctmatbosrdebsk4y6arhdj,5
did:plc:q3fuddgzyiwkjzvl5jzx4lhr,0
did:plc:o2qrdacsjykzk3e2wthawdci,1
did:plc:6as2bhmyqhnrdkxgfc7qkmoo,1
did:plc:2m56bhjd5iplfxarrbsaxszm,1
did:plc:gqc5s7rrcjbadqc2i4nahaud,6
did:plc:dbsirslq5z2nixdqj6p6x5ob,1
did:plc:d2vuu7gdoxq74sj3x63htrb7,1
did:plc:p6d7glt4kgqxgrxgoephdq7e,1
did:plc:g4u7t4ugbxymubzbcwooxsc5,6
did:plc:lffucufbr2swnuew33kdlyym,6
did:plc:ohlmasztt6dlclchp5wglf5d,1
did:plc:ful24wuxp5fm5bc5pwrxvntf,5
did:plc:myrjbdeempizmhvvqvf6o2dp,1
did:plc:gagiid7no2m7jf7onh6jz74s,1
did:plc:vh5xiafsyjwr5q4nzma2lvjh,0
did:plc:qaqbaasd4rzss3cvfmh6mvbe,1
did:plc:zwae4pbf7fal2es3on56t7ed,1
did:plc:5jtwucfhfxlupovoe7eu2sus,1
did:plc:fsalsalrcfvevyxfrqomldu5,1
did:plc:5jtmplpmu67ruv6nxoqgcael,1
did:plc:ohjw6ig5warcxe2ciwmqvhng,1
did:plc:lslc6jzd5qsy4henzy52a327,0
did:plc:lkpoipsmj6vsti4wx55wokrf,0
did:plc:uinkqqbeiydzfm7v7pi4e5mi,1
did:plc:xtsgijsnqgdicw4m6p6yl6k6,1
did:plc:ielx3hw56bjbkz6hjmohqrow,1
did:plc:4eueouejhvcixqcmiztm3mun,1
did:plc:unmj6y5kstq7njla4ojavzv5,3
did:plc:ddl3bvv5hal2wpepdppo4vgy,4
did:plc:bllnac646wsht4666d7pe4at,0
did:plc:cwltu3ulhn3zclust5xiebwa,1
did:plc:krdugkrafzrkg6pmdxm26smr,1
did:plc:lgtkva227fok7ym3tfqawbtn,1
did:plc:zemupok6vaoudog5y35vfh2q,1
did:plc:bfqho2lmmkjptkk3npvaipee,1
did:plc:ak6ze5dhjss4byl6n7wzsdab,1
did:plc:j7q5k7gh4s5b6zxwuigepbao,0
did:plc:yus4md34g5x2e4uoelyztxsl,4
did:plc:dzjwuy7icpp3wyw4vtwitrzt,1
did:plc:p6uilcznja7ifzomrjc6fc4b,6
did:plc:tqvntr6lb6bk6u6lkumv7u5q,1
did:plc:bywy6txaivzfylmpshc6zhqh,1
did:plc:rwtr4mglqi6neh52wp3epg7d,6
did:plc:idtftoyugv23t5ny3oo22udq,1
did:plc:mdng7i5o3v5fqovyjsfdbmr5,1
did:plc:sanpeqp64wa4drxik4vcdndm,1
did:plc:ncwmksudroouk4zunzwala6d,1
did:plc:wvj53tbcoohlypredxnie6l4,0
did:plc:6t5m5gy7mea2ruxuivz5xchr,1
did:plc:nxhqo4mngqpso6y54g4gvvji,0
did:plc:mjuuyrseayazj6ym6v7jlwsp,1
did:plc:g43z7cobxbqp47mxxvvjki4h,4
did:plc:oaistxhx54cgpez5kle5pbwg,1
did:plc:c6wblrx3srwmk4nzu63v54f5,1
did:plc:lkdsz7vntylaal3pyk6ybq5a,1
did:plc:kyphkmluigfakab42kfn5ri2,1
did:plc:nalyng5ifpiq6uhm5zhcpz5o,1
did:plc:4tbobykukxwhyhqk3ocgpga6,1
did:plc:t3bfogqqpxiwy7c6aaswufgu,1
did:plc:gf5rz4giapsfptt4iqlwdfoz,1
did:plc:qjr7jf4msm323wbebwnjpy7m,1
did:plc:3tmxwzu7ppjlkz52txplqjof,4
did:plc:r5vh5nmufilqewlxqgugz7qc,1
did:plc:x4mhnl7a2a2etapr3d7nrsgs,1
did:plc:xbdouxhfyzjrjsndzsmdqiqo,1
did:plc:xtqqbfyf5gnznn6amwqv36nf,1
did:plc:mqur3wxp3r7ral3zpg5s4mia,1
did:plc:fgg4kvgx6cz6tkd2z6zvzexw,4
did:plc:tb3a7chyelv3m2ixkkzrygwa,1
did:plc:nn4d56nundfhznmuw5zyrfyd,1
did:plc:33zfux7yitp66poeouhvtgxw,1
did:plc:z7tmqvr6xg2jgfecjiwqxnwa,1
did:plc:xnhikac3aonuoeg6amhwrutx,6
did:plc:lkfjlvo5y33we3aovgr4bxac,1
did:plc:i2dmfuqk3wklvyvl77cc66cx,1
did:plc:odszvlxo4urh6vlcgdfxewim,1
did:plc:wgwyefnu6kfevefmsxnnjndn,1
did:plc:kjvxa3oi4lojthe5fvq6gi2t,1
did:plc:wdmrralf4pbtlp42tzubvjhl,1
did:plc:4jtxreeqtjxdorgduybe4nkj,1
did:plc:thsadfkoayzdvexcc3fdceb3,1
did:plc:jzzphuxllummtl6ydgd56db5,1
did:plc:uvtpv52kwezkqodz5d53dcmx,1
did:plc:emi3mbwyms3zr4xcr42omrtf,0
did:plc:inniyk7hd44iol4ocmbj7wu3,1
did:plc:3j34f2bhypjswt5rxslie4cm,1
did:plc:iftotdnzf5a62nzejesxj4v3,1
did:plc:fjv4ly3ho3xmbpfkvtlpiey6,1
did:plc:eprtmeofan7mrvnhuvwlprs6,1
did:plc:6i5wfo553e7eqcauf4w6mpnh,1
did:plc:lbxuuaiug3ffrohf25u422li,1
did:plc:wjcksjyxfv3gmbb7c5rmsocg,0
did:plc:aaiod4ymijpsdnwz63p6okgx,0
did:plc:izht6orvftz2jsisaxtjp3jq,1
did:plc:zgllhv7tg4n2crgnibxrnz3t,1
did:plc:iit7kl3cg5c43kbspmunz2qb,1
did:plc:uyhq52vy34mgaht3ty7p3vid,1
did:plc:c7di43urrgvvbzzxo3vaheu2,1
did:plc:xjcctvkmkzfaxzgscj4vdcdi,1
did:plc:zlmplaojabgswhyhc4tosd4v,1
did:plc:eeicf57cwhd352bstl5gtiuo,1
did:plc:msivhqqld2fu2vhnn4g56rle,3
did:plc:5pmo4mivfyqqaixmwynmlkjw,6
did:plc:6e5ae6edjvlx55krnt6bocbh,1
did:plc:w45d56luuzle5d52zxueahse,1
did:plc:gaznxra5eiv3gkgp6pj3hzkj,1
did:plc:nv3r4gg4574l2hdk3d2ri6nw,1
did:plc:mjsi2u7dhpztwnurhucapokw,1
did:plc:362d5dmpxfa5ioce7zfpydec,6
did:plc:qf43ql4cy5tyz6uaxyqawvha,0
did:plc:24yp6cceuf7eo65dn7shqqgu,1
did:plc:gcufxbwiucpf33soqihacejg,0
did:plc:24dzx5tngkqqn6qk42qq6mkv,7
did:plc:5jrq5fbxgl5dl5vefjhr5j4x,4
did:plc:zaqm73hzfe37d47zvymngthd,0
did:plc:mo5ol7hirwuzq3pk3fswxdys,1
did:plc:nbgom4fud6de2ldwm762gv5e,1
did:plc:a4ibnoyccmlpyrkay7euxupc,1
did:plc:7ew2e4ndbz7aqi6vs4pwciw3,1
did:plc:dguvi3jp4kf4nhkht5kf57ga,6
did:plc:lpfin7uq2bkxhrzdj3xm5brj,1
did:plc:u6pkflcjf3oeznghjx57htkf,1
did:plc:jep5yige56f4ubpldfubejz2,4
did:plc:3raw7lho6s4gsze4eal6bfys,0
did:plc:fwhni6egqpnddgervcgjkdm5,1
did:plc:6gvouaqreedn2pky6d2j6gsi,1
did:plc:gfn6si2up37mb7kieanterbx,1
did:plc:3m26i2yonn2pv7cbpgg6hrjj,3
did:plc:bph42aa6ki7oq6q2puaeaecb,1
did:plc:ezft673trrv7jbej5iuigdbc,1
did:plc:6rbamkn4r7goijnnd3kdmeaz,4
did:plc:4lnen2drmscj2w2z5ib27p5q,1
did:plc:nyvjcn6jjwpc2amkou6evapj,4
did:plc:cbyfjmlxrzwkjigo3vcdymwc,3
did:plc:flwji3vporapnndh3bqzxgez,1
did:plc:zcciawv64li7qcg2mbujilyp,1
did:plc:j55yux4opgcibasb3itpnrfz,6
did:plc:x2rncu2rksh6nr6ybhjw3w4h,1
did:plc:lf7vj7xxufgxdiumveai6jd6,1
did:plc:lhubb6j232z3i5al4eqs4rhv,1
did:plc:b36bwla2armhhygdokdp3vw5,1
did:plc:vqtsks2muctuzkibyoqystvg,1
did:plc:6yzmjtsr23e5soyfr3isfduc,1
did:plc:wyzjivjt4ng422z3t7fhitrv,1
did:plc:ozr7mwnt2yicowmabup74a2t,1
did:plc:vdblmhicelyjbpwo3leyjc4u,4
did:plc:wxjppkn4jlsqltcz4l3fz2mb,1
did:plc:5wih5tcy3awu6xj6dctatzw7,1
did:plc:mm3vefa25e3ki4xgvvnfzxb7,1
did:plc:qjhm7r6wl26aphfbjbdnmlz5,6
did:plc:673bjydkrgo7ytaerzbobqh7,1
did:plc:bg77n22qookl4dew74l3r35v,1
did:plc:akvowlo4twryhtggryvnp2tk,1
did:plc:2xgapv2moxhqkd7oopokvyex,1
did:plc:izz65vqysh35vdikcgqw5el7,1
did:plc:nxgmkrelklc7xtgvfastjs4m,1
did:plc:bb2fwyazvo5jzsbbp7xxvkiv,1
did:plc:qikagzqb623lbxzwwyachny6,1
did:plc:d67aicqw6nicsf7cjauvzuo3,1
did:plc:rpokifijznuutqicpqcgsnv5,1
did:plc:o3l3q42chbeego5si57rubpr,1
did:plc:xysxhjszi5df2cizkbwcbrfx,1
did:plc:jsg4qcw4mx3on3q5rte7wicx,1
did:plc:5k334uyauptg4ur77pup3nis,1
did:plc:xaaaaazcq4mhg7hs3bnapwvo,1
did:plc:5tfj4zqxob3xip2e3x43r6an,1
did:plc:faz32k3mih6ca6eftdsq6l6f,1
did:plc:k2d7kmafnupmopk32k5ldrs4,1
did:plc:uwfsfmegtcqwmix73d6xef2o,1
did:plc:2z4oxapdodbq5jkyi3vtwunn,1
did:plc:vggvnjcddwoojfdwxoxv4bes,7
did:plc:khqzmog3nfxxpr46s6pprhjc,0
did:plc:xuuvdosrwy5dqsey6t2kyofl,1
did:plc:7zeltfn7hwd2uezjxi3goz2f,1
did:plc:jmgvl4657wsfce4xkfgwukij,1
did:plc:iq2ntjsdcmyavapwepnhvv2y,4
did:plc:qpogwukyspyppkxssatwloo2,2
did:plc:63rlxtwojjrtk5g5ualsdbf7,6
did:plc:flkoybqbnyj7mqgtg5gdtwwr,1
did:plc:z5bingpsxkcsqunu2izmvnyg,1
did:plc:ewpcufvsculuekairbedbmiu,1
did:plc:q4thtypntlocgxdtgbiyu3rb,1
did:plc:dqls62xtfak6hsfvzdnkqoin,1
did:plc:fl2g3yzcbyibbpwylcku5hq6,1
did:plc:xtnnlfliehxdroula4eg34r2,5
did:plc:m7qmn56yv75akgamjlh2phfy,1
did:plc:h6vzqh227pr5nawrh4bg7um4,0
did:plc:sgrlkpygsajyyrbmd7wdkg7j,1
did:plc:3wizkr745n3xe5uqzw3lizci,1
did:plc:moh4iwdkadlaa5f4xeqs3jwz,1
did:plc:4s3kuhza2jthxjoc5or5jidy,1
did:plc:xns2o2ey4qn75kq6hsckgulc,1
did:plc:ld6ouue2fif7fio7ebmq2pdk,1
did:plc:pbos4s6hgyjeflzebkie2at4,3
did:plc:qkyqimfvqe32k5fdfxkix2ub,1
did:plc:sohgdthut6snt5xgfold644f,1
did:plc:g6b7iqsxruzawdag6resnxva,1
did:plc:a5v7xxwlj3mpntj6vczsi3lp,1
did:plc:veu2atq77zsqbaxixgkkjzq7,1
did:plc:pev2u5swr6ztpu4jtpj64nys,1
did:plc:5fpl67idcdiwxdwwda6fodsz,5
did:plc:swi4can2x2upubawxxhuatby,0
did:plc:wl4epvl55xs5zxjy4wkq5pb3,3
did:plc:wqa3femvnzihnc446n4q64x7,2
did:plc:3fpvfmr2zrpxw42mtefwxibv,2
did:plc:mcmjagdh4rrv5qgklslswvg4,0
did:plc:yzzmjq5vp6ayt2sk2noazyaa,5
did:plc:ku6fh6bl4iegvesohudb26cm,4
did:plc:gvo24t2ftldv53lksmjrui6b,1
did:plc:ci5l7c2mqr4pnkyqrnisjc3u,0
did:plc:uk3vrkxanvvksgikxoxxjre7,1
did:plc:rolwzpjrcdb5oqghqlr4tdgk,1
did:plc:sz4jplgdywyuzfj5l3lukys3,1
did:plc:gygkkdlqc3xorstwxh2iy54x,0
did:plc:zptpvvy2goqccixahh2ou4a6,4
did:plc:ug4i5mnxs3z7ved5qkmuohjq,1
did:plc:3nr6xglgmnxytqn65auvzqeh,0
did:plc:7mom6p2t6nwzajvefwfj2bwr,0
did:plc:fbo2bqkaanvdr523ffzrdkwl,1
did:plc:o2pi6hpod677vmzwresc3vy2,1
did:plc:svq2yzawr6nx7tndm4g7tk2e,1
did:plc:gtqy3epsmmjj4hyl46dabkjo,4
did:plc:c7orz6ycsmtaycssvgnqvss4,1
did:plc:jc4nohwoojkmilmkb7gemaig,1
did:plc:yjsashv27wfv3s6uzcapgdrn,4
did:plc:zkegd2ivd2z6mmlfppute6zj,1
did:plc:ts4t5jt3ztij4pf36b7lhriq,6
did:plc:exrzbzuhkvypm6nu3zh4a6za,1
did:plc:gzpqpbvkr3oglinbhmxlphbi,1
did:plc:hxjalkvhworwbkjhpoejyxvr,1
did:plc:lxgyqxlw43peumepisuz22zd,1
did:plc:cpev6pp4h4lm3axy2rjxfrtj,1
did:plc:bfit3hsjxqlhkchjqwxbnj2q,1
did:plc:tztfbtj2i5wtx4e7x3rsovr6,1
did:plc:5d4x2jqvhr5wfyoyobomefzi,4
did:plc:ce2zscixbds2zgqv4gl6otlk,1
did:plc:rqw75uvlyxhmloyxkrf23upc,5
did:plc:ukzfzpvmev2gw4s5khks6rhu,1
did:plc:y4zxxflk7dco3uwly3oe5n7x,6
did:plc:f3tzwvhpw4q5a7pf67t6n4jp,3
did:plc:om4yohtfwtju34eylqf5yfwf,1
did:plc:fnd2xmvbhwrb4gmm6evgvt46,1
did:plc:bi3tv77yh6l5xlvyx4amagcf,1
did:plc:taxbzrvbesqgvohvzthzkgwk,1
did:plc:jxha7uyjddk75tp35jvg6dbf,6
did:plc:uznb2ra3nvc42bbgeyddeerr,1
did:plc:tmqagpzbml42unbeku4vviw2,5
did:plc:a3jdsaqj7g3ahaehga5qkdvh,1
did:plc:vopbbum3mfbe4j5lp5aseokt,1
did:plc:3m3m5ivvmbx3gjaukunmkkg7,0
did:plc:nw7iqftlxymreeten7mdfdin,0
did:plc:xr2pkc6g5gkyyfqcifk2cgbb,1
did:plc:apaoobboa2ph22ekkfiycqlm,1
did:plc:f2abj6aeauaxfv6xylseqbyt,2
did:plc:tla2gax4rm3fre6g3bckrde3,0
did:plc:3axzrv3dqwkqy7uue7bhp6ys,1
did:plc:ggosx53d2npf74a6iq3bn4ee,6
did:plc:tr3wbaa2ig54ca5xqtdbxzno,1
did:plc:7vsed7cb3jqjs4et3ezmjfq5,0
did:plc:7qjxzeneaj4fxzqlfc3quluq,1
did:plc:4cu4cnpvmeiemr24qibdjzby,1
did:plc:ggicyc6ncyvlqcsndtreth5d,1
did:plc:zf45ottpyeujqoyrjm7pmlma,3
did:plc:tvc7g7sdrdq4g4nbgbeeglmp,0
did:plc:3amjxonm6zgclsnc77n2ujcl,3
did:plc:odlfcx3ggf5dl62uv7bu5ntg,0
did:plc:tdwnlakwkwg7eef4kwqolqyj,1
did:plc:epprjgr573mooenzay33ls24,1
did:plc:7vs6lmn2dj2zj4r6beyd2scx,1
did:plc:klcrrnf6hoy52kfnrgjt2liq,4
did:plc:ab52xzk5725qbsacvndzhjd5,5
did:plc:het2666h2axuxftf7x2iwn4a,1
did:plc:5cmerxfl55jlsovxw67cdwj5,1
did:plc:4h6whobhq2sx52y3l5uocb2r,1
did:plc:rh5mdjqd4hi6lwdmtwaunbk6,1
did:plc:sohvn6gsi77dryo3q2eqtky2,1
did:plc:vl4nh5v7pcgrpzonh6zcbcwk,1
did:plc:wqswa6p2yd6gjh2avs4bmt6z,1
did:plc:x3kylievmpv57pqg2rpupygi,1
did:plc:7yoe43ibdxxqcunuca7kq6e7,1
did:plc:jvm72n42pmyhrhsc4fxahemd,1
did:plc:uem2sqjqsjuc5wl4wj3qyecy,1
did:plc:cha4m3yi3halphgj47c63ek5,1
did:plc:nd5ftpctbbigkbfiyw4rrvd2,6
did:plc:bdpqc3mizficjkifymrckmxt,1
did:plc:7zey5b34nyh6b75fjdkrsuo4,4
did:plc:kxbec5sqajrarugzcjsa63qi,2
did:plc:qma7kobljfjgftdgnhm2f4uj,1
did:plc:tvu3qjkk7izy6f7b7j5ug5bh,1
did:plc:bwsivr25iek4awpduemztqjy,1
did:plc:rdnycit3jm265jvdxlpo43yv,1
did:plc:hf3knrcb3aqwmqu23klptyfe,1
did:plc:ihustc4fd2ztcceqrfagmecx,5
did:plc:ftvyewzpra3k6hwexthz5rez,1
did:plc:33wcx6hzbabpq6otoqucpnlu,1
did:plc:psawybt6ik6dkbhnldoprbzc,1
did:plc:omsfkdhc7evbfi4ekrl2skr4,0
did:plc:3azj6pjvrivovesty32zkkpq,0
did:plc:4yxqcmileuotlce6fi2ohawy,1
did:plc:2ib52rpttsm7a76h4vfdghkj,1
did:plc:r47lctulus3klgllfddqcb3d,1
did:plc:7y7tii4in64pszqvgy5q7ym3,1
did:plc:suztruvqyccwxnk4ikydx5db,1
did:plc:cifmg43rg4kdmjtcciccbz4c,1
did:plc:6hjydgo35mh7ej5dnsu66ce5,1
did:plc:kuopyutmkx63iip5slb3gsqa,4
did:plc:tlydzoz2xhrgygtjnwuxly2l,1
did:plc:imbi7tj6afsliv56exgpz4ig,1
did:plc:36ogozjj3p5souvcm7wz7564,1
did:plc:mfk3ah6qycadicgfc66usgui,1
did:plc:p52qcqnlsso7bthkxyrrmfbk,0
did:plc:vpukwpppuics3gb75udhxgul,1
did:plc:o2kqeq4e5gily57yfqpjaslv,0
did:plc:z3v5ta3dltzm66zftu7qfssi,1
did:plc:aa4kkmqgt3rzxhah75s7kfx5,1
did:plc:cohweqsusb4lk4qqwrzp7xc7,0
did:plc:ekdieozvwcal3j5rv4usxswc,1
did:plc:vruqxgsmv6fxioy6yzf7kiu3,1
did:plc:ny5w2k6brb2kdubxnevke6li,1
did:plc:uiblv6twmh7aozsx4tcj7bzy,7
did:plc:dnmfsfq3xzoll6vzj5jip6rb,7
did:plc:hcohxxnmu332zotpn3fjk42c,7
did:plc:xy6eavwodljiowox7pxtzhaj,1
did:plc:74yitsfmff4h44lhvmpmacmh,7
did:plc:ik3ryhs32pcmrtrxqxl367mw,7
did:plc:yuq3ygdzu6scmwyjq7mjoctl,0
did:plc:smy66gk2wq2v66un2h5n44of,0
did:plc:qkq35lsrdbzu5cgepnolyme2,0
did:plc:h7obn4tkp47wn7gqh4oe5eij,0
did:plc:2asj5ke4dvqriammgbokgetd,0
did:plc:a5e7a2qbbnugyoonxc5vi3g2,0
did:plc:5522oeeuseh6xecjz4v3iuct,6
did:plc:ybbpezgbojb3hnwc5pcgia2q,7
did:plc:diyqt6bmvd5vvalglriwyumk,3
did:plc:2gmntr7y37rvtkz3pgjoqyhk,7
did:plc:pee2iplyxovo7rvfm3vfkk43,3
did:plc:i4utukq4f63fzlmxiw7acvef,7
did:plc:skmvc4cstxwtt3oct44fpf66,5
did:plc:bed6qjuemocmkxgrqprpe3hd,7
did:plc:kh6t5adej6rkkyxmehfvlnfs,7
did:plc:bebdlco5af6vw24z4ypiwf3i,7
did:plc:egahz3jeaeq6c5oj2miui3or,0
did:plc:zlgvaiqs442byp37twfwdjiy,0
did:plc:qopr6txm3r27ym77th4ml46e,0
did:plc:jrdunuv53kpblscdnseuzmca,0
did:plc:yllnwzck54znd3llbqf2i4jk,7
did:plc:5bdiwmvh6hqglip7syw55gsa,7
did:plc:4yv4xj5d6mrxf62caki4yaaq,7
did:plc:5dp4wbjolo5m2lfcfveqbwea,7
did:plc:fo45t3diqeg27sh7l3bc5nbj,7
did:plc:b4ujifnnyhaczk3arm6jrj4e,7
did:plc:fqhajddxjporxq74lo4ubqyv,7
did:plc:5qgk3t63cljskprqxedsny6d,6
did:plc:242bxxn3cfalpegligskk7gk,6
did:plc:x2tlods2qljj2u7u4veohiw2,2
did:plc:lx4w72rp6hdurle6em36qgau,2
did:plc:546qgaw5whiyfktyiyzv4z3p,6
did:plc:batgjai2f2zxgvjr7niiapem,3
did:plc:gojk6a2fhfmayzodmkxzsy36,2
did:plc:fwxc63vcxhru7flgf5nojbgk,2
did:plc:dpvtxtoku5dbv63xfklj5x52,3
did:plc:gk6rmhqrprzk5zwmt46lbndk,0
did:plc:f6eaut2qp5es6d6dpxj54vzu,2
did:plc:belvhj7vlrghqun7poroujoj,0
did:plc:pbygkdmiiefhd3mbrwrkdpq7,4
did:plc:trn43swekk3cyoowlxtiq7qr,2
did:plc:t2dfq4ktezmwjdnjjaygw4bl,0
did:plc:gvsmozflzsmecmcecafqsfeo,3
did:plc:bx77glalf3xevvrsjq2w4zer,5
did:plc:l37rwafrrpxilg4ns5x6bgiv,4
did:plc:qn5boneve4le4f5agosdtow4,3
did:plc:feurbu7wckazyekjet6atzw2,3
did:plc:mkyjjkt5uwobjstft6x4tfy4,6
did:plc:ku7v5o3u5qysxdiuu3eigpkw,3
did:plc:gydr6tg5v35bif3unvqxursp,2
did:plc:ho6qjcj52pvl5ifpgvaafj2r,3
did:plc:rxgbzhnvpxlwni2dm3mbczaa,4
did:plc:apsd2hflgvaixytazz33n654,4
did:plc:xcmflejgwcae453qoq44dvqq,3
did:plc:mpmfpwsii6cykkaz3kmmkxdr,2
did:plc:r5iwihbepauwtm32a6eskcjm,6
did:plc:iumf2zahwnapaxr2o7xq4fte,0
did:plc:j2y3jai4mwk5apgey7yciqhf,5
did:plc:vh6yd62fxoetqip4o34zihhk,3
did:plc:ficd3wp64dtpwncefyc3pnls,3
did:plc:wndq3p43dqrdj4ense2lbcaj,4
did:plc:guwp34ptpytsts7efn3tjstm,4
did:plc:g7cyrkwugu6nqjlviuiy2yud,3
did:plc:ibodtfz32inc5mu4uwfqiqxj,6
did:plc:mcr7rv6bm7kmvfvsds4hg6lv,2
did:plc:ijgnypgmfx7srfwpwnfu5bzl,4
did:plc:tterfkelyyziz3wveh7ix6ic,4
did:plc:2puakrcswobz3vkbzsoyw4rr,4
did:plc:na425faco4xzjdr6u4w5bwuq,4
did:plc:ij3rwuh7krf7q3gbg4esxws3,3
did:plc:ma5zzrr2zqcahsfvos2nzkv4,5
did:plc:46rd3ylis5yvbgc26yfxuxlj,2
did:plc:s7omivpdhkl5sjxx5k4xsewq,4
did:plc:5uvs2pasxffbzonmc5bqvoix,4
did:plc:upn3dyq3h7cazfuovyayaqfh,4
did:plc:yye7xhb6ad3jd5cgzarvbyaw,4
did:plc:ytnbaxxlvgjb2hmwxi3hgmiw,3
did:plc:64gnfkb4vguspilo6hqeaebr,3
did:plc:3ultjxw7gyk4gqznwmkgw26u,5
did:plc:hfy6qhq2lsx45gbaudkutcp6,3
did:plc:mjfngciy3l5es4c6bzsovlpl,0
did:plc:ox6inbf2rwn4kj5ms3k3c775,5
did:plc:o5v6rfkbeen4xcj5xth27vpj,5
did:plc:eeowugymb2lbastddqwxnupc,5
did:plc:u5ley35r5dxhkrzvcaqwic2m,3
did:plc:y7e3mcqeuzcgvagpds5ixywn,3
did:plc:eaue7vouqytk7cbzt3ojx6oj,3
did:plc:zqvquu5bfby4or7tune4xzhb,5
did:plc:pegzledoa56ilrdc4bjwah32,5
did:plc:737bph7artx2i6snffkum3rw,6
did:plc:yjkhy7ldw56uypnzrssgxlrd,5
did:plc:527udn2zdm2t6souendb35e2,4
did:plc:oqiueysejm5hpuuugbuobdcp,5
did:plc:f5jsznyza6ln5xjfslyialu4,2
did:plc:mp2wwkmztmpcrfk3dftoqkkw,5
did:plc:rew66rg22giiijehpsikchyl,7
did:plc:7bcu4aicbt2bj7c4ecv37fve,4
did:plc:4ytidj2pjodkkcrmgtpaeh5t,5
did:plc:7r4ek5yw64bcyi527xqo2o4t,4
did:plc:i46xtyclaz4mauvoqjaf5hmy,3
did:plc:psjmpkcfv2x3zexq7sx5frro,4
did:plc:hxjt4arn4jpbe6gi6mdinkm4,3
did:plc:vnixmkgbs56svhtzwf2bta7s,4
did:plc:yjef3h4cldrkgvyunjeeccwt,3
did:plc:2wrjnrgwyldc37rgunzpyp3n,2
did:plc:jla4i7v6ucofx4abyjpi575l,2
did:plc:houudheicysxpb6pj3kcfz6l,3
did:plc:m7zadm33kshmkhefmzkpcjui,5
did:plc:pnpkfv3p5nzctywzx34t5dp4,3
did:plc:cswq42sdlumgtzdot43wugbf,4
did:plc:357u53h3isbhhxlqmjjyhihi,5
did:plc:iu6iw2c76mlz2dg7axnoy7ix,3
did:plc:2buph5jmso3ecehxhs3aclkh,3
did:plc:5onh7ko2ux7bjjesmbeayjel,7
did:plc:nkbkd45co7owbq65lj4nv6w3,5
did:plc:raqakgdn3vs3f3flxkvo6kv3,3
did:plc:j6prf2pt2aorfh5qerw3vp73,4
did:plc:ubgit6dc7iwrk2wyqdmhbqqz,3
did:plc:a4feceawcvvxstg7pagxnryg,2
did:plc:gzfyavvrsyucvvwzvrdxc4ql,3
did:plc:cfqu6alt3sngvm3mir7vqtzy,4
did:plc:fvi6xsjc2zgicybjujxquyip,4
did:plc:rdzosi3malmtlsok4xbyfqak,6
did:plc:5p7twnyoi6jrqqh2fprhc4yf,1
did:plc:oyna2bbxxqe43gm4627i4ruq,5
did:plc:uvfe3qnewldw4ytaqkni5wys,3
did:plc:y2ch4btzabubkl23uj33quy3,3
did:plc:q235vogkpapefefjkknkqfvd,5
did:plc:mszg66mxktqzuao5auozu47p,2
did:plc:kb2az7w7iwcva2rh2uu3ujgc,1
did:plc:n4dvorjnln6nbtkbvn5jynus,3
did:plc:zglbalmn24srdxnicojigbxw,4
did:plc:xlsb7cd7dcxlbhymb2s4nv7w,3
did:plc:iqzrcty3qyjnqxerl62ikds4,4
did:plc:awdudiu7ozpyim7m7wvust6y,4
did:plc:grv55fa6uxsrnjzeoxpq3kho,2
did:plc:aqb7q6fgii6votbqv6nzlz4f,4
did:plc:ottyba4tqtkdp2z4rrlsjz4u,3
did:plc:zfy6imnsjlth2754fep3ofoa,6
did:plc:7zpku2fz5c5zeewgzn7yfsr5,2
did:plc:3nkxkgpwj2skqbatsehrr2q2,3
did:plc:3wqibequewsms2ocqwy2dlwt,2
did:plc:hvbo2d2djbp6oot2d724rtgn,6
did:plc:7jcp54vdp6qaudz5m7kiezow,2
did:plc:2h6sozflgpxnnccr2s63yvj2,4
did:plc:jqtojzhpiadxjnetdalkpyd5,5
did:plc:wowjs42vixn5dkxntrdxydbu,3
did:plc:uogunn3uxz5ocoegh4m4yqoy,4
did:plc:dgilbbijl3f2xrigznhsyt2n,4
did:plc:65p5nlcm4czp4l6fqgwxp4s7,4
did:plc:xnld3lyyryl7vztp27xbaey2,4
did:plc:fzfchb5zb57hipy4isyj3csa,0
did:plc:2t7sava6yoqjclibk7dvmlqn,2
did:plc:g5w5logiszfo6wfozz4gox3e,2
did:plc:xmn4spuo45b4pxefduivxjnx,2
did:plc:ztcm7g6j5wnozxe4faqutlq7,2
did:plc:wgycrt3ir5hvkapnzuvxuxpx,2
did:plc:otorvqfbsfqpqszdvd5i6ygx,4
did:plc:hmdkfstzqzmjbdtqx3jgt4gc,4
did:plc:larwf73q5ic6ggqsrpbdwmzv,2
did:plc:6wcqtafjcf4anpkpanlyzvgu,3
did:plc:mqwz7rb2exnppyb7xdhxhnx5,3
did:plc:purj3rg5cnrgmt7miienjp2t,3
did:plc:rww4onpwxk2q7q6gx6qwckqy,2
did:plc:ww6ppv2qr6wpnjg7uizycxcd,3
did:plc:lkqespxwxjoeiezxyeitm7cg,6
did:plc:7hrsibuxkexyfxksaum7i7an,4
did:plc:odfvfqs6e47burpgko2jujc3,4
did:plc:fabkwcpouhlpgzs5sh3gog6l,3
did:plc:ccq54mhs5ppjd33tgsghp6uj,3
did:plc:rwncbp4bh6trecqjspzzxuka,2
did:plc:qhzgdeprmuk24vgyoyaxn4c6,4
did:plc:rnsiwsuiwt4wledfqhn6rlw4,4
did:plc:pxa4qhwtapj3wiplcuz37srj,2
did:plc:zzphizreis7khh4gywbqcfyy,5
did:plc:v4n6gi44zsyzuqo7szhyp6f3,0
did:plc:5tfbb2dbgrov7vwpca5fohuf,5
did:plc:6erbaz7ubfcah6rwm3afc3xr,0
did:plc:anidr5auak4ouwzohzgrln73,0
did:plc:idmhrnzitw2ptv4tcq74fznr,2
did:plc:4kmrjh66a2r2g4xvzmfintli,1
did:plc:frgrxvu7rn4p2ar3qsqe2h54,2
did:plc:eydqlirspef7q54lylr3pfsj,3
did:plc:axzqjqlb2nx5tuwjildpj6rb,3
did:plc:3s42yyekpoggs54z76s5uvvq,2
did:plc:jixkjyb3zgxpx5avwgu4wpcg,3
did:plc:jrapk3cvjznnmqnya5jnts3f,4
did:plc:sm42lcgzux3f7c7hpb7jn7m6,4
did:plc:kha6scydezh7s6q3dswnre7f,4
did:plc:j5swynkf45f6tab35l7tcshk,4
did:plc:3gnq2jrhvccnvhixbhhndumu,4
did:plc:imtevqf5zdltevz22qjvqma2,4
did:plc:3ehiylbd2jl2ppziyxc2xypl,4
did:plc:trnbuyyr7nb47p5e3w2rpogs,4
did:plc:agdydwrr7lyzzhj76vwf3poy,4
did:plc:dhkc2o2x2ufvk5zm5os3ifpm,1
did:plc:lyync7fgxgjtk4vdy7xt5rcy,4
did:plc:6kpa46weag2fmqe7vi6xqvta,4
did:plc:ukekhkzj62meiixjcjr3pi6g,4
did:plc:y2mk4elntwp26mykgz773kho,4
did:plc:2fqtikesejjrid6yvpm7rxas,6
did:plc:tita4ku5yncjxidfu6zmrrdr,4
did:plc:eqpqgrzvrq6mru7ixh5osk6x,6
did:plc:tcvoifn6tdqpumvnqpmsxjim,6
did:plc:sxg4s6ys3psst5iql5tp2wta,6
did:plc:ncbi6hzprml2nk5jylkaqgkx,5
did:plc:p2m7snisbqfdzlgriwohg7qr,2
did:plc:cul5kubmiwsbmea6d5mekevy,6
did:plc:yn7bzhqr2vjtiyazp3odx5xt,2
did:plc:6jlpqo7vabpx5ldxlxivkdjx,6
did:plc:cd6ux7irsx263pzcjddtgkfj,6
did:plc:rjtifgmgwnacwa24lqp4tpsy,6
did:plc:7ptsjb6f2xmvd75d3xlzieca,6
did:plc:kr7yfznz4ohht5sflmq7jlis,2
did:plc:vdvravrfjpbxe37vfl3f5xdx,4
did:plc:h5tf3coi7ys2eqkxknuze3qd,3
did:plc:mdfwmxmpcyzyo2vvjwhdzmeo,4
did:plc:p5xho3ctb5nulr4fq3inzzz7,4
did:plc:d2p25nw4o5md3nf2cxbpyxmr,6
did:plc:ph7v44rtr5o4aaspyovtftdj,4
did:plc:ww6vvvbhh5gmjts6zye4soms,4
did:plc:wy6jv7hx3cwszcyzdtkd24p4,3
did:plc:curm4ncx66fzzygplesli77a,6
did:plc:xc3lwfj7ehwwtl2zahpeaswb,4
did:plc:re4kdq5hxiuarxyxo52piet4,4
did:plc:idtw5ev45qb7lubpkvhv6op4,3
did:plc:ryx4l7t4xgihjfud4w5cyjtr,4
did:plc:dgunel4ndjro5uewbkcsn37h,6
did:plc:wqalms4ulrxt6ungbgboocps,6
did:plc:bofn4y5k7du2fj5fhkpsq7y7,1
did:plc:xgmy6mdqwejaeusadrgejy3w,6
did:plc:mqi7e5uxunzy4o75w2ddii3a,6
did:plc:argtfgfo7lsuqtuoeqikhnsu,3
did:plc:mwt3pf7g5dqdpkfaozhzqskh,6
did:plc:qwgigo4iczp6aowomthocvow,6
did:plc:wthewzegrztbzj2ooabskhih,6
did:plc:6eqjufcnopmdmucccde5aeob,4
did:plc:gyxrmaukrnptvrg6em4apcbn,6
did:plc:yhlh4cj4lgwty4bcwndmq4ye,6
did:plc:mjhvdh7gbkrzcpjd4nhniqbk,0
did:plc:sxdpculd3h6ejtzeq77544aw,6
did:plc:3am7ou3yushm5444fpg4kogs,4
did:plc:42e4uzhx7a7mka6r2xhyotje,4
did:plc:grrlxzwrnrcf4l3r6sphmdmg,6
did:plc:7hz3l3tth22xuneckhm2mgdg,6
did:plc:snf4lgzk56s2vxuvw6uzcgdj,6
did:plc:3mxq4mrpwa6n3vczje334zpn,5
did:plc:4qqdjqtr5qysxp5rzgqf4lg4,6
did:plc:d7x5u5h3kbmdqccyd7ydlghi,6
did:plc:umvfpz5npa44nv4m7zqg63bx,6
did:plc:vwpojql6iandbaahcaefolxk,6
did:plc:hiu746ldsxw4h2wsf5eb4cbm,6
did:plc:lzkbldsq5g5f6oaydxtnmz5i,6
did:plc:i7hxd7m5p6lc7kpjyo4mo22f,6
did:plc:npk4d654rsnclmdmsw37pjlg,6
did:plc:xlcmx6ebvwafkuufwnisvrrt,0
did:plc:3nkguitdiquwvwybuvr4euov,6
did:plc:7xrme62fqirg7q33vx4agcec,6
did:plc:s7xfr6ck257oxwxazhivugvi,6
did:plc:hgexsteyfqqrlucbsvdysyak,6
did:plc:arlvvk6g45h45l4xrt77ywcr,6
did:plc:4cmao6mjnia7gypaath5n3l5,6
did:plc:4c2yikixagsealkpqeddft6f,5
did:plc:pvjrofwcexpa7fcri5chp2g4,6
did:plc:b72ypbjuk5tmokgstuugtc75,6
did:plc:heen7bnao7nttqi5ql7pg4rr,5
did:plc:wonjnoo2zu3owwxlxwmnzoaq,6
did:plc:rnfnjpnq4etnuiuegyxnezwy,6
did:plc:gtn35nj22qsh6dn4htidhgdp,6
did:plc:3ki3gfppxbtth23iers4ku7d,6
did:plc:lfyb347wgt5vdgfeobc3yxvl,2
did:plc:f3rwms7fukidr77nphhc6jah,5
did:plc:5grwb6553npnwvexrxzzob4b,6
did:plc:eto5prsbihdcxnqmbgfghdrm,6
did:plc:4r4dc7ckhjqapml5647wleci,6
did:plc:tpie4iodncswqcdttc47h5jj,6
did:plc:in2pnzujy66a7qnesoxha6ar,3
did:plc:d2u45eobywy3yoxxmqb647r7,6
did:plc:t2bjwvguncd35fna7ruckjtw,0
did:plc:6wvdpuu73fgcm2hxbhhc7zlt,0
did:plc:2wco2e2ybeg2lwpfx3kqjsuv,0
did:plc:6y2b4lqfw2j3oyycegx3ey7q,0
did:plc:utayilnoteqp5vfxbet7p75x,0
did:plc:aa7cgzfec67yn43ot4hgwxwb,0
did:plc:rzju2kafeyynki42pnmhswo7,0
did:plc:hieu5evszvpm4bgfhme727ie,0
did:plc:2y4mfek2ml2walvnzeuablnk,0
did:plc:vgzwdyiwzdnfrga2xcvblvr4,0
did:plc:flsrhf23vosctn4peye3txwj,1
did:plc:cda4h4w7cpcbfiiqhxg7yzdh,0
did:plc:wwzei6icqrmnbrux2p52lmut,0
did:plc:ydciw65pao5y4zdffsyvvhmi,0
did:plc:sq3cuwk7tsjv564xefoj67tq,0
did:plc:f4mg5nepkqr6eyrrzt3dcvp6,0
did:plc:6e4wwrqh3jljpi2ptawlv33a,0
did:plc:6obelgdog6rbnzikxkoo4mrh,0
did:plc:ne454cutmmpesxbcvkvz375d,0
did:plc:hug4stbcqy6mghzbajsuu36l,0
did:plc:zjfi4ivpyr2gi276446uvu23,0
did:plc:ksl3ojwcdgkjmj3gpgin3xqo,0
did:plc:ltiahuautepti3yioluq3ysp,0
did:plc:ybo4pxheeu5wcdas3ahvmogu,0
did:plc:4ouag44vqmtjvbg3x2ph5u6o,0
did:plc:7fqhcnlttjkfgzk6yjeb3tqu,0
did:plc:cpvhxjazgxg2gdsuhljyw63k,0
did:plc:ur5roxxia6qrvsmcjthbcm4t,0
did:plc:77tdak46psveqneyegsdyc7l,0
did:plc:wncga7udsvcyqy2r4n4zqzbz,0
did:plc:7sfqvvcpwyzjrai4xuz5xj7h,0
did:plc:fuvgq4ljxr4fhhirtecv3p3a,0
did:plc:u6sk5jkgi2573ycdcqcozdbg,0
did:plc:2dq4suksjy2uync3s2gvpigj,0
did:plc:emhyi4kljodgqlusdsopgfgd,0
did:plc:d2bnklhmnsrcqrqobku6bqri,0
did:plc:r2gfptldoh4lpz5oqxfr7mrv,0
did:plc:mjh257xyug2mpodoyy3he5ih,0
did:plc:u2zsfti5xzd2mz2bdg4msbcc,0
did:plc:7i42jx56i75qbmma7dsop4bd,0
did:plc:vo7yz4mcxpobsv4oumvihv62,0
did:plc:pgr2z6hxsr2ynubld4kct6xg,0
did:plc:t37k3dgt52xrxl2pfdkghcht,0
did:plc:wbikzb3gcriudrggv2pm7bqj,0
did:plc:jq5iamt43qcbitsnhdq3ycle,0
did:plc:grfooamxjtwznfuovs65wajb,0
did:plc:vwp2qmt3ghkhn6gzjeugr2to,0
did:plc:ohugifx3xouerbmcljjs4kpc,0
did:plc:2oggxuqp465a6en2ejwqd2p5,0
did:plc:qrt5rykojeg5sbsajbu4zdke,0
did:plc:2lwdnmh3l7zslksp5mamg432,0
did:plc:kqcmjyv4zxfcxzbitkw7z2d6,0
did:plc:ny4yaltimarkgs4fgnsarfhy,0
did:plc:zelv6idqmyc35bllgrvkpcep,0
did:plc:oy2ebrbjfsmr3oacqe5mbuw5,0
did:plc:ojj26g4woxy3npegn4fe2gjl,0
did:plc:ah4qt2skh2vxhbmymo4z24gy,0
did:plc:uaqhqfhixvnihjrn354q7mx5,0
did:plc:tkqrdidaiszm4xafixoqmyrn,0
did:plc:kiswppgrpfphdpfstsyjxner,0
did:plc:usoawkrs7cma2to3porn7iaj,0
did:plc:caccugnl2mrmzs635bhqb5m2,0
did:plc:cc7tzd4bb5sh6d5taioq256d,0
did:plc:6xnhetxqp6tbj3m3ktny5jmu,0
did:plc:sdogvu5s3w3na3oruhsv6dcm,0
did:plc:y6gjge6bgt6ugzuewrijined,0
did:plc:d6hzqvwtysub54ojigevoqij,0
did:plc:rw4a5xtamcyc6p4iiepzmnxr,0
did:plc:p4c2vxwefc756ncbiz5desus,0
did:plc:nkfs6l72np4nnyxuoqupc434,0
did:plc:wcgq3zwmup35qoee5u54cl3h,0
did:plc:k3bynly7ikhpx43zkf5h2iue,3
did:plc:bsztjk5ehujuxqltp3mo7qvj,0
did:plc:4frhviz64hkzo7gudhyiujp5,0
did:plc:dsudizjijg6zwzq2ucxs42do,0
did:plc:c3xz45ea2k7m5xbqsm3zsv7n,0
did:plc:vzasfq52bftio3mmkeexqext,3
did:plc:s7q4ejisaw7hnsdalbgilmha,3
did:plc:tqq2zir5ekszwrbvx4744c65,0
did:plc:dgexx3dinjclxziduyfypykt,0
did:plc:4ux3xysay5tplpcgd3jjtgfx,0
did:plc:vbfx26scgwl3danjrofodllc,0
did:plc:zyb6xjvifhjrkwc3wevrv2ci,0
did:plc:vmzgo3b336xjhkazd6ahhqjw,0
did:plc:4yt3ukhxtntqyqxjbaxdhjvn,0
did:plc:5k7dhrdtz65ig5ub4eqs5ej7,0
did:plc:dbmo7yk3vkr7pmbh4byf5zku,0
did:plc:dwejau2nmurwbf2qqi5qjnkg,0
did:plc:gbkcgto2oyweo7vlowalxlve,0
did:plc:4uf7gtictz5cxyl5cgmlzols,0
did:plc:xfq2h4jv25kw3fzzgwjxli46,0
did:plc:rig2ntqcovtsgfnkn3jv3b5x,0
did:plc:6yt3uef5k7lduzp5p76txrgj,0
did:plc:7lfvbapvw5exazsv7hlzvzgh,0
did:plc:57m62r5ysnegadyurkhlhbiy,0
did:plc:t6ubj2wlhc34awzcymh3qpur,0
did:plc:mdxjtgg2pndvbv4hrig5jftb,0
did:plc:pkn4udh5c6k7d4bsdrsp6pwl,0
did:plc:b3cxbqd2q7mqmdhkzzjoxsfk,0
did:plc:nadwyiggri527vhqhncfv7lu,0
did:plc:ix5237crb4lv72v7jmfrpejj,0
did:plc:no5md6nuo5nrwlmihe6fqnhp,0
did:plc:ob374efq6a2mmnozxqk2h5h4,0
did:plc:i2blrvxhdn5ssaf6dkzhk4se,0
did:plc:dh43h45aumaaa4wxzejvfbaj,0
did:plc:btyoetwpds6jsbhlqr4cyey3,0
did:plc:wlicyi6tt6zsdipyzgsrwmex,0
did:plc:a5d6m4r4zbahrhmwnlnjbqvv,0
did:plc:qfrplmyzm2hrhglhhbxg4tmh,0
did:plc:mij5fnyahmymmvuldumf3eqp,4
did:plc:efmwh5z3xsgt24p4nl7xcleq,5
did:plc:lapdi3x5ja3ufsau22bzxtbk,1
did:plc:tdcfbsszzaleizspgamnkcb3,4
did:plc:kbm5xe523xjhecbp447e42hn,6
did:plc:kktrm6ru2hwep5yhexesudt7,0
did:plc:dudqsktn56n5isbxmpqo4cqy,6
did:plc:6vwezbhj7wwowu4sbur5npjk,5
did:plc:thnzuria5x6askhzk2dkeiaj,5
did:plc:ocmyknbwkxjyjkactio272im,6
did:plc:fgzfhfg2yvy3xe4uyjcvtlee,0
did:plc:x26rrcitc6vlw3ynzumvrwyz,4
did:plc:byzzwmnuvjv46beomfnx6lry,4
did:plc:kpbx6y5a5c4shu4pehekev42,5
did:plc:elbfvmbsno5qqnegueuqptcu,4
did:plc:q5lajox5dtravms2m3s62kxn,4
did:plc:sgajxia2nxrvfdsctqqwwbpz,0
did:plc:gq3dvql7dce4c5yvwyzn5s6p,6
did:plc:oxjzhbgoahbc2bcrmqqlzp6x,1
did:plc:jvuqpuyrkrdo2lvw75pfbl72,5
did:plc:j2347h7fp2agr5zvnlrpfty7,5
did:plc:z3pzlxbbpxzqkc2gim7hkko3,5
did:plc:mzjts6wsiuefzoo4cifvgaok,6
did:plc:p3emltfnu5eiki2p4qpdshgt,6
did:plc:v6qwaqo24zfrq5fj7ceibxqk,3
did:plc:kuh5loo6lpr6k2c4vouyolde,0
did:plc:gpwof2h5dyf2in3lod5p4esv,5
did:plc:yabuzm6z2avrqxbggu4wlwna,1
did:plc:zu7xiis5qgkn5v6tyn4takhp,4
did:plc:zdg6e6wi4wx7p34habzip7jf,6
did:plc:q6ahjbktvqtyhepj2scvi6w3,5
did:plc:wdcqsjbohji4gra4ab3gcihz,0
did:plc:zlipjm7p56mf3ji45owf3wvo,1
did:plc:3btnsaeszcvhqmu4c2fcnm6h,2
did:plc:zswse5vwjwii76a4pgpnxrav,1
did:plc:fmwrb6udbvypnm5px22e455e,5
did:plc:ye34hl6vyo2bmovzkqymn2wf,4
did:plc:nvbwzbwl6wwhi7kjjkbs7jvv,0
did:plc:gpxjroe6wo7anbw4xj6mr6zs,0
did:plc:4k6dakv7cskxttdvfpzadq7e,0
did:plc:bdzjbqgd2ojj3qkrhpbkzuxu,0
did:plc:bh3ipakug6ink2klqovmxiws,0
did:plc:itxya5gwdexs3xygtcohgqas,0
did:plc:fqifpp6kttgij2gh4dua23cq,0
did:plc:mj3puimxn2b5gek35n5lix57,0
did:plc:xapwe6alekv6bjiqvjv7rc6g,0
did:plc:hrcptnqi3k2gv26ohcmdtr7z,0
did:plc:kuoyl5fdmwwylbw2dvqpfqva,0
did:plc:poyftr4zdnfbirpx7xbhfesx,5
did:plc:yma3wxxklirhhj45aibhytw2,4
did:plc:zmhr5ekaclldpr6nqcue6anu,0
did:plc:vs6ubqad54p4lb3xjf4ppwv2,0
did:plc:ao5lg7i43h2mvsltj4cqj4jx,0
did:plc:36eqtmzysqf7wsslczw4uxcd,0
did:plc:ufuixinuzfuhvr7lznwux2ir,2
did:plc:ykmtfnhkkcqqcr5lttgeqxdf,6
did:plc:pg3ijkszlu77rzhspz5jfvft,0
did:plc:eyfljkh234pjizrlqp4kduaa,0
did:plc:bf4lpnw2sqnezixt3k7xqxfj,0
did:plc:5dsq6bfih65x3w6lglqq5npt,0
did:plc:mvabggfcwyjwylbqot3sz3jy,0
did:plc:wusyibdvck234ymydmqzejty,0
did:plc:n74wy26n6klbv7xgrndeog7s,0
did:plc:7y4z3uuzszemxsh7oirl7tsb,0
did:plc:y4kr5tdsykumxeec4dorhaob,0
did:plc:7badtqcuh5ethvlzhzkdx4qn,0
did:plc:x5oz4fr32rjrkahkzvicg2xb,0
did:plc:4vd5wndiwpedc7fofjp2quxq,0
did:plc:immkzxkp2hr2wdohu5xdvjfh,0
did:plc:hpd5omab7xe277zzv5q6gzwm,0
did:plc:dtpofssmhid5w7va2lxnbp67,5
did:plc:r5k4t7kgxmfgemmopiopxatb,0
did:plc:ez27zasvhu5qqoxkjynaapc4,0
did:plc:reys5m3lvgoqt3dfyrfu2yhf,0
did:plc:f7x6prqiwbxgerg3m54ibidv,6
did:plc:3nrjojdlab3qv5rxhocbwsrl,0
did:plc:ojgs67o2vlas2iyhgnpe7yp5,0
did:plc:66xmlggk4gs324jryipuceci,6
did:plc:oj4enpdo6uuuikvs73cqvwdm,3
did:plc:c62fbhs3sqkhjrd4bye6yf5p,0
did:plc:jlmrkyytarxtjzq5uqxumqxo,0
did:plc:57rowz33pbak72lou5bx6gdy,0
did:plc:lm4eq2cftwbnrmzkzowigpt7,0
did:plc:l7dn34bre6lgyu3q4vkomw32,0
did:plc:2emcefjunicyvnlyfjpplxxa,0
did:plc:vikc7t4l6cigy2njkaxrkx23,0
did:plc:jbfsspfegrrkh3joxfaxpcna,1
did:plc:onhrk4xnpogplua6amlaujtb,0
did:plc:76jrigx7mxrunokzlsvriqy4,3
did:plc:fyw2ww4fdhthaxdrvir6mo7y,0
did:plc:4tgbz7mpldi2xno2ytj4s7qi,0
did:plc:evqbzxon4izdmq5ispwjdl7o,0
did:plc:obzoocwu26db2waybcyqg6of,0
did:plc:ikupnd7x6mcz5bmqelzmvq2h,0
did:plc:6l3udd6yz6nb6m6coikjkx4a,0
did:plc:tnbfipnt7p7c4h4coy3idafz,0
did:plc:btvuxish7dr5zjhi6qmqc3xm,1
did:plc:co3fbgcs2nwkp63uapnjpadw,0
did:plc:2bwwg4ymxhd3j3izwb6i3wq5,0
did:plc:li7fuflz2phib6mrf5nulj3s,0
did:plc:tkypj64ez5x4qbar2nnhjbgj,5
did:plc:7u5o4u2gydvpgouscdfet57p,0
did:plc:zchsslc2kutvggujkjaabdzj,5
did:plc:4oziueh6wsmran7577ry4ywl,1
did:plc:3ei3rvv6pxjq7c3tjrhipzrs,1
did:plc:wgeka2f2cdgb76lp47rzkhwe,0
did:plc:jwv3t2223t5g2775f7nysw3e,0
did:plc:traq5dx2jh3secq4pucmlffq,0
did:plc:o5ftdsghnbm4rnsr5bmnyl57,1
did:plc:caohk5ypnjgggo6sjnnpy4na,0
did:plc:iitwok5ge2r6ujj6x222pea4,0
did:plc:fxz6cafy5hjllleq6rcpjy6p,0
did:plc:fuuduh37jhhmwgurtr5djjzt,0
did:plc:rdfclcazijrwhmyywmerpspw,1
did:plc:5vneolzewqlkv4fjzyzjhmdt,6
did:plc:jrv736m6jg4xk7kuij2eg3to,4
did:plc:zipphihu644mxj7qjafvwwun,0
did:plc:neq5vqrqspo2xn6a2n3geqig,6
did:plc:ewyxuglaikpgy7muensuj3e3,4
did:plc:id44qnug2klb7xhcab5xbfem,4
did:plc:5ghgsr7kafchg7ic76gpyr47,6
did:plc:ggllpy3acy3jrjiqx4bvzsyv,4
did:plc:5wbaio57p6ia66bf4swi7gjh,4
did:plc:3ndkv5a55eapndrwdubwosio,4
did:plc:kakybnmtw6vcdpkmlzlkir6h,4
did:plc:jpft7g7xow7kslmuabe7y4e6,4
did:plc:jwao2pl5dciu2mg5gkdoydan,4
did:plc:x5ddtvmc377omhf4stcif2lp,4
did:plc:i25l3h6pmr4ctgiodj43ggsk,4
did:plc:scbsenwwgxb34wbsnk5v2t7y,4
did:plc:qx7kuetxenutxzoioooq3iwo,4
did:plc:udjbifbuzxwffgmxj5f3kjie,5
did:plc:ekhwq6wsvqdqykxzdc23l5jg,3
did:plc:jrv6ccb77bw5h4rsotb4pbfq,0
did:plc:kkthg5ffy7dews4o3svyffrm,0
did:plc:s54h6czi4hvyxld72ijikmzw,5
did:plc:rvbadgvrafx3glamipm6jhzg,0
did:plc:nddla7vf5hgaeqjtqrdxoqnt,2
did:plc:lcj7abm3eusn24xrvjvdq7c5,4
did:plc:j735l4hjya2zdzqdhzwqg6vn,6
did:plc:sthsysekouvbjgekgplqoitq,6
did:plc:q6wkrpq6msjqrvf24wnaezhh,2
did:plc:giepw54ig6tjzee5eieiwal7,3
did:plc:6vozhqcg3chbd2omnuvsdi67,5
did:plc:fajtoqa2p3pxrwfipohfvjyg,3
did:plc:sgzwcbgta3lha4gmnwvkgvbb,6
did:plc:mjfr6ga55il7zrobp3opdsh3,3
did:plc:jgpaztylmz3w3u2o2hfgiwm5,3
did:plc:t7hdxzc7teo2joen67x4rrde,6
did:plc:ywdrhkssnvgtfyujsz45jnlb,0
did:plc:qgkrkpozh6czc2spgmgaadff,6
did:plc:q2dl34yq2crwtsejt7budk5t,6
did:plc:ozrvwewjc5dpokt4djevsfle,6
did:plc:toonqyguafklqjdi2ozr53ch,6
did:plc:ta4iomaicc2hvfmem6ogztkb,0
did:plc:elgkp22tjscka4ij6kqibtvt,2
did:plc:kfzsznsffgddstaxtpefbvhm,6
did:plc:2rudx3aynidk45zbx6llukln,0
did:plc:zrq4t7wetffnrsl4wujwp426,6
did:plc:2fadtcr4znm6zdxwlgfgwmf2,6
did:plc:sxabcjspppodtz7c5bpzxsm5,3
did:plc:rge26brap7xlmiyqwndv2mt5,2
did:plc:mwuzf6hebszahr6ywlw67yrt,2
did:plc:df4fceqeav572yedf5wirwdz,6
did:plc:daqphkvrzir4s7tfalr645yv,4
did:plc:y7zyzca3najszzy2ozxaggxr,4
did:plc:nn7m6sytvvsb4xvvbtkk2lhk,6
did:plc:nemx43ymm6toi4fqil4gqbev,3
did:plc:vxyy6ueehysagudvadpodf5f,4
did:plc:avk4wg6p2f45vhzfxmsnbn7b,6
did:plc:dcn374u43eamlgshkepl2dze,3
did:plc:ghifokte4zg5g7uazxdj377c,4
did:plc:krcki5fedlzyp7awx64oub4z,3
did:plc:bl45tlxlpnemyfzrjriyos46,3
did:plc:ekakc6ukwom6kbkhttmf5iot,3
did:plc:4qsmcukebmcsdv4ht3wf2gk7,3
did:plc:3ei5yntqgvjgcvp4r6jtcimc,3
did:plc:epkoo22rd3ftic2t3mgm52wf,1
did:plc:4es3hj5mmx65rcdkhejpm7zt,4
did:plc:3vfwoxv5cqwmzfqdcf3xvoac,3
did:plc:y5nwfymhvyut5o3n2kgzddad,3
did:plc:waot3xn5izs4g5ses6y2utwq,6
did:plc:xgnoxjoxsbjfqdygf43ylpt7,1
did:plc:oxrip3yb77v3dgklgbzoit4x,0
did:plc:vlvdbwpg3dkwhifb3tarx43c,2
did:plc:cld5n2dr75mswbjqbeuzfp6r,3
did:plc:6e2mo52jdyn55nnjyx5sgevm,4
did:plc:hvokkzogidr7mrmy2qwoslrp,3
did:plc:xj436fzqmyy6wvzsgdluujjn,5
did:plc:ge3ysvgfa232zu67mfbxbf3z,0
did:plc:pvtgqfts6ww7jb7jeay7wk6e,6
did:plc:cqlzpe65zxyqzpgyogx7wqsj,2
did:plc:3lyvmpgehgw7eslici3tomnx,0
did:plc:3xbusn6qwgakkgay4xv5p3d2,0
did:plc:uyaqizdcd6lzwd7dczjrmxnj,3
did:plc:ny453hbz2ypnu3kayjciieij,3
did:plc:yu3qyuajacwj25ah6ef3gj6v,1
did:plc:6wd6s3q5kkmdviqfyfqcodeb,0
did:plc:trfvt4h5c6lvd5c7cyywxsb3,4
did:plc:6655kstoscekrwf52nnh2wtj,0
did:plc:ei5myifv7fum3sae6d67orq3,1
did:plc:yofl4qt43gwckh4ijfuymdpz,4
did:plc:sldmz24pio4gr3rjcarwytdq,0
did:plc:gdoclv47tjdxs4xfd2ftcndv,0
did:plc:fyocgm5ak5w2oibl2jptlolq,1
did:plc:c57vwowzsatkii65vsf25lkp,6
did:plc:ka6onlfcipsojeehonhaqa2g,1
did:plc:jk4gkdb27w6c7aaeiamg4p5q,1
did:plc:q6tioamt7ewggwgimtqwjlkc,0
did:plc:lsex5t7diaf5svibic5j3se2,1
did:plc:eypk5upouxdci6onpwqzfli7,1
did:plc:apqpmge4xjrsv4kyuu47asqo,1
did:plc:nur7uky7k3dv5udhx2pkc25x,0
did:plc:kme5cm4vukyav6pptsjp2nq4,1
did:plc:zz6qcetgcvp4zcyxidoevbun,1
did:plc:b3duhqikeqixdrddxccmwyst,1
did:plc:aamvwsf6vu37yr6e333swutg,1
did:plc:h3tiqgy6ghxdwihmzn76zrrr,0
did:plc:m47piuu6esrpob43nqyc5kvb,0
did:plc:c7xlmhzri5bqbbz3rpia4cgp,0
did:plc:htnh75yxvugm7c54squy5jrr,0
did:plc:jb2j4ebjclbn657n37vlswmk,0
did:plc:6cjdu6uwlf3yd5yu32lubllc,1
did:plc:zqy5a4pestejz5wutmd3mshp,1
did:plc:hymqn6vxomrgh5il7zzbo5hx,0
did:plc:ym7p5ohsm7epfx2fbqencbjg,0
did:plc:qouzupj2y7k4ntm3kfpsqk5y,0
did:plc:bo2bmuqp2gw2me4h4rxmzx5b,0
did:plc:b2kutgxqlltwc6lhs724cfwr,0
did:plc:qobvnkudcv3zlaklxxjduqoi,0
did:plc:e6miooz2itlg2gsmr5lkxdkt,0
did:plc:rp6vbhzxazoqnjjcfor3nwtz,0
did:plc:e4wjonedz4mishhpsf2ztfjm,0
did:plc:pngu2uxq76ufh5fxxnqhb6ic,0
did:plc:jjcd75byytoam3q4xvx2v7ux,1
did:plc:jz57vho3ehwt4khp5rt3aycg,4
did:plc:n4ujy5mxqtaynmmhhg6kfatt,1
did:plc:hsxw5pjiezqvl7y5i2paro7t,6
did:plc:hsxa5ojypm5n66ycctyg4wst,4
did:plc:dglxix4qj2h32e73vtoufsay,6
did:plc:3nxclxzvzlrhoaxqjlrfqbop,6
did:plc:msatjbzuzwb2ykyu5az2ypsk,6
did:plc:7eeadbx4grekrjhxpwshsqpl,4
did:plc:lymp5h2xsyugaqwovzfxqqmp,1
did:plc:fviznby66mo475fkakemmxqd,6
did:plc:d6qgwngcbjwsbkdruy2nuo5z,6
did:plc:tfqblwjsxsvmqnxqxxytsi3v,1
did:plc:yca77oh2ose3agn56nmfykdj,6
did:plc:vuygvcdkigm2yohrxfyzw3mx,0
did:plc:a5je5cykxnkbduotalljxb3m,0
did:plc:ibxoluuat4x2nz4x2nqraew6,6
did:plc:fhwki2bbfatpo6l76ceon27h,0
did:plc:6ld6kheeh7bgboyciich55pu,1
did:plc:k2p2fyoglyrldlbcf3omi6ba,1
did:plc:ifi33rdw53kgeoblhhi4hdmz,1
did:plc:bgkg57aaxpep4p4egk6wrzs6,1
did:plc:osttysurf4xkhngw6ruxeulz,1
did:plc:igjbgqv5zrz44mlrikbeuaes,1
did:plc:2f2ksgqvojbmet2zalugd3ku,1
did:plc:4ir7dtzdu2frx6tala6n6wyk,1
did:plc:nmv7ekazodrlbtizdh2axhvq,1
did:plc:3b2ef7etu4koqux5u5dgpe5p,1
did:plc:mtyhh3lnmyj2fjdz45ccxuu4,1
did:plc:orfqj7ju5rrxh4xjmsqlqxcz,0
did:plc:y5spxyhsy66rqa6had7wd2mm,0
did:plc:yknp7uqrxtjw5pffaqezvl6i,1
did:plc:gzm2khsvp6odv4vqazj5cqdz,6
did:plc:ltjyoi6imkmrtgwmaakfjryj,1
did:plc:f7ts5x3rprwqbws2dy4lhezg,0
did:plc:os2zfy6xvca2yssq33jhreep,1
did:plc:27zwnjjz46nqxgi225nd6qyg,4
did:plc:r4tjaunztkgyrd63rxskakv5,0
did:plc:oee42im6yo7bsu53rxommqta,2
did:plc:ldcsmdvgucuwgzjecxdb5xtx,1
did:plc:52p2nuqd4stjj7s2qdbf3cpf,4
did:plc:gmghca7iaa2bcums5tdup46i,1
did:plc:ge4tbbtbnuwwltqupvvsrvlh,4
did:plc:nya3zvjqkgsxz4qg3f5q5wg2,1
did:plc:lygvym5b7xvuc4wvblm7hm53,5
did:plc:6tc2t4gmbgju74qr5u5ac7tv,5
did:plc:pyf2532qtdnbdz2ruaak35w7,0
did:plc:r7phej4vfn2eqjo6o777vkz2,5
did:plc:b7kamuwqipovlbz2l5vhe2tb,0
did:plc:xl3w4e5jxslqeaglaqit2ql3,0
did:plc:b54ttv2g2zsyil6wa5ex5qi3,5
did:plc:cconl6okzqlmwyixocagw46k,5
did:plc:qrq3ybgokbsqivyiap7vnin4,5
did:plc:npcw2hrau6zkfk2yfmqmesbm,5
did:plc:xgiwtxbtt6xc7low5vdz7dq4,4
did:plc:gx4hvncx5ixqirygq4zqjfe5,5
did:plc:sx2dhnprbzs4pw5nm7ze7yk7,5
did:plc:yyd3xeve3baweckokzww2kqj,2
did:plc:sxttw4f3ket2uyrrtc5ou4n2,6
did:plc:otb2jumrnlsp3loxk2i4atbz,3
did:plc:zaya77zbtlfsomtcfqkxvc3b,3
did:plc:2i436xmthkx77jhstruxjiun,3
did:plc:fspulvdxgjsqo43i67xzofpz,5
did:plc:sg6e4kb63fgyuuwqkjlo62xw,5
did:plc:bhf7io7obgaggmhkfmhrvfn5,5
did:plc:2mydgf7gjyufqmhn5s4brzx4,2
did:plc:z4lzxu4h5a25tiu4f5nshhfe,2
did:plc:c5mk2yp3pzwcss4hgjesz5me,2
did:plc:x5lrler73bq3lzmf5hwks5wg,5
did:plc:3mposgclw55w5dcifniiwwbp,6
did:plc:dyv6wb4ydcrena36jymshza2,5
did:plc:xkywgpnzsxap6wluxkhlzegg,0
did:plc:slwpvr5uwq7dqv4nur35dlji,5
did:plc:wux3xavyu7fw2v64prcz3uuf,0
did:plc:2so2aule2kgcoprh2jjlbnfh,3
did:plc:er35yjsh73z2dqvmnet43qke,5
did:plc:sjasacymlfbs66ysag52f3qt,5
did:plc:3qpjxt7lez7zvigx4cwxmrry,0
did:plc:xe5niwgu2gstukkqbnwwowue,2
did:plc:ibfipehslre5qvromxig2xrm,5
did:plc:slq7bjurcc6f72pinoitodb3,2
did:plc:7adlwrbfyooeypzvkha3jc56,5
did:plc:j2qxwjvh37jvun6c23z5izpt,5
did:plc:rrat5jidzedvn2rf6tjytj3s,5
did:plc:y4zs4cabaezzwx3bz2e5nnj2,0
did:plc:e3brg25kg5766s63qp4gfl44,5
did:plc:ylnoesaeb2mc5bxpvhitddtn,5
did:plc:5c5nexgaj5lldoz5fj35q5vu,0
did:plc:lcprhfzckjfeap7k2mea7e7o,0
did:plc:uuvkrlect5ej5qlyv46tafzr,5
did:plc:oirrp4rzlaimalvhhwr2ypvw,5
did:plc:rvbkt7iqrv5hyppd3yfozzek,5
did:plc:zbs3xrxeu35a2i3pk42tytko,5
did:plc:jipommeyosswbzw2k32vcjhp,5
did:plc:wecagkdujnvcd3ub36v7cc76,5
did:plc:b5padwqswnnfvvqjjh4jy5fz,0
did:plc:27okwnmocodbliwv7jzpjkhg,5
did:plc:sblju4a66qwthmosnm4m7k4e,0
did:plc:ivvt5dr7wnyan4srbsg7o47o,0
did:plc:batsswaxvws26rr3gf7wvm7k,6
did:plc:4irghgzlsjk6ugrekoqyl7km,2
did:plc:yuxzrgjuh53xxi7h7gupjjsf,5
did:plc:26gxbej67r66br4mejj4pshe,0
did:plc:ypon7vluybsuqqlarbsr3ay2,5
did:plc:uca3z3tqpdt2tpi2agilc3jq,5
did:plc:kbmf4lv4o6uvuvrfzpw2jbhj,0
did:plc:ihm3ck5w5yhlpblpz6o3f7or,0
did:plc:wkki6y6c4k3sqclkceimxbau,6
did:plc:yhwb4flopeavzkwbybtojo2s,0
did:plc:sqxnmwixbdgaevwookomuzac,5
did:plc:yq6ps577k64q6m7nqy6l7y46,5
did:plc:6tl7zp5igwjqmgdjg5iqkmym,5
did:plc:oba6nioyur5gcxqny4s2usxd,0
did:plc:hmy4bopsymtjikfq5i5mekn6,0
did:plc:j7joregvysxlyvog2l3xewmp,5
did:plc:voor7wasf2253amuet5fdf76,5
did:plc:2gq74q25wxvtfd34zfknnalc,5
did:plc:yspkvcmnwbzma4tafhxj2izu,5
did:plc:cikzpzdmidc2wl67a2ns4fm2,5
did:plc:6peijvvlgjki2rrxitoa65sv,5
did:plc:j37pt33gzm5mnjgwy4k6eneo,5
did:plc:q5ogl3twkcqyhvz4zebonw3z,5
did:plc:naxnjw4kb2c7oljtw7fzvplm,5
did:plc:53pt35kkv7onqnx4pb64zdqk,5
did:plc:brydevdr22vgr4l5ohzsqsbf,5
did:plc:z6554kj7kd6tyvcqnb65i2aa,5
did:plc:irtmskvmnclhjl776oiyddss,5
did:plc:ktsdhiazoxpiektgkqmuf3br,5
did:plc:iasi3qouelwm5erotmasw2nf,5
did:plc:csp52vtpsl3fmnhidpn3h3sk,5
did:plc:svtzvecr7u7p2zx4rdoynmaw,5
did:plc:kbau3ffx3a4bzu4fahjhb356,5
did:plc:uhnaw3mkkucx2zuubtook2du,5
did:plc:xht7jwog64t6qra653mvd7l4,5
did:plc:yjvfoe65vcoli7gfo3rzcon2,5
did:plc:zk6imudfv3fz5u2dy3jstwc3,5
did:plc:77phza7hep3suvwcwym4f3mt,5
did:plc:rj3sjq3qtxoamm7iu4labqak,5
did:plc:xzrshxtir4ocxthiwdxssx26,5
did:plc:anfg5gbxz6ia3qqci74nl2o4,5
did:plc:aje6gutzi5bnlcxd4o3eo3za,5
did:plc:vcjuib5bvrboftosu2sb6wct,5
did:plc:exjimw3x73eylifkc5zkogwz,5
did:plc:iasiu5mv23uyo7a2u53z5gta,5
did:plc:quksawtmkzb3yysbjjbcnurd,0
did:plc:ifpfb7ltxahkp3g66s57jdqn,5
did:plc:adlsvaflajavztfkrwdzlp5p,5
did:plc:hvgaskp4s26fokk4o5keywxr,5
did:plc:l2y7yxb3rxh2xcwpdabozx2e,5
did:plc:cxrua73vvgqw4lel4nkccky7,0
did:plc:wr4maba7u6ycrf4bt2mvggda,5
did:plc:rdhus324woqpf4ryfdd7u3jc,5
did:plc:cyfsihuhqziogky33edvvz7k,3
did:plc:7fouwor2wfe2655joawn6omm,0
did:plc:y6pulbawxrv4jorrwr5nbsrl,5
did:plc:u3kxs5zlfxkw3ih3t75dwci4,5
did:plc:7x3yh2jwglcoktudkx6gqlj3,5
did:plc:h2yt756rgcukiejnd7wra6jx,2
did:plc:5llz4gbhw6nd6tfui2m4x2g2,5
did:plc:vm2laiwtfjvg3fx5ewmx65li,5
did:plc:uxvc5nwyutzf5gtu4x7jqyk3,5
did:plc:cmhz36ubaujzdfux26lbd5ry,5
did:plc:ajjmla7inolj73z7zov2jlly,0
did:plc:htp3ri26oq7tftspayvec7iq,0
did:plc:iemkie53wdm2nobjsnaqdma4,5
did:plc:ptqslujurlrnncmzlhq5sscu,5
did:plc:lyhnsn2hamljisgptgs3qqkr,5
did:plc:shgeogut5owbwyw55hokt6fp,5
did:plc:aov2lruwdx4sqqmpddsbgtyy,5
did:plc:4nj2ca4d3z3iurq4642g6sot,5
did:plc:i573n5zk5wyew3cfmbpawggx,5
did:plc:ll54q6vh3u7ty7zprmk3gdoq,5
did:plc:rofz7fqmiyrcwsgntr75tt6k,5
did:plc:gv4ehyvpbpums4jwg4hemn7l,5
did:plc:wfssddsu5ibce34mwr7i4uuh,0
did:plc:3z6bxm3zdebdfeyt7q3fyxh2,5
did:plc:sjo2b7mxgubpyvib2vuongv7,5
did:plc:ho34pe25d3ywc6g6vxugre2i,5
did:plc:wz6j4wochandiwjj54eh37lb,5
did:plc:qhc5hk27hzotcxv7cehkqvpd,5
did:plc:a3eauxbkylafgczloncmi6uf,5
did:plc:5a7hdtez5lcrp6xl6icz7j2o,5
did:plc:o6ykpltcb7fclvczpn3kimiv,5
did:plc:y662luhaz5cfbrisszipr7md,5
did:plc:dfjq2xmylmylruzytydkihsx,5
did:plc:vodigzzcsftos5bkavjoazup,5
did:plc:hjxq3ct5wikuz6jgkf6wrgxo,5
did:plc:dzotj3o7o2wird6tqjwzl2xq,5
did:plc:gtbkgllf2ag5vswg4ig7oqsl,5
did:plc:la37iif4dob3cv5ifeudcxtj,5
did:plc:6yrawuxfs37aimthprkcueva,5
did:plc:xerxinyfkz52jnn4irnn7xoq,5
did:plc:cuw4rdsa6dkct3kxyhs7suoi,0
did:plc:buwnntgwn4n3fhtep5qe62ue,5
did:plc:35ec6uekbda7lh2sxs2xgbx5,5
did:plc:zabmzmci2lrs7d7ywmos7ncg,5
did:plc:rpzet6feiadff3rkb6k3h254,5
did:plc:luehravzfmowgvajqgyod2as,5
did:plc:2qy6uevvdorh72s4xt2bl3fh,5
did:plc:qxxwxilbzb7p557xeo6hk2xu,5
did:plc:f4cxljdevkcmqbgaakrptyox,5
did:plc:jnqoxkqdggpxn6lequ54gok4,5
did:plc:dzl4kqqbee74ktkeaz3xgq56,5
did:plc:ghwql2kitfobpk6hk66ivo4i,5
did:plc:gpwq6gmprxdeezqfhtyoybk2,6
did:plc:n6h2dicfi7ryzen63rodkpdb,5
did:plc:cxkmxq4upg3kiogmxexgsbat,5
did:plc:b66uyjyt46zulj4pgvkfj36q,0
did:plc:otm22smglcel2nlfzvzfy4dn,5
did:plc:vet3e7b7fa55idjis757lxld,5
did:plc:n5yjdgwqyts3aswafnbeolez,5
did:plc:7t6thcmgpcttcgfgjkghw25e,5
did:plc:z4j5frjnkekmbg23husnilh7,5
did:plc:yeh74uyj75t476ftcglza3dz,5
did:plc:5bzyxduy4sww6226laaxdujt,5
did:plc:y37s4pbyegyxq4tcgdfvqbdb,5
did:plc:y2eszohkxjepjq7nv4ckl2vl,3
did:plc:k2oztp5rtx4lkcwda4wiyvny,5
did:plc:5bnbgj7gwebt6hhub4pa5c7n,0
did:plc:efqlemvvz5dg2ermdkjnwm3r,5
did:plc:kb7asicbolhe7ch3scmxhiv5,5
did:plc:do7rdscgkiyrs26sfa5vd4ft,5
did:plc:pov77jft6ohj2kov433vfpde,5
did:plc:ls26zjpubpydja6dgqitbifq,5
did:plc:5mu44cojafmxj6h3yaihy2nl,5
did:plc:smmj6cow4m6wgtqgypsrhwbq,5
did:plc:46ououb7hsm4n3qvzq6izm7g,5
did:plc:tosq3nlm6xtvdufcs34xq34u,3
did:plc:wrwxpghtfwx56ukjma2eymo5,5
did:plc:jkz74njtuh6p33acemkohith,0
did:plc:6wwty6iar2ya7heph6d25cw3,5
did:plc:6qbjkixbzwiqoq2dg5cgwyov,5
did:plc:lm7vif7h2n2s6h4zcv2kl675,5
did:plc:blnmwyqsacptyoise4mf733l,5
did:plc:s53serfkxha52q3fjxvi52oj,5
did:plc:bmhlgjymqau3g4qyp6maexd6,5
did:plc:yjt3qy2qj77ovpsf3zyxwb32,5
did:plc:hbgztlbdmcaeng3hxs544oeq,5
did:plc:qlps5acybb5qpsi2ez7fnqw6,5
did:plc:c5eznmoj3zxlqqwlyzjq4zkq,5
did:plc:43blc72ase4ersglx7y6mnc6,5
did:plc:gap5bfmi5szh4v3kxefikyup,5
did:plc:bjlooupiiirentrojyifagyz,5
did:plc:vfisixdct5fcvbdmaor3m6gg,3
did:plc:t27h7nvxb7pqh5g2wokt366e,5
did:plc:nn4ouw6czqud2othgmqglx3c,5
did:plc:e4kuzckaiuvwxzsr65nqdxuq,5
did:plc:lfu3tkrwrk5vlgnhj3q7zag7,5
did:plc:dgxa5iwkjw44vr5wiiav7vc6,5
did:plc:tnyh7xnfecm7tynv6rriutcq,5
did:plc:ovzprqsjerh27gcib7vpeoy2,5
did:plc:mvlrhxthwzq65aqqukf54hgy,5
did:plc:krzxls763gwbvo62kz6l4qwo,3
did:plc:hxs6eeoguebbjqwg6tyl725f,0
did:plc:wae5jcuq4qib7twcawakn5fs,5
did:plc:enk2dlvxlrxerb4bkb7glk2o,5
did:plc:ev5flnwjk2hbwgio44mrvlp6,2
did:plc:jqpj5dgitvjahhni5m37qkiu,2
did:plc:7uu3o2u47rjeadff3bueso2u,5
did:plc:2cougbxoynlbbpa3i3dijl6r,5
did:plc:onpmaa2j3w4fealy26qr5emd,2
did:plc:dwhurgle4y3c5pa3znv4p7m7,2
did:plc:dqrx2pzocvg4jz423r76lgnv,5
did:plc:inaq7po4scroiqrlmlejpjdq,5
did:plc:mn4uc6223by26lpi4keuymbv,5
did:plc:wsqcoarqkprtzg46ngp2en6l,5
did:plc:vunm2bt6ioaeycj46jqbqquw,7
did:plc:25ahakq4sxhxikl5262x2cri,5
did:plc:ehbtmqay3kj2v2i32vhif263,5
did:plc:inp656orwqqzvcnasdmhhibo,5
did:plc:7fgbqcqmvg4joomjibkaxxqy,5
did:plc:nwio2yodphvcwyz4yjc55py5,5
did:plc:ixb35ptkh6mfgotaorojvdsi,5
did:plc:hovx4ob5rxe5rszzmhytoihb,5
did:plc:ig4tmhbb2khmm7jujwr3hip3,5
did:plc:yavxpz7vcvbyo5ejc6ajh3y2,5
did:plc:gcq2aclujhqxpln4x4evvyly,5
did:plc:te7ufls6vygc3ticfrebduyj,5
did:plc:7rphcpzzmhxfefxxfrj6aqid,3
did:plc:m4oniojqmvnpjfyjlqwbhkm3,3
did:plc:vtpyqvwce4x6gpa5dcizqecy,0
did:plc:vvrk3m6ecfmedqzamcewrcwe,3
did:plc:xpz35zevfgvil2i4ecbu4pud,3
did:plc:wzxhej3owaiadfhf364yqfah,3
did:plc:yaltbk77j44wvnvf7tuq66ze,3
did:plc:555a7lpb4g63meewg4i4gfq7,3
did:plc:3ktd7ir23ryibqqvhrorowkc,6
did:plc:y5oocd6ukxg3vdgvxatutp4w,2
did:plc:h6spy3n7fd3mrfhaaycsa26h,1
did:plc:uycfdlai5iyvbz5w2amit3yt,4
did:plc:aj3a7hzd2l7itmqskpt7fny6,1
did:plc:zhmsmzqnevwfjac7ww4c2dwj,1
did:plc:7swrcfu74t5uuwv7r43wz5u3,1
did:plc:ltk7tdy5om2fwkplggvjr2ss,4
did:plc:rjcjs4yvydskeq4mvxlmphv6,1
did:plc:yufngvpjym46jacz4kgesvrk,1
did:plc:co6xmmhz3vm5cxmv5bdathxa,1
did:plc:jvm6cxvxuc3o6v5wcz3ae47c,1
did:plc:zjguop2vmzesisizdknop4yb,1
did:plc:7zyljoxozjd7cechmeqf23mq,1
did:plc:cbxweo5y5xjxsmytwhcqt7al,1
did:plc:rbwawbxavpgowi3sy5ukcnwh,2
did:plc:kea5ihxuvdrptc6rw6xwbokn,1
did:plc:mn3mfeonxrzenygjt2eyz7pz,0
did:plc:tsfdjmscsthkttvypsjkefnm,1
did:plc:nrwzompswdphhh5wffjtkqj2,1
did:plc:d36s4rfn4po4sawqwnyfsnhm,1
did:plc:6u24e2l5uqg5rqcmsej5i7pm,4
did:plc:cqrqt5pobgdludpfprk6fcwa,4
did:plc:mure3qb6l77rpffwdnshc76f,1
did:plc:vfcthzaaq5am2kt5nq4jo3wy,0
did:plc:qjoddtmp5jxzkzvt3hoqz3tt,0
did:plc:cnhoh5paj5piqwi6qfkrtial,5
did:plc:ekjo75j2touqg5dskb26ughm,0
did:plc:nq7sic3bbtkf4uff6nrx4qkg,2
did:plc:wymilg6dl7apufaqxvj4nvnq,5
did:plc:5cxvjqrlfk2wf4n52vpguzi2,3
did:plc:ym3ziy54ry4casrp2t5azbmm,1
did:plc:w342borqxtyo2pul67ec2pwt,0
did:plc:25cztqjrqfedqg22bpoqjljr,0
did:plc:t4ajdi5kxxppgki47pgefvs3,0
did:plc:hx6jjba526tx4mmjpqrrpunv,5
did:plc:3qbzbnzpr4eel5hl7p5apf6y,0
did:plc:nwnlnixtjh3qhkwpz2uy5uwv,0
did:plc:4smafcpsiixtszumm4wd2rms,0
did:plc:nqgndcsujmt4qcuptael352c,0
did:plc:ccttc3pxrxqnwbmykswusqqs,0
did:plc:nensoso27kv6zv7toc5cjdso,6
did:plc:ahesxobs5ass7fvfm2qxiikf,5
did:plc:npccsb474a3u5277no6e6y2g,0
did:plc:63ux6zgcptdclw6kmcqiusxs,6
did:plc:tioszw5tu2l7drrn7ifkqjrb,0
did:plc:dlmur6emtjntr5n5qysgrdos,0
did:plc:qyux57cxsot3buvdbwkq6tuf,0
did:plc:a2nhuogeyscypyje676lakzd,0
did:plc:gweizxjo7odwzfkqnl2aocmw,0
did:plc:u2azj7hxjud56wdghqyybkoh,0
did:plc:bqjob47oyafvppnbcl32y22p,0
did:plc:hie44rcmj4zqudnmgcgisyvt,0
did:plc:xk5syb7ttftxr4ik7al7mrwp,1
did:plc:sausjesimumlabegobnezgk2,4
did:plc:ux632osoaqigjkgvuei3m6no,0
did:plc:snct54nd4ve2j46f5cfhlr5e,0
did:plc:f3722uukwuzlpdo5jovmp4kk,6
did:plc:7jmvvuqh456e7rt6x65xfn47,0
did:plc:pusuok6owviqltvgezmsifng,4
did:plc:4vrssqepg6uj4tj5us7tnfgt,0
did:plc:ss57ywhxcvh62qbdbfc4c252,0
did:plc:sunr6z4kvwrevadoa6ikitf3,0
did:plc:wv5mhfadfpt6wmvoxedgqzyw,0
did:plc:efmvzvavyv2uz4ofcawlvlyw,0
did:plc:f6gfdc4j4h7jbvs64lvpq2l5,0
did:plc:hxhndrm5u3p2lknkw73f2ojb,0
did:plc:sefgphqp2xqwh2hawaixykwz,0
did:plc:kvtggjw4bevvhzxooq6c5q7i,5
did:plc:k4t7ukdhrqcmoh2fadcrewhq,5
did:plc:7yznjt57dpfahsw4qciq54u2,5
did:plc:ogkkkq5lx45huwwkb6h743qb,3
did:plc:w4uzn6uduapjorj4ukd2ufjr,2
did:plc:5o6k7jvowuyaquloafzn3cfw,0
did:plc:f7wkbi5jbnsyv3qpsh333aqr,5
did:plc:uhrhoesk6izsdgcmhvgyo5cz,2
did:plc:3ny6fqnyfehir6i5rxh44k2y,5
did:plc:llgfbjvsqkaicezsf7mzjxr3,5
did:plc:3cnvmt2pkb2sm25nmdg6lmx7,2
did:plc:dr7qeeu65db7yy6syy32c3fd,3
did:plc:nqtxq5fvtx7opcvibsho5345,5
did:plc:nwqn246imbr4xtdo37eoxu3y,3
did:plc:2x6eb6xaszpo6rhx5sabe6yo,5
did:plc:uttkws6ckjlx4llolrvcpsoe,5
did:plc:xodnub3o7sz62w6h4pbjtbil,5
did:plc:lp36s47veqdex4tf7asiub2d,5
did:plc:jl6bnuiemddpm3orm2kcedxh,0
did:plc:dz6kyanh2zdmlq5z5djeehqk,2
did:plc:pmkg6a73qwwypraaqtvutt6p,3
did:plc:pn4oj3qoo5iw6vmvwgbg3d43,0
did:plc:fyciax5djzrnj3kbkfevyy2e,5
did:plc:dioczrkhp7ee5n5egow4d5cp,6
did:plc:wsvuncumgqbgywier5z67lvp,3
did:plc:f5lmhd5f232ongf7iouqz76t,5
did:plc:c7ocsr3ecekpmxlhq7yjtdpx,2
did:plc:52g2kvtkicy7eg5u4s46nr52,0
did:plc:lxm4gh3ck7wh7wn2dux3boj3,2
did:plc:obksvg6m2wchvxqwrqclknbs,0
did:plc:gytrxuwp7zpfeuk6u72brcga,5
did:plc:3ifmrfvqkd6tbji6y45exrjj,0
did:plc:56k3aplzghvjketgb4bchjug,0
did:plc:odkh6tx5uqvytghwteylkib7,5
did:plc:hzgqx5ufmknfvq25xiylw7ex,0
did:plc:p6pbe2oav5dwz34g6v2idez5,0
did:plc:3kvdthvlq7ghbf5irbdtfhbj,0
did:plc:ct7y3pxib6sprx6njtva6xnm,0
did:plc:ykx42qvxrixtvbc5ydh7h7jv,2
did:plc:ekviet5axgpvqtdadjxfpfw7,0
did:plc:5ckgrxzxfa5wf3lxepnh45s2,0
did:plc:nrfdas42bjpfbva3sgqllwem,0
did:plc:qlnirjwff4ibiw3wchmleszo,0
did:plc:urixrbn7o4lliby4asuba442,0
did:plc:thsbok5fel4ow4yosaidtse2,3
did:plc:k4kp7p2lfe2fz6z2u26yslv4,0
did:plc:6h7b2i6ttw3l4t7pvbvxdith,0
did:plc:w3w7ccpzmjuwoecpy5cfcvdr,0
did:plc:et2wciooy67fjldjcvls34c6,3
did:plc:bam3rkdzsg74tx5ddflbgils,0
did:plc:sgti3jsgu3luif24tokvth3a,0
did:plc:zlgotdjaxzuhw4nefvkxxvxa,0
did:plc:xjc7mkotpenvhh6ffewkdpyn,0
did:plc:k2huvhtlljocnjmf6e2xmnpx,2
did:plc:kto2dmrqhkenhylt7e32fivb,3
did:plc:e5bl34y4m4zap3g6zg2wxpze,0
did:plc:dwaduijo6ngdgzmir5vovzrh,0
did:plc:gdf7qbfnxwvxjhigqhglq7oj,0
did:plc:24kqkpfy6z7avtgu3qg57vvl,0
did:plc:ou2tfofbe3pu2hiqzhmxyhxo,5
did:plc:dns4e23my6oqz5wbdvatgx4i,5
did:plc:mug7qqedarnrx7uvtqquhdmp,5
did:plc:5xhhmur6vzjlyubj2xqvjkoj,5
did:plc:ctqjs5nvn3rgmyoiar34qz7y,5
did:plc:kvysj7cv4jwyxcqp6qpgjmi2,5
did:plc:so3fufzomanoguosytrruxyi,5
did:plc:pfjamudy4vwnygmk2rayoqot,5
did:plc:6xmapsgplait3h3agjwefiol,5
did:plc:lw3xw6b4qbkfbfw6as65kgbb,0
did:plc:qbuobwdie7rzq4fburk63aft,5
did:plc:ydtjsae5av5wx4nz7p2wj3qr,2
did:plc:4j7ut6aphnjqqihiugmyvy5i,0
did:plc:x4g4laxkmsrczwvnvbbgsm7g,0
did:plc:4driidfpkhtt5zzstdykij6p,0
did:plc:xvouj2djsp32iz2qpeafvnki,0
did:plc:4aeruxx4muee4e3y5snjqp5b,0
did:plc:dd5oeph7qd6x42t6j2kumgvr,0
did:plc:qleetolrj47jv4hsheg3ftc2,3
did:plc:yi3mlnxo5ionepk72ygjw5rp,2
did:plc:khqcvryejhan2gxwpicnbaxk,2
did:plc:lju24a6d7h6zfe5woc3icuko,5
did:plc:t2cn2v3p67gmbimhb5rg4xso,2
did:plc:us3icztq52p5hzs2mqgg4opj,2
did:plc:itcauhbkqe4sboxjlcigwdz3,5
did:plc:k5cqeepgra4sqt76lpvn7hr5,6
did:plc:zdgf5pwke63sutworuky3vda,6
did:plc:oej5326si63hivd6lxc2n72y,2
did:plc:b3u4gdsgakdrolzuszih6wc6,2
did:plc:fjzq6kli6ipzcqkyhuw4iutd,2
did:plc:xd3gv7aveqdudpr3lq2qn4cs,2
did:plc:b5mshbfyksjqtinnrnwegneq,2
did:plc:3rfps5fwh6ixjepzszhownx5,2
did:plc:vspcsa5sznvtzusyafahseeg,3
did:plc:e6vdf2bgffbcdzkbllvuzcxp,2
did:plc:bpamjcbr7riqjznyks2wq453,5
did:plc:n25xx7iwvjyil7hgtde6onun,4
did:plc:cur44lxpv7mkqfhwijpyfxhd,2
did:plc:vagsnfqlyn4gtklsl2odpwau,3
did:plc:p5y7sny2gvlmeb2omhv4kzmg,5
did:plc:mwwwsmqgfz4l3sna54s6gke7,2
did:plc:opmhh2mpp5t7dvawdwmbskux,4
did:plc:ul34kwkfnyqmlydu3fp3mkbz,5
did:plc:7wgcpbnxwe7baifrvo5lfmxv,5
did:plc:lollfowdk57efc4ssygzhl7i,5
did:plc:sxywerxczndu352qmtynj3hp,5
did:plc:yiqfjerv4octnn3hvrxy7rss,5
did:plc:lw4wwpu65pxkdfccgxrpqfps,5
did:plc:aw3gipsg6rxpfp7dobxgizdz,3
did:plc:ofu6uldjpyut2pjkacoqlazj,2
did:plc:2znp5hzr2uhab24sqrz4u44t,2
did:plc:semvif6wibc5a4jzby5bloco,2
did:plc:pnn6syaurqregnhibv2x6x7t,2
did:plc:n5yok3rtmodomm44x2l5xyx6,5
did:plc:zq2xtynruop37hwe2nosx2xm,5
did:plc:eco4a6ows6jjxvjhezpthryo,2
did:plc:gacjhtlg5jvwx62g2glloqn2,5
did:plc:uq5xkhybwkcxbkheqmblffrc,2
did:plc:4wxy4rauvizma7iewgy7aqhi,5
did:plc:3xy3hjkrfim4gi6jmwghodzl,2
did:plc:eow66g36qmjpigm5hpbgvhxv,3
did:plc:usiv7wk7phi3erbwvgxercc5,6
did:plc:cebxw7rj2zvw7vvajcfmnv54,6
did:plc:fynwzzuvbcsadodqcmcnoben,6
did:plc:6iav6ozawkmmkvaz7ednokp5,6
did:plc:elybudccalxriqbjb4v723gx,0
did:plc:emlqe2i62yp2y5vvagck5f5r,6
did:plc:dv6lzwf7qmnkv3ox7d4rkik2,6
did:plc:ycssjxyvyqzpwmofuzozad7q,2
did:plc:ox6cix4eqs4mjerfqqkiy7un,6
did:plc:y44z6ynzjpunmikcwsxlas34,6
did:plc:ztdyrhj3ar6sy6pth5te2js6,3
did:plc:bxpaash7iceqjiur5bt7xntr,2
did:plc:67qvu2ujfhdc2aqhn4eavvya,5
did:plc:cpdt4fzfzzitvzmfuvlwm62p,5
did:plc:4z7vjxv47t6gk4yknfxiaiwb,3
did:plc:dn3rdkitri7stin5whcviabj,0
did:plc:hszm4v36ocwl4hdtlak7ikyx,2
did:plc:ebc7vqvpays45qkcjptcr5ta,2
did:plc:dp6fotbhabsloue6hd2bec2s,2
did:plc:fx56gkpqjcomhp2pishdbjmk,2
did:plc:ibgoc7wt7dznj2hfsb3qjyov,2
did:plc:dpnpnsjnm7pntpeg2zerya47,2
did:plc:gudh3x7pgeh4uc6eee3zogtr,2
did:plc:27zro4vnnsft64eidkyrlaip,4
did:plc:4f6q2myyn7loi6pesip43sct,4
did:plc:r3avzdjyhu6jm7vxia265ncu,2
did:plc:ch5senxcoedvt6wnv22gblsu,4
did:plc:kvlugcsdfxrn7bidtfzwusez,4
did:plc:eiy4b3dijcwrnxiga6ahir7n,2
did:plc:ncwduinvzvprp74o4kky3hpz,2
did:plc:gmsq53hmsna3t5wnplvlme62,2
did:plc:ohdq6m5gjm63hd3sf45bqlfs,4
did:plc:2e62hyx4ne6zgwsgig25pc2q,2
did:plc:dmjqjguy4mnaiozipgwgogiz,4
did:plc:tu2t5gyfnq6n5ef66jc4fefd,3
did:plc:p5l2743xonuhmo5rhhqe3m7e,2
did:plc:jcdgygrbhwvqlugwarr33wkp,4
did:plc:tucx4kdithgkxegzeqymsjnn,2
did:plc:b3325ofd6suxukftzwbnjlyt,2
did:plc:6vfcmqrbqcgbmugapjt5do2h,4
did:plc:t2mrxdvr2ikozwnkm74xc7fz,2
did:plc:hmziwszohi6sbcz7tchbpll3,2
did:plc:incbuoezmljcvswqn5e72v3l,4
did:plc:gi62x5kbc7nhtrolf4d3rivf,2
did:plc:uf4m7zlmcjlg2biwn4s2k32y,2
did:plc:2w6hhbvhiwigryuvzsc7m4pd,2
did:plc:v4umpfb72ognmwey3jwxeuqy,6
did:plc:5nzwjlyoyurmxyhie7dekxac,2
did:plc:vuznis2macg74imrbgsfanc5,5
did:plc:zkzgrtj2ofzbsydrnrdipqgj,5
did:plc:gixcngxf5vygkoo7t355l6n4,5
did:plc:n7iq7s7wcmujw4dehluvaujv,5
did:plc:xhizxbb5x5qox3oule4rudeo,0
did:plc:bc6xsexjwe3bcrhtzxklsygf,5
did:plc:r4mfautjtkoyn7uclrkf7jpc,5
did:plc:m3qhtafpnhttprtwtkblpmr4,5
did:plc:drqf4fe7kkjjhz65urwpnfqo,5
did:plc:deg2hht34v67pltu6if3l7qp,2
did:plc:jpoafqmrjau2qf2uvqdkyqdm,6
did:plc:zyzasm6putg43icav3euad7l,5
did:plc:wtyt5buymgxkqigidgq76ce5,2
did:plc:vlp7yfqj5b3fbpk5ntdzcqcw,3
did:plc:cbkor3kq64xhhnov4ckzlhst,5
did:plc:dwemsgr6kxc2ppwefr4cs54r,2
did:plc:io6ycnmigkgp64mfwpnlqoga,3
did:plc:edttrehmlvobyzuo6kuijflg,5
did:plc:olp6jldhertk3cwnhwz2a6jw,5
did:plc:bwuzb24f35ns5lxgf7i2zg4y,5
did:plc:hzhn5njjifujj66wqfm5rhwt,5
did:plc:kuup6ujqtih3prnk7ye57wwe,5
did:plc:wjtll2nfalkgbokjufx333of,5
did:plc:y62l7jvpidvu6fdsc5af5635,2
did:plc:dbecv6lg2vj2lmcznavmwruy,5
did:plc:spuenqdz4thppfudwgilibin,2
did:plc:oaovvfoa35rh73b5znoci2ox,2
did:plc:6fetjgx7eaqevhmewpbgqumn,3
did:plc:wq3wjhziamx5zfikp4musxed,5
did:plc:ut7rzq3wxt3t424yssni6syi,5
did:plc:fcdff42kjexqn5jlzlxeqvul,5
did:plc:4evn77weeminczqpnzskwffg,5
did:plc:u7vfpx6hfjvwkz4ipmtsxqgb,2
did:plc:nc5n423ws2l5z7uw6nd5l2ju,5
did:plc:kuqe2tavpv5svvf6kooubzrb,2
did:plc:lgtizvaajqkgj72f4dcmoae7,5
did:plc:o3i2agt7f6tnzgw2mik7wtjc,5
did:plc:izpllsvcyml7mcwanxfzdgkf,0
did:plc:qx2l5z7lmnxq2pokkzh7qjyv,2
did:plc:uh63js2lzyvqpza5slniu2bp,2
did:plc:2qn3i74kfjtky2w64bfbxsyd,2
did:plc:hc7fyfmntt346mgcyvu4wx3h,5
did:plc:rxrkfacb7lx6togzxnzhda72,5
did:plc:n6tu34jaqedk6ondef6d5cqe,5
did:plc:24kiwvomeuxb3u2sixjgt7gd,5
did:plc:lka6u637xvvy7kdkuflb7lkh,5
did:plc:mi3mmpyyu4c6cser2jgjgg3t,5
did:plc:xnluxweblpshlfoncxd6th2f,5
did:plc:unj6lqyuv7vlypqwle4vb2d7,5
did:plc:xf5dohsdfx3hvgp7deyccavg,5
did:plc:q2leflmvjd76kkjfwdhdroek,5
did:plc:x3zyi6phxpl6lgdayhjwbbtk,2
did:plc:wzb2wphirr32ialu76zom55k,5
did:plc:v5bz4evboh4zy7v5q4kjz27t,5
did:plc:2bif63frujx6xehvxkedmcso,2
did:plc:vppzkhouf2nsxvmuig6rsg3n,5
did:plc:sksrs6igwd6vrg72qajf6hph,5
did:plc:g4mnzzwhm5wtne4oq4zwepc6,5
did:plc:ga4ipubv7slmmyakqgjhwhsu,5
did:plc:mtfctq4q7pnrabqbzmjomz5z,5
did:plc:ihoi5zob47t7oenymmcnppyi,5
did:plc:dpntkggp6cyvnrdup6yxrtrw,5
did:plc:aqr4f3renm5lebijt67msnp2,5
did:plc:j2wwom3gejnouvlhkteov2gs,3
did:plc:zvwqvn5wznkj3kfwpeibb63u,2
did:plc:4df2lxjaakilr6av6qtg7kys,2
did:plc:ebedr5f3llaa6njynjhytd3m,5
did:plc:yzimypxhni4aydy2hhdck57t,2
did:plc:pngscfrdnczh7sph2j7ulsqe,2
did:plc:ntk6vioexa4ibpgv7k5l3giu,2
did:plc:xol4lwfrmmnheicucycrorxd,3
did:plc:ydqzin7kctnatbefaxcp6f7s,3
did:plc:c3jf3dneohqzgch74gkojn2i,6
did:plc:ngixp5ab4bvfayehc23q2mja,0
did:plc:rxdgcj67ifegtilmz53dwxku,2
did:plc:mqniob2p3hjfxjaknx2ifxgw,3
did:plc:riazbpnrr7bteoycuhc3twde,7
did:plc:esl5scdtkvtovfmj6ynlnsz2,3
did:plc:psyijdwccawajwbnppari47b,3
did:plc:uru3lc4jveyqwvekap5y7rlt,3
did:plc:5p7orhuotqrxyzfse5sltkqg,3
did:plc:cbh6q66qx5hp74d5pbj7qwl7,0
did:plc:zthov5ppu3wonioopgfbdr2j,0
did:plc:a6g23vezflvebvmaqngfwcmn,0
did:plc:bhzx2dadwftrxojp3nykqm5b,3
did:plc:enkggy2csmtqunyeczhaupmk,3
did:plc:idzsyyzdgbfj7zfvry6qzdw5,3
did:plc:s5xvwzyhy352e3yguorxm53o,0
did:plc:ycave4v27t365eon4ujwymlj,3
did:plc:jfteq33xtydagtk2tamcfc3p,0
did:plc:l4qg2mvwktw7pukjy2pvz6oc,0
did:plc:nhqvuggd6ebasluetrqfab6n,0
did:plc:lse7s7ycnkvuhxej6mkx4rid,0
did:plc:hvedoky7su6dsbu4m2bwfg7y,0
did:plc:akolzrrbpckmku5eodsdqvdn,0
did:plc:2c4kyrhezqkkyur2n3hn3cey,0
did:plc:7ele4424hz7jqfxsdjc3nnwf,3
did:plc:wjcggfcjwenbfbwczzvohayv,3
did:plc:maawdzxfaikdyca4pvw3ulby,3
did:plc:jviud2kbpxo3lwd3do4mqepg,3
did:plc:l6oe5ar7hozmjw2xxvbtz3wv,3
did:plc:dzs7kbmntw63emk3wy4ht3hp,3
did:plc:v7jsbqimrwgejj2hcpa4mkqk,3
did:plc:pi4upwjkevc3thmjn4k3bqic,3
did:plc:mt3ry5ogwmuxjozzafq57syj,3
did:plc:xkg5sjdep7kuhlvhv7ebpgou,3
did:plc:u5j3aoh4j4pxx3pzu47n7n3h,1
did:plc:kfeghvil5g6dfjho3ojswwpt,3
did:plc:iwjcgn5pt2krm2lmav2mdcyz,0
did:plc:pfmhbmbzqdlqpnr3t5jens5r,3
did:plc:oplhyqqujrv45bpazcdhelpn,3
did:plc:i323bshhs4jodoub2ljrn5lc,4
did:plc:garoshwla4ncyrek33fwb6vz,3
did:plc:2qrjrjmse2pdn7kgxenenqkr,3
did:plc:qxlzlqx2nf222kaag5faon3m,3
did:plc:cdhkx4inzevprk7qijoevckm,3
did:plc:2xslipmnvjxwl64x52l3zmdy,0
did:plc:eonpcbmelrtfpemdxkcyopix,2
did:plc:wvfw4npnmzo6evzrrq6ngjcp,3
did:plc:l4a2kgx4ik2sbuu4spmphzpc,3
did:plc:gbby3b6syiztznt3ozcqlmap,0
did:plc:cbieiaev2n4lhtblscgsw4en,0
did:plc:gwmol5ml44miarkuvymvq6ax,3
did:plc:2zude6nvfnch3pdfxjgasja7,3
did:plc:5xr5wsqdt4x2om36qyhksf6r,3
did:plc:qpz46dem37tkjxbbihdqg7fk,3
did:plc:5yaysrnawbvvj23zmoal5jwl,3
did:plc:aus3dl3odkgwm6xzlqxehmfg,3
did:plc:duqa7wldeccunb3z3vf4354f,3
did:plc:jb5jt2u25ithrfl2ddb6ywwk,6
did:plc:vl4qo6ijkua422spi6vigjg7,3
did:plc:3av3aylsaytgxt7wv2ybvtwj,3
did:plc:hi6lkhaxy6y442bt2533tjpf,3
did:plc:irzihsztvabq5oxwn3shf2ew,3
did:plc:yaeej6qbhmhopd6k4q5x3b6h,2
did:plc:dtexieeagi5l2xxp5ljhc64c,3
did:plc:y5fpwnr6mynbfrphhxfkvnlf,3
did:plc:qqzwgyoc5kdh2wzeefsyyapp,3
did:plc:ujjzzrhr53m5q6vubg2oveff,3
did:plc:uwr77kd4tyohz6hfg6wop35r,3
did:plc:jaelqk2nnlzcgoymtnzuty4q,7
did:plc:6iupuzvk2ilkaecemzypj2bd,0
did:plc:sdfh4pb2jsmzoaxqdoqqhlen,3
did:plc:mrzkurwfkul52ofdvpp7esgf,0
did:plc:tsksqpjisdvtusxq6ide5tzj,0
did:plc:xsoucnnpbf4jehj7iju62p7g,0
did:plc:nuq7khnckviun4uxdt6l3oyy,0
did:plc:7ypflnft46yisuuonjgvfmum,0
did:plc:qnhy4hutfhm2lyx4geipgoer,0
did:plc:wru6fcajkh2c4yg4xb4h7eg4,0
did:plc:lpubl44fjl5jayoyqzf64pdr,0
did:plc:k4maxxm5bzs2v3dl7owporyy,0
did:plc:oxo226vi7t2btjokm2buusoy,3
did:plc:ddc4e2e5gie5qzys5dnr36s3,0
did:plc:eqtfqntwixcnk2fn6im5ntwr,0
did:plc:7zwztfs4yywggefayx7oid35,0
did:plc:g3cybquvoxmxto4lhtc2mdma,6
did:plc:66c5dzsjoocyuwls45m4is7x,0
did:plc:kput4mfrxyqvntwkscvgkjwi,6
did:plc:lvgofxnakofmb4aoxxjgyayc,0
did:plc:jctoa2xp3a5gko5wppjv2lwf,0
did:plc:hbdc3q6k5lforao5vyuarvsp,0
did:plc:7ml24lk3yxcdcfoeidf56ucb,0
did:plc:jlrkasnphblmno5psz4aueaq,0
did:plc:da3cyv4cb4znoj7p6ffimvtp,0
did:plc:6dfcyzo3tgz2yyjojusa2ygf,0
did:plc:ank6pz6hhgvrtmwg7rmmw4fo,0
did:plc:q7l5y56e32qghg5ewpfsh3yg,0
did:plc:pm6x2q574qtnskqqiw2svki7,0
did:plc:3ijusmsw4eizbtvn3k263rhv,0
did:plc:enqp5pqaibf53yjz2ozgzqca,0
did:plc:yag34a2k4o26cw2vvgb7mdqj,0
did:plc:zo2vffvtrgx7oeckt4zbibw6,0
did:plc:aeug3w4mdhnc2wv73hmrh36v,0
did:plc:rpe6pcxtult5zx2ossmkqxp3,0
did:plc:gvfubqngd6l52wpreztedpmt,0
did:plc:tvd5qt6oxfqh7nopgpgydiin,0
did:plc:njhuquor23vkkeamltaxdsnz,0
did:plc:nnn5h7jefzfbpqmdzxtdidrp,0
did:plc:azhjps6wfneuvdaajuchquvn,0
did:plc:uqzjgn74fpes4yqirk4s67vk,0
did:plc:4usmserhjqkvhldgedfjb3jw,0
did:plc:tds6tm2gzx5zva6gyfhtdmsp,0
did:plc:3pv3xjtaidyjlovzknuztffc,0
did:plc:j5wdt346dbekcpjszpu4tvth,0
did:plc:r6vamkf7iva2of644wrzfdjg,0
did:plc:ae4qhzzgasi53dz5knicl4a4,0
did:plc:ykkkrah7gq23zkjyi4b66437,0
did:plc:z45bsilgbevbobfnytjxcoll,0
did:plc:yddfcdhhinii6fj6hyulnzpk,0
did:plc:5khesvavvttyuygvncdhfjge,0
did:plc:rfoctmk4guq56gensuermj7q,0
did:plc:tu4d43ehkpc6mg2tlsyepptn,0
did:plc:t7olt2pu2mhuyhnm5egykzeh,0
did:plc:vtwv2edeyhasfqgd53x5yius,0
did:plc:xoj5fvglhzfo5xeozvmdvopl,0
did:plc:sbp4xioaplv3iwr74cdcfb5j,0
did:plc:tw4gk2t3x2f6b5qdww2y6vtx,0
did:plc:mxc7liuon6iq5gzapmmwkq22,0
did:plc:4yb2pjejfziah3eork7stm6j,0
did:plc:pdbljy6r5xannyn2ksdgqcj5,0
did:plc:yeoi4if4g6xvt7ycwlql2zjg,0
did:plc:aya4fjqgrebvgs47mpt4qs6s,0
did:plc:4edsja5x3gixvokf4exuy4to,0
did:plc:lwvjio7rxo2am62nonpap2vb,0
did:plc:64ryvurqwzr6ljn5v7lwninh,0
did:plc:rzkenmeipfagqf2d3sb4mmob,0
did:plc:lzxgvjbf6ahvnxzppnvcjvjb,0
did:plc:piahsdsohf42zffj6djctpvq,0
did:plc:xtg6uhgsy2j7k2a6qtcood2w,0
did:plc:ecjlc5ouev63oweq5en4lsj3,0
did:plc:if4rmxdbefgxfmgkjh2rgk5k,0
did:plc:xrr5j2okn7ew2zvcwsxus3gb,0
did:plc:2wn25i3xa725wwpfaffqg3vk,0
did:plc:jc4e3l6swmj7jmsocmrtdbx5,0
did:plc:dhvvqy2dcefrk35kudxclkyd,0
did:plc:qbvmzulle4ytussf2qpzoqqd,0
did:plc:fgxcknpm4lhmzizgyqq73bo6,0
did:plc:yxavlmxjv2j2nwvjesmq5ogl,0
did:plc:iu4j537hox5huj4bwnwgub4z,0
did:plc:x3ui2adxty53meflbdham5ut,0
did:plc:uc5vefswftlhwryw4bkbkbnw,0
did:plc:jible4vt6m5ttratrq5itclp,0
did:plc:3dabvcltalcqc2eyyzlmnj7a,0
did:plc:rdcy7jvcfagp3nfbnaun3xfq,0
did:plc:vzkmsoi5gema33hdqm3udhau,0
did:plc:46wgpzieny6jgid7qvqbzkob,0
did:plc:jiqkh3qebfk52uvffxdtn3rt,5
did:plc:divja3y4dghjqmxasstp36kp,3
did:plc:2kfemzpsbyfpzkp4op6dopoj,0
did:plc:ujmgcv4tjmmgth36pbt25fg4,5
did:plc:xbrbt4vgfild7nktf6r5z6u3,0
did:plc:xzobzduk6hmqmoikltixin5n,0
did:plc:x3yiey4a2d4yfbjcfp62w2k2,1
did:plc:wxw5b3r5vkv6msbdiw46pmye,3
did:plc:kc2grh3fy6uq4xr6vl44pbkr,0
did:plc:bxgqhvxsajwvgjq7jnus47wv,0
did:plc:ktx3svkaqe23f7rumd3of3hx,3
did:plc:v5b4524tfv7cbllvis7mfyqn,0
did:plc:uzucgmkg2y5vbkqnbv2on7g3,0
did:plc:gncsdmbm5cltfjttiar6f3m7,0
did:plc:sdu4rudzew7rtf26u5o4bdf7,0
did:plc:nyqsjfw3h6q4ol4axpoftivl,0
did:plc:l7kebjpkkk2ogzmthemm775p,0
did:plc:qsiy35ef72ezzx54s2rik2dq,0
did:plc:5pl7oepuebgwux4rx3yd66r3,0
did:plc:6tubuy4z4a5v3pjgj57vvto2,3
did:plc:q325ug6pkcr6crqhe5lvhomr,0
did:plc:ypvcldldf4h7wyzjblet2ol6,1
did:plc:sfg7stlgumtynct7d6qw2yi4,0
did:plc:6yywg7vsyb75nfs64je3mciq,0
did:plc:wyf4zeo6sc6niamecto6r5pa,0
did:plc:o4cdbf4irto6ojwtzfymfety,3
did:plc:ca6nu2hj6pn7ks7fspvrm57v,0
did:plc:6uqlvlomj2ncen4xuqerhyd4,0
did:plc:6edxc56gc2sntq6ht6epjug4,0
did:plc:lbq3fne6i7blcj3tv7d3k4n3,0
did:plc:3tkoijr5gwfz5zbwn6ndtmr5,1
did:plc:f5p5psli6mgis6ttny2ant7b,0
did:plc:7s2uw7uifcydv5gkagkfmosl,5
did:plc:ewv4pvinv7y7odakprg3w4g5,0
did:plc:6uz7rhqlj4arhfd6gtz72oug,0
did:plc:hf77rggcdyyrairyfnxqpar3,4
did:plc:itjtznnibvywkyrussyw3vhp,0
did:plc:rts7hxzqp7b35lusm3bnyjjk,0
did:plc:kdc4cspp6gfoxl6rwme6m2aw,0
did:plc:kkij4bfbznvqomfmzv36ksgw,3
did:plc:75t3fa7wihxciwvocn3ih5qs,0
did:plc:nyxrawihzhlwwj4xfaxnce7j,0
did:plc:pno43u2bymd5hzp375j2tvpi,0
did:plc:eo67e3f6z3soulzct5wrtlte,0
did:plc:63rkhcl57lkgsy6eca5wxvza,5
did:plc:azrw6ptsypqfyftk4pfoxthy,0
did:plc:ikdijreyt765qbnsghr2a25r,0
did:plc:7wrho6qh3d7yehxj3vodjm4z,5
did:plc:zq2u77fclxamkgfgquduo4li,0
did:plc:isxyeg6nk5beon3rf6vjni5r,0
did:plc:3oypan7jf54jf63kadzoosxy,0
did:plc:ncrpvui6c4gvlwno62hnid6l,0
did:plc:wufsdxzvzx36d7wppganbvpw,0
did:plc:66p6edpu6pxve2d4gllajquy,0
did:plc:2jd7mrznwcfwcirhpfjw74jb,0
did:plc:irr6ftakakdmlwbr5qxpo7el,0
did:plc:t2d2p5k3uzff7mfkakbujhpj,0
did:plc:rbhsy7b5fdbfejx74rjucpc6,0
did:plc:ma4dxq7gognvcmxdiduybkvm,0
did:plc:2t27laooveykyks3ruiiczpc,0
did:plc:b2qqkqqoodnbfohnzlfnazel,3
did:plc:4pot5cfigjbjua3uvjaq6j5h,5
did:plc:7zhmvb6xbsle3irnsii3nvu6,0
did:plc:wivt5vwmk7q2l3tubckcu7pb,6
did:plc:2zcfjzyocp6kapg6jc4eacok,0
did:plc:chbt2eftj5hiweilrzo2l37j,3
did:plc:6b7qj4tbzobgoduddyecfr22,0
did:plc:gs7aqlazzz3r4ydw44uuefhd,0
did:plc:mtema7rhicx64rrg6egw6x7f,0
did:plc:7bsyfmms4g2ncwnvffhrbqxx,0
did:plc:54f7rqawdebboo7yjw3nidhw,0
did:plc:b7tg7j5jbz3czww6xhmzjvu4,0
did:plc:3qlfe33j2p3wz7sbx6gupeln,0
did:plc:u5yztzlg72ezxdjcywl36tln,0
did:plc:bzy5rjjduvvkxno5xe3evl3f,0
did:plc:4jfxf2l746clfprbqp5yscud,0
did:plc:ki7yuqmubyibsrg6vls5cfas,0
did:plc:xkwershectzm45pmoyo2ssx4,0
did:plc:tg7vmm72ocl6pnjsmjowwpis,0
did:plc:lm6jq3ipjafesblcgogdenxk,0
did:plc:asjukq5azliw7w227fmh3324,0
did:plc:tlgit7itjp7nast5obsbq2j2,0
did:plc:2zp4ys4ruuuahm5k7xpa4sug,0
did:plc:eeitvtxcbjt3vmljqfmwzahz,0
did:plc:mrwgwaydlivkbanqrgxpizyc,0
did:plc:rnuckerqgpm6tyyczvgvfjuf,0
did:plc:7ugyuuvwq6adw6xwnrllxn5t,0
did:plc:ugbvy5ry4kkf33fp263n6uvf,0
did:plc:gvltaqpliwdqrrpu5u5guf3y,0
did:plc:2wvouz77lqpngcl6rzzvxxjv,0
did:plc:d32jkpjyxdvbjstp6byv53lq,0
did:plc:tr7in2yu5pvtvdmgcu5duddd,0
did:plc:da5irtfnfcesevyimzjfj2ho,0
did:plc:xjhfiz2wdltbcok4mxacm5bd,0
did:plc:2yvq3oh7awqqqbzndbjw66zi,2
did:plc:4tpk4b3oav4fbbfnpvs32ede,3
did:plc:5u2wvdi6ss4y7ze2cqcb5xpx,0
did:plc:gg2rsgxrenyzbu3h34wi2l2e,0
did:plc:ysbmssvpyqo4ucckfx6lr6zr,0
did:plc:tfbgo5vt2x2ib2men6jmypv2,2
did:plc:ru6f47t3upwppillhyba6t2o,0
did:plc:lt2bk6i5hvpgkclfxpmy4duz,0
did:plc:gisgxjzwtahmi6nedp3mnq6o,0
did:plc:vikpjjdah3ngpar4yq2izxkp,5
did:plc:bmftxo3tbqqntmq3jv36xyna,0
did:plc:diu3k76sckqfswaej4zqrywg,0
did:plc:gwz2bhs6yj6tp6etjoptyvg5,0
did:plc:cebd77en5fsc7aalpislck4u,0
did:plc:2mspcskg2gl26yqt665qjpzj,0
did:plc:kjajzkyswsc32afso7ecrrgk,1
did:plc:hhxvsuhgcthpszkldcrympwo,0
did:plc:kntvojcbwa7abbgkiurtes3h,0
did:plc:tb6pwofqcuwoavldfgxxdxsf,0
did:plc:5isnx7iv3gmg7dd5g35hmkdx,1
did:plc:uequhtdwqt6aaheix4vttkf7,0
did:plc:auzvol2myzqvdtz2q3cfnwp7,0
did:plc:yomjyyrjcikvs7tl2wsnbo7j,0
did:plc:7qy7aa3j7wnkvg246iokgyrm,0
did:plc:ipveryj5epjac3cftblstca7,2
did:plc:5fzueb6fim5lcqtjzywqiln3,0
did:plc:m35qzrymnl7ev6uh6ugcdqcf,0
did:plc:fhjbtko7kiyerpsehvdpnygi,0
did:plc:swcvvq65uhx3gmjk5a7cs74y,0
did:plc:43ye4k7i5pf3ld6ydh4hlqus,0
did:plc:xgcfomahzbtn2rjw5c7zhuch,0
did:plc:iig55lfqe6rnvcmx55mhhhqq,0
did:plc:xparsl5wmv7ujlqohr7as527,0
did:plc:6uimut56ihor2p6ubnepkudz,0
did:plc:tm3djotsgwdkml5jn5rpubhd,0
did:plc:cgkj7tfdhk2ljgn75gsxbr7s,0
did:plc:canf5lnty4iat7ixguyqmixq,0
did:plc:pjdehg5xu6yo3anvo2r44nhy,0
did:plc:usbulziv4ck5omo2bf32hpc4,0
did:plc:og7lbuksjaflev747g5eiraf,0
did:plc:ggpg72u5y6ibden2xb63bu3v,0
did:plc:o2bylvf4fxc2fezbi6qycuzi,0
did:plc:6mlfcgnqughuahb6lun5tint,0
did:plc:24kejwekg3ackdn4g7vnzdgk,5
did:plc:nh6kqdulovv72kon3qsvnjzg,0
did:plc:p4pecetyyxj6yu47uddhwtjy,1
did:plc:7end3h3k3akz7mcdlt7bnmej,0
did:plc:an3wpvygh4quekt2crxganap,0
did:plc:wbtqofx533x25hr2hzyhgaio,1
did:plc:s4qxsuvvxuo72gpqoyhxnezl,0
did:plc:v6hkwlrkoi34v4zsanhwft2d,0
did:plc:uazlpeivyt4zl7azx55ghusa,0
did:plc:qwnu3w2gqddge4vthbipzfcn,0
did:plc:vrmx2e5gsi23srsy2n7vljvb,0
did:plc:wdlkztcgd2jhilx4yptjyo6p,0
did:plc:ipdank7xjg552hq57tzchrrj,0
did:plc:iorwdnv6vydwzhroembaeow4,0
did:plc:ointbmnl4npwxqcyio656tb2,3
did:plc:eyfcqov7m5v7qpkargr5ch3i,0
did:plc:coxo3f5gr36qkqzttmbkqmxc,0
did:plc:54gejgkbppslfvsmeigmhpw5,0
did:plc:pth2efnxcasp6uppgbhw2duo,5
did:plc:xwqpoq4wkcegppzinojubdms,0
did:plc:4sw643smaveoglj53cjgcwdo,0
did:plc:zs5cbnx3p4g5mie5peplc665,0
did:plc:45f2atmbsnwfzq63yfdudcuy,1
did:plc:awzn7iawsetxwa6rt7outryg,0
did:plc:e47imlcpxjpbyfk6b33ra4qd,0
did:plc:f5hghrk6zopjpe42lbh7auzt,0
did:plc:2dzbu6r2g3gqcrcio6yy546k,0
did:plc:66342554gbqnvc6idbx5rxqn,0
did:plc:37julb7lqcqcmwpo6df5zfgz,3
did:web:pluralistic.net,0
did:plc:ja7mpieif4l6kub2homjnb2d,0
did:plc:cahd4i46ee5jyuzbc5qjo7wq,0
did:plc:6qslrrcczxqtr44eh5so7ifk,0
did:plc:mvewme4rn7dnyvfioaa4qvfk,2
did:plc:2z6vshttwxjo22ix7a6iocwr,0
did:plc:mib7adi34eroyzg26or2aucv,0
did:plc:vftyo73oxt26wo4za7xkp6zh,0
did:plc:pzn3wkuiqw224zyfwvdhpn6j,1
did:plc:yef5wctrqhoupo4weajdvi2g,5
did:plc:4pmwedjzshoyjx263x45ehde,0
did:plc:ysc73isz7jkgr4ozyn6azo77,2
did:plc:jcy5blpp7le6ohnbzv5diau2,3
did:plc:ld3dtdfxnjrmnbkpwx3l3dhm,3
did:plc:4cuvn7msrwqbl44gcfzvcsv4,7
did:plc:q54abwtsqnc6bwxdwvwkmhat,2
did:plc:vfxa4gc5jdckyn7sijzlmfck,5
did:plc:fbx34ics7usl3ybdc2am34ar,5
did:plc:ew22hkjrtr4klq52nxq56ela,3
did:plc:lvqibww3sxxhkaytzzs4bcr2,3
did:plc:xmchrx23ioerjmgjhj3jzw7l,7
did:plc:5jvn3skvkkmrba4qlqmya7v3,2
did:plc:lllpruo6hikzpyzkixkhxmey,2
did:plc:epuzm5qvlqpfckgbdkixycj7,3
did:plc:sfnaohmjm4dtymrf4phb23jg,3
did:plc:u4sbut4lul6phvif5ggefeav,2
did:plc:qdvkg4pmhr3sxyrzt5y5vxye,2
did:plc:xogbguikihz7f3umfj5u7sog,6
did:plc:hc6nfm5rqihagsguoiloh56j,3
did:plc:6ublopowc74lejkaobk5uich,2
did:plc:adqbvpbnclilt6kvoux5o2hf,2
did:plc:htkk5a3r4tgc2hjbjcqfk4am,1
did:plc:2k66urgmxvcv7yh6j555v3yo,5
did:plc:dciy665ivjlemsozebzba6t6,2
did:plc:jdz66w25lyxiwntorsoyrqmd,2
did:plc:xusj5gub5w5tyb5i6okvu4hh,2
did:plc:6guopstieegj32w3lwzsawna,5
did:plc:meln7wijxazfifsgdupkgcvw,3
did:plc:ot6m7i43wdtbwzvwnukjlcet,3
did:plc:2hbym2wfprshla2wcdbjpy5h,7
did:plc:otbfq3aabx45fiybt6jj5zec,3
did:plc:2f2mg5kkl4p4xks777u5ffuu,2
did:plc:7mbx6kkgvqhcdkgqgjnfxkjc,2
did:plc:jpnidm2tfg736sb7xgo3nou6,2
did:plc:ptl2hm2za7qehs45iobexc6s,2
did:plc:vlxo6bgimalo3xerhkgt4m4z,2
did:plc:bc2gr4t37iqewb3sklxlpo7t,5
did:plc:io7fh7zuytjm5kc6guuef74o,5
did:plc:er4q2qd62vsydp6uzdjdxdl4,2
did:plc:4z27sfcjsbvqaxgfxj4nez32,3
did:plc:kihrd6fk4itfccxbb5kaj7z3,2
did:plc:kwhhuyziyxrvrjphfnqjmcy3,3
did:plc:m4hcx7fornr745oorfsvhslc,0
did:plc:4argwu6feeryo47zgn6q7swo,2
did:plc:vx4pq4gbzatswfl4tu7tcwgq,6
did:plc:omrgw4caoxmzhsygswqaw6c5,3
did:plc:2j5tm55wq2gdpkjo7zqqjb5i,3
did:plc:6ydd54lj5f4gdey3hqjn4y2l,5
did:plc:3rb44yntledhshcarv57giww,0
did:plc:msg4mtsu4yimwddxhmxsaqzl,5
did:plc:uvsdym4bsof2t7gf7pxxi6tk,5
did:plc:6lrmaskis46ie5blzuewvtnc,3
did:plc:pjts4x2k3oelzf7r24y37l6b,1
did:plc:zcw5nmuxyzevo5cystfh3wwa,2
did:plc:cp7v62gwiuo7gemndkmeft4k,3
did:plc:f75w57igcgypbncpi774lm6w,2
did:plc:fo5o7yibxpnyt6iwcgpzk2fc,5
did:plc:mu6e7xgbnz6fi4vfwbiyzhs5,5
did:plc:6ru4qlucwxaltgakvtliznng,2
did:plc:swglrdlj4rq2lia62mauxhtu,2
did:plc:5h365avwe4n3epdx2cnezkjq,2
did:plc:2xl36jrgqzif3f7whgicf56x,5
did:plc:qfj6fcmvpfm5tchlgmn53cqb,2
did:plc:2apowwu3lrsd73duo2bjglve,5
did:plc:o34gq7ipp3zjlmw2vwlqv4o7,1
did:plc:lculi4nsldjsxpw73eyk6oqb,5
did:plc:pkzyhb63q3frh6tdeyn6rxou,3
did:plc:iu2bed5w3ms7kbpspvn4k4il,3
did:plc:sb2y6jd4bz5xnxqyzm4xcnpq,5
did:plc:5u2zm5pozbvxzc3aawjy3xdr,4
did:plc:edlaptslv2y6nifu2bvoz4vy,3
did:plc:277v32zzkkbcq3yh4lznv6i7,5
did:plc:6je7hqi3fy5nxypavgp4ccrw,5
did:plc:5cpmrbzjesc2afly7vxoc7cl,3
did:plc:7xkjjrcra2to7e6fagucbdck,2
did:plc:conj65but2ouirtppwj5ugyk,3
did:plc:qcz66evmxciedaqwcdbyvcbw,3
did:plc:kbmcte7hkzlrngy5ooulb2oj,3
did:plc:fy6kbvccfocqjzk72lrdj3kd,4
did:plc:6lchitbejdhj4kg2mlzvcq4l,2
did:plc:njia4afa7j3c4tx2jv7agz6o,5
did:plc:4lnftzye3k2vyp2fssbwqpok,7
did:plc:ml3lrff3l2oszuv2r6amaw5j,3
did:plc:vswkfcb5vpum35pbvbta6srx,3
did:plc:3botkcmtgio7ah7eg4ogb7te,2
did:plc:wybxti4eurn5d2ydb7ntmpn4,2
did:plc:6yjmz6hz4ccv3mlpvkvccjrb,3
did:plc:7imqbww6samxkmi45eelufhf,4
did:plc:2yysyamiqltzfrpofrdlvoyh,2
did:plc:p7gnvw6d4kz2gji4qb3i6mdl,2
did:plc:qabd6ey5avvbim22j4phdn7l,3
did:plc:rvttpznjjm7qkq7mgqtz23su,2
did:plc:s56exbenoqmxz6iihbhpvpej,7
did:plc:ssmfyjytitp7wj7qn4xzzua3,2
did:plc:xrecdixdigu6diw5xabkhshd,2
did:plc:eeo434sskhhao35cqzfbuljk,2
did:plc:ps2guieyn75ixrepoedkk5zw,2
did:plc:iq2u4vd4afglnjul3ljma7n6,5
did:plc:4upckh4dzz4jiqt7cmhk5wqm,3
did:plc:jdrt7kgt3pxn4qax4trilglg,3
did:plc:y4oaexlbuaioyra5kd4rqgyz,2
did:plc:ulm3icbpl77xzhn44oe5rlhx,2
did:plc:hivo5gejs42bpuc2bk4he2ui,0
did:plc:mo3fuokeeap4wz64pnmoyui7,6
did:plc:qwsadcndvwbeecmxywhq2hht,3
did:plc:2yoregspw3yat3ej6nah2bcs,1
did:plc:fugka6cuevvacnszzkafoqfg,2
did:plc:fod5s5sjpftlmk4e2euu5hiq,2
did:plc:vyhwr42dpcg76m7mv25nole2,3
did:plc:gm2vuebkbignxy37csng2bsg,2
did:plc:nqz5etf7kbqctuocjp62fapi,3
did:plc:rhcikfyajdfcgyulsksa44xq,3
did:plc:6s5zvg6mzifkra3qnb45wz7i,2
did:plc:vog4z6qzaq7a42edqesg5od5,3
did:plc:vurasclpcyowpzg6fmfmemcs,1
did:plc:5hgkgki35ki4ofgos6k3jy2y,1
did:plc:belfckzxepf43dimkkesn4k7,6
did:plc:svwflazfpvjofykhoawyhfzz,2
did:plc:mc3pungsckgxgj2dhdkow3jr,5
did:plc:fzzphxog4shqu7muwklblccm,5
did:plc:izejc63eddcqeq4j3iq7xhoa,3
did:plc:jptfie2af6bvnk5qqjs3jkph,2
did:plc:xtbti4u7zn24wvlmxlyjw4eg,2
did:plc:iyvarl5errsqrvhm7hnreit7,2
did:plc:3iho4jiaov6n4easlczbto5i,0
did:plc:ypfhm72v4kzgs3zrrdfxtwum,5
did:plc:hfjzjmrzpxsw32qcjkt72hk2,4
did:plc:55xsmz4rq6tfa7onhq7gvrmu,5
did:plc:may5ygx7tjif3gnlb4hfvriw,3
did:plc:bklpsf5iolhkqyeqxrx7qiep,2
did:plc:wfvoonumpp5lxdd7zcmcrtow,3
did:plc:lcl5qd4etjf5i5uecz66zkae,3
did:plc:zootms4p4diu2gd3u2ydieyc,3
did:plc:5zk7qrckxeqagkghfdht2bfh,3
did:plc:hdlfwabiyjkerahsknlyewxi,3
did:plc:oqz3m7aq4ohiwgth5vn74jfu,2
did:plc:mbk4jsqbrs3siuu34clmlznk,3
did:plc:dhopbkz4fmzl4tvlqj5ncdbc,5
did:plc:a3bgk4szgpzv2fmy2kvoyt4g,3
did:plc:unrupv4uz2oau32uh5rec4ip,0
did:plc:bftymir3b63ot52sv6i37dwj,7
did:plc:ytttgc5tnkw3lcdog62eqnka,2
did:plc:hfxr6fze72izwy3xdx4o26dd,5
did:plc:ilk5up7n2qhm4nu7vgtjhfqp,6
did:plc:gnk5hxgsti75btaqiy4uewfh,4
did:plc:sn36buhqvoqazkgakgvobaxf,3
did:plc:g7th2khkrtazurilctvfyz4w,2
did:plc:dx37h73gsjj36b5rdfahtrhp,5
did:plc:omsyb6tkzsvn4pluasp3gthr,6
did:plc:mdqhfpptvigookjht244ek7h,2
did:plc:5as2pprgu5nh7sswux7qhemy,6
did:plc:p7pxbklqpgxjkyiq227nivnf,2
did:plc:fzb6ssbptvrx7oaeq5mnebhh,0
did:plc:y2jzmsl5wpo2m3nhtmobrljb,5
did:plc:rc33r7msbyrhj6ji2lzzar4h,3
did:plc:pzkolrkhqf5giww5szczmacp,3
did:plc:mecmaaw6e7xacyh3fw2yeofi,5
did:plc:yki2mpqjxzsvr4ofqrjlicxe,7
did:plc:jtlwlnekn5al2tqmudrtcapq,3
did:plc:67l3yx4mgotwtyf2y2whtd4f,0
did:plc:ssmiaiqevn4h42mf7hsdzrp2,2
did:plc:bqn5dswref53vx5ga4wxsv64,2
did:plc:jaednxqzajjarrfkclul2izo,3
did:plc:lzyct76e4l3mmoee7vx2vkbe,5
did:plc:ncpwphnwnuueqwhav7ntgvqd,2
did:plc:g26xk3xpoakoidoiaw35ah4s,2
did:plc:zx7sdjpgskg45hr5s6rvurci,2
did:plc:2yobezba5tm5wijhh2gfvkla,7
did:plc:asro4asy64qg2ecdavnt6mls,5
did:plc:cxqdmakzkwqpi2yy7mf2wcxp,2
did:plc:cu2wq6d5nyoig2e7o6w4ofkq,5
did:plc:q4ydamfbgohcbvysrjifhoqu,3
did:plc:xd6eo7ltrleglzryw7ublhrx,2
did:plc:pqpgv5lhh6ndec57yhq3k4sj,2
did:plc:4oyp2vkfv6o5uehlkeiq4yri,5
did:plc:2pvvcnrlcveiqa3ehad4ugom,2
did:plc:32uc22picwpudlt3si7okt3z,2
did:plc:fkh4hmpbhosoa4oehizrlbhp,3
did:plc:3dl74kt3c3imeomycol5ic7f,2
did:plc:khsy2333asnf73dojbxqq44e,3
did:plc:kousal3kbjp4tmjogg5scwir,3
did:plc:z2egcw2lgjw4bm5bemvyc22y,2
did:plc:5nndld5q2t5fxllxvcogka5q,3
did:plc:i2af6klkkpn7wpenlyvpmtns,7
did:plc:fps2e6n4a53isqpdon7pjhvx,3
did:plc:hlof2qwyc4iwgowaonatjwhw,3
did:plc:pbyk4jk2pwusgyxkbn4pfxb2,3
did:plc:tbx3m46ypl4woyajarw2fsmr,3
did:plc:tswlalq7qyotrgjyyvfojkdc,3
did:plc:tmvrk26v5fnnii5o3egvzhds,5
did:plc:aw6zfg7vjbibgkbufxpwi7qd,1
did:plc:qmhnvv5pojdyxbdk4gy366p2,3
did:plc:2jj6ecmok5sx2htgvtkfg6il,0
did:plc:63euclmkudo3hrsxyiue3j5i,5
did:plc:atjccsqivgll54mayyirhwrt,5
did:plc:cwr42tgfng3viylrd2ahahan,5
did:plc:pzwcwym2bnoawbzwh3br4pnm,2
did:plc:x7wx4i75a43q3ce5my4fkpkb,3
did:plc:ga5bg4f3ryhcu7ndn4yqefjh,2
did:plc:xlvaauvqgaofea22xcgu3t5c,5
did:plc:tdt6rjdcxtqsmyi42xfwvmm5,3
did:plc:7xpgf5aaqfo6oi4c57gad2wq,3
did:plc:zzq6b4ei2op3hn6builbi6kz,3
did:plc:2d7rnrb3rh2uifjdftiidwan,2
did:plc:ib4yjsop3hyj5y3ge3dbni7i,5
did:plc:u6wz4qmvk74v4hf2a7xspg3e,3
did:plc:7breoyrlnt6o7fmiyqad7qjl,2
did:plc:7ymh3mtgyfcjiyb4dhzrgwro,7
did:plc:cbcenc7lgcclpr7dqmsvmrce,2
did:plc:kazcnid4olekj5aawfy3rtu3,5
did:plc:qnohopbxrkdvtvjkqxsew5jv,0
did:plc:amwuptq4vi3zlclklyb6yivs,5
did:plc:xswg3exn7xpbge7g2dmzjwhm,5
did:plc:foepvjpj3b5y7gdviwpyzm2w,3
did:plc:af6lb4vt2kqudsr4ds2p3mvd,5
did:plc:vinlin2ev747av4sxbouvffy,3
did:plc:hxpmhydxjv64bljqzrvfgndm,2
did:plc:p3uhntjeakcafzgrf3j7tk5x,2
did:plc:rs5ancahhnlih3qtylkxvhms,0
did:plc:acv3xmx2bdt57eeyixvaaewy,0
did:plc:op5bpgmx4ubsptwuwfzqiudx,2
did:plc:3uftzaq35i646we5kd4id2ob,2
did:plc:cs5cxezszvhm3xlhiezbrfdq,3
did:plc:snhe2oxrn74k3m24ffw2mfie,6
did:plc:wggqnvg7dymcewehbarhmkyu,1
did:plc:nsy2e4vupxndly4adhszebcy,0
did:plc:fxlyr6bdsgo5luhsz7hzzrta,0
did:plc:lq24wom5ewxadm562eeecris,0
did:plc:tk4c3ukt5lfpljyajwywns6m,0
did:plc:znetc2lmsdhjm3mucjluttj5,0
did:plc:qqixzm5pwprzdnkbh2hglpax,0
did:plc:o4u37a4xsuxwetwogugjawqo,6
did:plc:7owh3zkghfwcdqba7556mgws,1
did:plc:v44gvvjpfa3ugcpjujeynix3,1
did:plc:wvwvlbeizca367klhhyudf2n,0
did:plc:vjadxqyxyzqzrt3yqavjroxz,0
did:plc:x66qnnfwinx552tbbdpl7cay,0
did:plc:srdx4wolaveqvueyhla6zr4h,7
did:plc:kcrkcdd3y3lk7dpfxu666lj7,4
did:plc:6hxoepex6tczbn3tyr3ugbca,2
did:plc:jc5c72mkhxfgdtd74mzdwg3j,3
did:plc:ohgulonkflg54cfpzbkjd27a,0
did:plc:ijnvhnw6kdk2pawigicbks7k,0
did:plc:tzfduubunjuzm6xhfsvdna2e,0
did:plc:cvq2qrz7ygd7s52jjawjd5cn,0
did:plc:vex2e4cngfssl3v4bqbew4gk,0
did:plc:kpttynzdjyxfidmoskngv3cy,0
did:plc:q64ejzptd2glzl3lv5ace3ea,0
did:plc:3lp5yla4nyiuygdtky55r3tm,0
did:plc:7nglhglznjzuappphildgexu,0
did:plc:b7azniyvowrqdz3pugsmh4x5,0
did:plc:v2whfzw6qvdxbocr3ycdch6r,0
did:plc:x2ipadmj66yjvdqdc6s6xhwf,0
did:plc:247gdcjchxzljmr6y2c65qvn,0
did:plc:2hqjggxsitzozlebvoarff4x,0
did:plc:wslxirt4ckaa4osnux3qtazy,2
did:plc:jb4xzrr2hivkdeed3qz34kwn,2
did:plc:aa345cz7j2excxvxno3m2e3w,2
did:plc:vcfu4zw4mstjnpvqb7yqby32,2
did:plc:75xixksosn6lgcw32cquushe,3
did:plc:evialqeatdrcahxuncjnr7jf,3
did:plc:2q7ylne7h7jywyu5wtm3diga,3
did:plc:lldnefftwlslxv2z7kirghih,3
did:plc:qyyyb45vdwvzmg5nppheyus3,3
did:plc:op7eevqcejmhguigdma42vdp,3
did:plc:le7k5zwsli5545o5habpizir,3
did:plc:zuo7lxjpe22jwlsxk4qsp7qt,3
did:plc:og5tefyftmgouw4uyqmvzub5,3
did:plc:b65l7jiwk75kx3woz5ewhyib,3
did:plc:4jb3re5tvklsvhuc3lkerj5q,3
did:plc:h3imi5zmcoqinwouamcnuh7m,3
did:plc:miqpllsqjglls62enrrnkjnr,2
did:plc:l5q26ozsx6vemisfun3ay7zn,3
did:plc:ajfd4hfvlvuz535i5ier2imu,3
did:plc:dub62ddnanxf4uyxg7d45jhw,3
did:plc:4dyliiju47nqxqjuarzbdmjm,3
did:plc:xdfwfltczcbog3ue3i7nygl3,3
did:plc:kayyht4tw3jxoqjcob6x4yb5,3
did:plc:bfbrwr5ubvwie77bvw7bikpv,3
did:plc:pnn5x42zbvgx7rjxsgio3py2,3
did:plc:yrdy5sepig5zkkvpg2oytaje,3
did:plc:onlel4kka5n3hc5r2jaoprw3,3
did:plc:e7biqzatg56hfz53wlgyytoz,3
did:plc:gekbyhkcar2fyfhy65hqntpb,3
did:plc:djlgboerup6tpxs7vbx23k6g,3
did:plc:izio2kd56aw4hpoxgok6wlsb,3
did:plc:4xpqztyjb6yorb6v7t73pn7k,3
did:plc:nygwlc7okflrrii52ufesis7,3
did:plc:l6owgjjq5jgi6g2tmnfyhiop,3
did:plc:mq2l5wveicemcm7qveg7z4a7,3
did:plc:viblu7bkcbeq4crwxnz2iwda,2
did:plc:adwdwh7uit33vithazsii6j2,2
did:plc:es44kynzxn53stvassmfx74o,2
did:plc:f6qogcd6yg5ngngbe3znpn2c,2
did:plc:hry6dkechh2qjms57dkljjkn,2
did:plc:obkjcdbhbxtb6h2p2nesojkx,0
did:plc:x2yojk2g75o3jbspiru5dskd,2
did:plc:dovxjisonuplaq4dboej5b2r,2
did:plc:vycspfn326zkd6tyrrcbv2mb,2
did:plc:6enmqzauy5snfzqaghwgqfw5,2
did:plc:o7cjkbvotxydby7uvvx32hkm,0
did:plc:725kzpgn2myrjg2fnek3j4s6,2
did:plc:ucw253uf5m33ivv75nrv4vzn,2
did:plc:i2fvqiisokzck3cla3xiitxg,2
did:plc:g7ckx2oxebsrfvbeahrvafw6,2
did:plc:qgrjys6zg7msrchopbc5nhlk,2
did:plc:m5vrcqbtptim26knqkdwvt2t,2
did:plc:v37dqeypqrjjmb4ndxnkzclx,2
did:plc:vdtlxh56vu7w4yrsuqkurnue,2
did:plc:kygloo3pmo6rm5hd5gd47n7k,2
did:plc:yccavnbiz74whypzsxysofij,2
did:plc:hoomtpsgqaoghgiblzh6iyfz,2
did:plc:vn6k6b4ececo2iz3arv53fuu,2
did:plc:z5ouvgv3we3z7w2sp74wmsgx,2
did:plc:jj57rd2ugbgmmomt2q6ymerq,4
did:plc:6f67vhzktsb4ipsrp6cdalyx,2
did:plc:rrhdhy2ie47jpgaxqbzql23o,2
did:plc:5awvh3pfrfdlbhcacisowt6x,2
did:plc:bm7petw2rfk26gw5mdjcpd5v,5
did:plc:kzglwvufslfnbmbqqiecovp2,2
did:plc:nfcow7z7cedybegfppzlsi2b,2
did:plc:sjc5zhqejz6jmj5iai33fqy7,2
did:plc:a2edd6qsuermmi75govoerch,2
did:plc:b4zytdyibwwj5qyquu4fem7x,2
did:plc:fnbz7us6yoxiya77ye3hugug,3
did:plc:rneiv24j7igzw37oqh3kpltz,2
did:plc:ywexchxhanf2ebp4phbnbosc,2
did:plc:lmrme3kysmwq3k2tsjtmvaiu,2
did:plc:ljo4b2vjpbx5m23ffop7ikna,4
did:plc:retapjgm3w4l53dxqf2qcetb,0
did:plc:nez2c2iksg4apz2ouqlqzeme,0
did:plc:mrogkm6ouxiev2237lidqlrn,1
did:plc:7baklqwsj34pbo66xsfjtkag,2
did:plc:fb5vqwqzibat423cssct6xzi,4
did:plc:h7wgw2statdkb3qyu5kwm2qb,5
did:plc:e4im47sn5kpw4ljt2ookgwo3,0
did:plc:phrwhxykvoi3zwiasdcaijyi,0
did:plc:wvjrlx3hpmoatwrzsjibvgr7,1
did:plc:s6w56sb43gn37afve5vvf2cv,7
did:plc:l6z4sgodjeufhrw5y7o2czrx,4
did:plc:l66gzyklq6exgomlioe5yrdr,1
did:plc:in7yielb35boja4wcejvbwqd,5
did:plc:ucpo22xozj74ikdehhqkhfdz,6
did:plc:bj7bmtjqcdockdcv75dxqujr,0
did:plc:72a4ev4zt3f3lh7uqpyrfk3i,4
did:plc:7d2ip2jbff7nunjxg3htu3t5,4
did:plc:f4a7q2po75jn64leofhp4m6z,2
did:plc:lrhgphwfqchyb2hcx6j3gt42,3
did:plc:ivmwdn3ld5f5lekkyy3p3brc,1
did:plc:mly6jk7hnoltspcnn4nyzuiq,7
did:plc:feqcajug7cco7zexhgxpz4tv,4
did:plc:c3evabsgl2uvtoudx6upurw2,4
did:plc:pyprrlz3ooyaeu3bihmkpzhd,4
did:plc:art3tnljhabtha7cfvqir46w,4
did:plc:dvf2sx5iveizjpt2cl7zax2n,4
did:plc:7hfs7tmsncgbmxtpihjfeold,4
did:plc:4gmwe2zupn4xrcq2eiew4zi2,4
did:plc:7yher4zvqfnxhoe5ymg2te53,6
did:plc:xf6sqhwze5hlckrsdbxewqef,2
did:plc:ieaibxoplo72shhkv52lfz3h,4
did:plc:jqkijujlphqhqn236shcvsxs,6
did:plc:3tpckv5dnkd6xn7z5mqiuuw5,3
did:plc:eendd6jg5bpwyclix7ciugkk,1
did:plc:yac2ys52gnlycdx3sgv53hix,0
did:plc:333rndxkndth6er2gmvaru4y,4
did:plc:jat3ntq7vtvzba2mdc2r4fh3,4
did:plc:46euzjixp5pentcciykxxble,4
did:plc:udsv4bagyoxnitcdzqjklwpu,1
did:plc:eqo3bvt3tmwhmgxl5l2fa5df,4
did:plc:ph7ro6t2235hia6is4i5ndvy,7
did:plc:vgsradj32r56um4jjcfmehxk,0
did:plc:n3d7lxnl4j5rjvogv37mhpxz,0
did:plc:tkq2ckmsl47gfxajf5suxnci,2
did:plc:tstsxz4qcqejhl3hfsfreu3a,1
did:plc:pvriy7pv7il6nm6n4sztsafd,4
did:plc:7kc5rg63xfrrdnmb6cem2rvp,4
did:plc:vcix7t3rbdwhddeqpb2emrtv,7
did:plc:2hgvtpaadbxipqc3wj7r4rju,4
did:plc:cfurzvbs5hzjq3harnuqxolx,1
did:plc:qmelqovlsblzpacblckcjoqv,5
did:plc:jp6kznrpfh65j7ax3zinfeac,2
did:plc:uw4vsms2d6pxzilsljshfk5t,4
did:plc:2eu466rxc7ggkgtd55bkzix7,3
did:plc:vxgkf2r2fmjhsrny5owfslue,7
did:plc:e4sqg7jvefjj6p6hfdg4ric2,4
did:plc:4k3lqotw35clnygrtel2bep5,4
did:plc:pvjeceaa2bmrybeay7haaodr,4
did:plc:65utgyvwcvvgj3qowubpwueg,7
did:plc:g7qkwmkb6yfp6zvcjkbihohj,2
did:plc:mcvfxzibgyip5vd6ts7gcgrh,4
did:plc:b62pooamjfg6rs5ttbjjhw6r,4
did:plc:7lk436ibqrj77icxnldmtpbq,1
did:plc:yqqrjmpjiazx4xvqi3ublkkd,4
did:plc:5ny636rjkr6zi4ukmbvlzyi2,4
did:plc:zelnui4kmgx36nwzmh2d26kl,3
did:plc:j4rwryvxik4wj5273qkz22yk,7
did:plc:ulvtspb6bhq4cojtnzbc7qrh,1
did:plc:ru7ngnkzu6yjvogtpv4xufa7,4
did:plc:vywzt663zsgldbkywhueunr2,4
did:plc:s2ewavnmgxckknsaoyblfu4x,4
did:plc:35ozypsoxpxwxqghkudauk76,4
did:plc:d6hz2c6iuodoz6jcrecajn5e,1
did:plc:qo33ediqozcdltvadeqxpdug,4
did:plc:4kgioqhb53lgxsbjmpo4opjn,4
did:plc:unrryvbkljtrwtrw7tyxuokv,4
did:plc:qe343tyyvi67ficqnezujkyd,1
did:plc:ycrfa46dvhipjc6jb6dqnfra,6
did:plc:hhw3rwagclsilqucfoprmfoy,6
did:plc:4mmvwaafpije7etnog4xglcs,4
did:plc:ydu6aizm4uledue24bfwbqfu,2
did:plc:2hwul56hajrj5onnllshzuil,1
did:plc:kqpzk5hlb27eosfxii3lfv6g,1
did:plc:3vincpsjnra5gfrfs3ci6lfg,0
did:plc:5xfxwbvmirlbwm2kwamipjjo,4
did:plc:mkoc7dezzbqbzwzmwuumbabb,4
did:plc:otzyosqbe6napqjuilaecawp,4
did:plc:64o5fedkduflzlhx5vgdeasw,1
did:plc:gaedunvl6zvlq5i3fsvz23hp,4
did:plc:5n5d67aw2sd62eeqepldvfit,4
did:plc:fcl7dcvjnsml3q74wutisoq5,4
did:plc:x23j4ugxyd6o237mbsfob3tv,1
did:plc:ei3n6sm6pfybypoqxojvgdwe,7
did:plc:5eaewzqv72s2q3463ue63smf,2
did:plc:ydtkb5qdw6wbscesa3sloh2d,5
did:plc:5mvvouo6ewdsjpfvpp3efwka,7
did:plc:wugevytvrbj44vvxggiue3lb,4
did:plc:ebqpwjp7ih2sznyxkmmvncr7,4
did:plc:fqyqvqscaexhtvn6oevnw3z2,4
did:plc:3fvcqhtcvnxqld2qxfmhl6n6,1
did:plc:tjkquryt7tbji6ioofyep3nw,3
did:plc:hukhg47eyfwjbgtu7gzmurws,4
did:plc:g2wqauw5byej5cycuyjocloc,4
did:plc:hfxw5fak4mnbbglkn7flasah,4
did:plc:gnfqe4dofasftu6lowzibdue,4
did:plc:4cvhxnutmlrz7nix2xzp5ilu,4
did:plc:zlgookwozfc7kyaevuawgzzf,1
did:plc:7fgtxs6et7vet6nh4el7k5ue,4
did:plc:j4mnzvfcwj2thpp65zu4lo4x,1
did:plc:4xyhwcfzxriuwa53r26c77lc,4
did:plc:c2cqblo552gms6xqlyb3yn25,4
did:plc:5twe7q4c7p373nqbghqpilms,4
did:plc:fmuszqaqwydj4h3i76lruiqb,4
did:plc:umnzagi6lzftmwgvupua5zui,5
did:plc:sly6ho57mpc5wtngpv3xtjqq,5
did:plc:4sl6bg66q4wpgmp3pkifxzb4,4
did:plc:nclm6qfrpcgxt7bafglyrpcn,4
did:plc:abuhwlyxlufqz4sctfqeq26y,1
did:plc:p6dfky6jcsqq34eadp5gzx7y,1
did:plc:lb3fihi3lvax7uqvdipko7nl,4
did:plc:bmjm2zzpjt5hkxjvrdovjwkb,1
did:plc:qqpaakngkvi6ynekexdokcb2,1
did:plc:tdqqzkt5n2q2vpbkwb72nibk,1
did:plc:i5wfa53tufyrvplzk3nfyk6o,1
did:plc:r54uhpbtluvm43x67evfweww,1
did:plc:n4idyxhsyg7h5fjfneapxzci,4
did:plc:7fllbwcbynotoetzbg77rbkg,2
did:plc:ll6a7h6fezwkek7a4upwktkr,4
did:plc:duchx7pclubrmcnanj5g64s7,1
did:plc:sf7sfo6nnzai3mav4l5gsuql,1
did:plc:ulvjtolq7bs74736slvlydd2,4
did:plc:k4l7aahqebmpkq4bzitusv6c,1
did:plc:6odskj3z4kpfgphgw4chgbxz,7
did:plc:qehjkcdohva3hyrg373k4a6e,1
did:plc:nh5e4eauwnabvhpnej4hyuvt,4
did:plc:in4qat4v5eo4dxyrpc7exkgu,4
did:plc:g72lela2c4gtqgy4rzpinvm2,4
did:plc:6v5vyczbtsni5awobwupoy3m,4
did:plc:mqxqyofw4jm3jhzlyrgweqkg,4
did:plc:lltbmti3jbnn6znxklq2dtlx,7
did:plc:6cuffqixbllkpokpppcbdoc2,4
did:plc:qpab5n6rvjez267r5efxuvml,2
did:plc:ipvv2xa5n32c6bitx2g33ygm,3
did:plc:jocrkl6qjvqimef6pskxrp7y,4
did:plc:vdfbnz6i5663uzwxqxx233nj,4
did:plc:emj5nphktjkrxhnbbolctmnt,6
did:plc:od7isnzpz5rajvb3lmbekzn5,4
did:plc:vmyqew36vgrhn6grqvs3srk3,3
did:plc:2n35tneyo7gwlgdubqlnblvn,4
did:plc:ajozabfc4psfetbya73la5uz,7
did:plc:cckwscsd5qdvdpvyi2eusiy6,7
did:plc:fuo6k7bbs66koh5u5d2ogh3g,4
did:plc:5l5zjebbzcunrhkpb2gfrybj,1
did:plc:jewd3krlkpnhnjqqaiy77vmp,4
did:plc:ki3p75x5dpvaxd3aoigacagx,4
did:plc:tksbtr4srgqdw2gjsxvz2gp3,4
did:plc:zdad4mjkt7z5zzcr5lka6kvn,4
did:plc:kc5jxxti23nivp5omve46obn,4
did:plc:hdili7gcw6x7az7hxje37utc,0
did:plc:pmc7t6yhyyhvxj5bcvly6e77,4
did:plc:nbkockbuptxyuqebvwnur3pf,4
did:plc:ntboewzgjh3ftnswnmlaqqn6,4
did:plc:5oafp45aisjnpgdjdxxy7hmt,4
did:plc:exc3afa7ri5adt37znhseacj,4
did:plc:65xs7eg2q7ir6v6yqcaloic7,2
did:plc:3wcyyo7g5wegkccfsgr63joc,1
did:plc:jr5nvofvmb2iplroybv6cswy,4
did:plc:ro4ddkqpv6a6tnjamoj2ha56,4
did:plc:gmozrnvwnfuajzr2g27tzbof,1
did:plc:4axvxnjd3wxr5sctohiq4syv,4
did:plc:cgbqyrgj6yixaj5doqippfnf,5
did:plc:ewkcfbzebainft5k3ls3xzdg,2
did:plc:srfr2ujhf2y4abluwxzsyrkg,2
did:plc:unwol3pmy2lseqs5uu6rljel,2
did:plc:v6iznjcqwnan3izdgezdjaxs,7
did:plc:ioywt4fomvo6w6f3lptorqq2,4
did:plc:imrpilyukp6jkdoh2i4dap4t,4
did:plc:eqa5uuuya2kyxkkqbltmkbml,1
did:plc:z42ki7ogxewkxy3atih4c2q4,4
did:plc:hmfywci2mrrei5kzvrmsmf5n,0
did:plc:c4zwazqvusszwqwrpv3xo3uz,1
did:plc:bjr4vhosvhnoivqxksuw2qt6,4
did:plc:laddlur6bvp37qyvyjlgilcr,2
did:plc:4kyols2mhyw2ejpnccmhp77l,3
did:plc:6e7cazteiq5tv6xl47nvc247,4
did:plc:mxbcc2ldsfqc4bgdiotkv6c5,4
did:plc:lnr6r7q6m5krkw3j5eq56roo,4
did:plc:hurdoooumvjzighv2roms5pc,2
did:plc:lacsvttlil2gaftxttm7wlhe,0
did:plc:tfvqkq7ro543yjttfeeamxdu,1
did:plc:uyspz3ddvv3qp5dphuy5hsvs,1
did:plc:a6vze5unki4bqfyvuzjzsp4j,1
did:plc:i3cza5de74rtkvtjoi76zung,7
did:plc:g6iwzifq3ikrv27ory7i6r75,2
did:plc:u22qxa357evd25jpnvjrshl3,4
did:plc:ufjtngkrrbksfzzlof337juk,1
did:plc:rdr4b7j7ygygyut4ae5k2j4g,6
did:plc:4vv2fohlrlpgbft2vvgssrnt,4
did:plc:uphlsrl6t7zio55d5hnnwgxh,3
did:plc:v7ai2jd4cgfdxpgdvegu3wc6,3
did:plc:l5orrxzi5ogkxqjydx4sowal,1
did:plc:nk27tt6zxrsutdwex4okkwoi,2
did:plc:wjlfj5uyq6l6phgksuqhqapa,7
did:plc:rs6tiikll2ocssuat7eqedn2,2
did:plc:267wna2hspk7rd6nk5jk6irx,4
did:plc:al5jyylf5zrqnvvntpiiv6kw,1
did:plc:gdv32yuki5uhvkh5otcrkim5,1
did:plc:tjkdqdkbr7iny2nv5xwtoeud,7
did:plc:4xgottbm4ye5lfyx26tiuxgt,1
did:plc:rzvtgmdy4drre5wptq4xyjn6,1
did:plc:gqaozbroi2ygr4m7vzbwh7w6,5
did:plc:f7qg6jzs63lg75lrqxnhmao4,2
did:plc:miv67que2gqdnsxzmvflaoyo,1
did:plc:lw26b4w6pftcg2xi6izesel6,1
did:plc:sx7r5dajfzziw5n4x6gmfd3f,6
did:plc:d7mv4x4ldvixi3turomby7nt,1
did:plc:jeyrt57xben3zndj4dyzlgci,4
did:plc:s3pgdrurvanhgkjsvwcy7mti,1
did:plc:geodizmzb7vgvse7nc5bz25g,4
did:plc:4rt2c4doqygmc4eip5zybxvn,4
did:plc:3ibibg7jwee6kr6om7pqgbnn,4
did:plc:uddmcrv3pamgv6lanigtvote,4
did:plc:vzd67dcnysrapqa3maf5tw4l,4
did:plc:ngqabkozpw6vymyha4rxln7m,7
did:plc:p5cv5zpbowyvtp35qvgfcggi,3
did:plc:ib5gdsaca7vsld7dbkizl3eb,1
did:plc:25d2lnaezi6pefi6skch5dsz,6
did:plc:mvmjgpop3wsadjmmeofw7cz6,4
did:plc:lzk4i7k3tsgxsrwzybnm2fp4,4
did:plc:dphwbokomeprumeaf2hthpmg,2
did:plc:szfmeepsqjolxcdbqgi2oyv6,4
did:plc:md4v5ohqbghb7ncvj57i6nhz,4
did:plc:j3jocydwe4cpivirfuw47mhg,1
did:plc:7wu5whigjqxn62clfrbtdbol,3
did:plc:xbogh7gzgccl2zzcswoc7yp4,7
did:plc:mqbplucmnoa5spmdecmyefmz,1
did:plc:ykphaohy37jhkwddsxouelpp,4
did:plc:3yorbbelbkwh25tc7p74jfsc,2
did:plc:xmyfupza2baw4ok46ajjw4bq,2
did:plc:6rptnt7f2q6vcju4ltt2h5j4,5
did:plc:hq7lpruoalhxrfr47pq5cwjl,4
did:plc:l2s7v5exmij3stmgclj4u3a4,4
did:plc:sits77tfjcanigoq2w2i6xgc,4
did:plc:xx4k6lzkfqfhlu54yey7gcfm,4
did:plc:woa2jcj46jyifvpa55x4zvnr,4
did:plc:uyaklkjwr7mpvlfpkfiuomcf,4
did:plc:h7fjbwa55y4lfit6pg3vtiuc,4
did:plc:zofsfnhgfdn7jsuovugotbks,1
did:plc:viyzl456iuqeq45fbhkocf75,1
did:plc:6qsjyfcnbokgzpkxudyovgxh,4
did:plc:a52ctdhzrzyovnjtwt5madot,4
did:plc:2moeam7ni4chu3nohbcuxkpi,1
did:plc:esxiilp5qr5syhqcbi2cluch,4
did:plc:yxetrlovb3fsstpr6vrr2a6r,4
did:plc:cxbyonyh2zwmpggiijxlo4sd,1
did:plc:k3zygz6t3cpmkvodzirfihz6,4
did:plc:6xzuulyvtuoalno4ohkfsy5p,4
did:plc:c7ddvdtae4vds7vjec4laajo,5
did:plc:7on6xukgvhqxuu2zvy47eoxz,5
did:plc:ztdq2zvrrulp4lmk4pffvjgd,4
did:plc:o46je7erl5irysqb5yuceuch,4
did:plc:myt7j6slyz5zybwj7557eci6,4
did:plc:v62wkgaewjq5nnvllms5i3sh,6
did:plc:4ytcv4cgtbmj6uozbz7j7t4o,4
did:plc:ixky7ekzpuyg4bgkuejkw5eq,7
did:plc:n4vchlh2wt2bpjbqjxhjacgb,4
did:plc:j2qtjkct64tpb2uaor7crlkz,1
did:plc:ybi2itzd2jl5tvbck2brdk4f,4
did:plc:ks5gl6zqjrmfggvzmuvnjmsa,4
did:plc:cyvqv2y35p5ami2voabh7oqx,4
did:plc:plldzttd74laklq24om7ohbx,4
did:plc:kx7fymz2zk63kp5hoopvxb5s,6
did:plc:sc7hcjdffbw7ji5v4gozpir7,1
did:plc:lygcuyuuxcocym3q7gkt7fik,0
did:plc:toct7pge3csfpbi65tilyj6t,1
did:plc:n2fsovsgcrrli24hs4ihooyg,6
did:plc:bjhjbeuuxxw33ep2pkpatiy6,5
did:plc:warok6pdgtpstxvv55tjkz4a,4
did:plc:aoary2nq2lvrdllxcwlampj5,4
did:plc:bl2piqjm5mvjtpis4kvi5tvw,4
did:plc:wbt2wdkbzpatpvxcuvjqoa5p,2
did:plc:cnoqp2db6ym2idgsgfk2ls4k,4
did:plc:gwa5urdn6ze5e5lbvfbkr7li,4
did:plc:gzqbnzqfy5uteeo3vpanajgx,7
did:plc:icf3shx43emq34gxovyjktd3,0
did:plc:ttfant2coehniga6sfhdbzt3,4
did:plc:3so452kgsbsktoqhnqrymyab,7
did:plc:m4cxxxgmktzjkiknrvp4cqox,0
did:plc:q45qs43byjafgymou3go7sdh,4
did:plc:uvdxy5sopprfd3ui2tm3ymt3,1
did:plc:vpau5oek3ggc6n2t2bnjhkii,6
did:plc:h3kbjrx3xk3endxf7jlv5spv,1
did:plc:fdb5a7wagushairhn2epowvw,4
did:plc:mxzxyzk75bwdgo4bjkskgii6,4
did:plc:lm4ti7kc5d4cd3m6pnu4qlvv,1
did:plc:viaiihaftuuolcqlyvoqhjnr,4
did:plc:7ytsgpagbwppje5xf4fy7jzt,1
did:plc:acphtq6nquwb2oyd45d6uwha,4
did:plc:b6b3esqfgs3qk46dyppy3svl,4
did:plc:ulr3okegakdr7upyrcfobay7,4
did:plc:4e2swav4jiorcyecpukamefe,4
did:plc:uywy7riy56k55kbu65uouro7,4
did:plc:zc4kbicyhxomkklrj5z625mz,4
did:plc:pa43t6ybrd5gjo3r37zegkjw,1
did:plc:miythc57vtwz26qxh2jvyqpr,5
did:plc:rrakwplvtxfolyxctxg24ads,3
did:plc:hnpy64agiwwtuzyo32p4fjsm,4
did:plc:czaunekuc6hf3ngq5dahmypm,4
did:plc:pmsneyzdmskiumarcqly7bj7,4
did:plc:z3fla3r4cnh7yxcua3weovhw,5
did:plc:5uej4nnjcchl3os63uldqkxx,4
did:plc:zuedpqxjeyu7aqerjnq4spbn,4
did:plc:ngnzzzao6iyesvlveibvkasg,4
did:plc:avafg4ykmag37c5twedkmjrl,0
did:plc:uewltutqz6we62xbdm7gql2y,4
did:plc:worake3mwwlhendq4ntxkomy,4
did:plc:eokcn457h2rr6gdiwmrsjlmf,4
did:plc:5brheym4m7qunituk3knzxkt,6
did:plc:zuxd5g7ngulcyzxzxlkykat5,6
did:plc:ho4xbwn63bs2qwh3sfrz6eux,4
did:plc:edjrkwwrkfezclnel72rwynx,0
did:plc:y4tuc6accwjjf6grwgabvlkr,4
did:plc:k275mbv473zgjkfkydpqegky,4
did:plc:dbmkt3emh7isoeujrsikqxkr,4
did:plc:2dqbirwygpa5x5ajk373zqsk,4
did:plc:4dvuegkes5xtcpl2np75pk6y,4
did:plc:woixbewduznbpvzccscswvor,4
did:plc:ezbvwa4cpett5zphejrisakn,4
did:plc:bl4i7go3ruffgpijjzgfr2ur,1
did:plc:uzamc2xdw6ll7ilmhci2bnns,4
did:plc:t4f4y4ylizyhdfbruvwtltbd,4
did:plc:7ia6nn64chcyo3hmvws6koom,0
did:plc:kvnxtclznju6bxb7w2gx7ugt,4
did:plc:oo43xa7wvj6nmn4mszzmvyyj,6
did:plc:zg7isofjz35u3qufmpf35xfw,4
did:plc:77ln4crp7zgynqfawp5qff7m,4
did:plc:smmnawpc6iqrhcndfhedjqj4,1
did:plc:z3e37pzsgtyxq3sytrsp2lnk,1
did:plc:z3vvaxcukchqjscpjxikh3hk,6
did:plc:gnpt5sim4duscoi26ujwah7j,4
did:plc:btvfjfg6lkxze65o5avrhmnr,4
did:plc:ohc67bjxzrmcwsfbjp6uajlp,4
did:plc:6tuj35tz6bnchr5gcbf6myjx,4
did:plc:2vuh2nlejextdbqqpbmrv6rm,4
did:plc:bcfkepg63cur3oknkq4wp67v,4
did:plc:573up735ase363wrg6zfysey,4
did:plc:dadobul3u354tyg5ga3dgcyw,1
did:plc:2wkexbggsbjucnxzhlhartgp,1
did:plc:enrggsepjea5vfyqpittcxhy,4
did:plc:ek6ywskqng7r6la55jyb7cr5,3
did:plc:ik4c6jcmnbgk7loyiong4tkk,1
did:plc:z3jinfrftzwz6g7nv2j66xua,3
did:plc:jlmlzhf272dhuqrvsxabptlp,4
did:plc:nxuswmuwjh25qpucnmyy3y5u,4
did:plc:3jungfqrqtes6tl3cdgib4lv,2
did:plc:46cvnwig2s3zdhs6malvfxrr,1
did:plc:2eqc4xmpp345lzv6onny6nvp,1
did:plc:d46etotv4sdjgrswprxh5gns,2
did:plc:ajrivz65b5xyeddz4vkq5jz4,4
did:plc:dk3cr4fsxfdntvjuusn5revd,7
did:plc:kyarywhhv7fjwh5ufoyhkegb,4
did:plc:wfjn6vtegesrjfpaneregzhf,1
did:plc:bbjipicukwprdakfqcvvpwfz,4
did:plc:qarpjd6wvnu6xejhgfz27732,2
did:plc:d4aodkxkn5kfg35uezd64srp,4
did:plc:zdog73ubsuqwlmvoy7lyvnc2,7
did:plc:4bk5kai4cnkgsibdaaqzmt6a,4
did:plc:6ajxsfdtjq7aoyuwgsuhnnul,4
did:plc:3gsid4prph7mlilabczxotd3,6
did:plc:miecs3im7c6rd3z36iczc5bn,0
did:plc:l5fbkblpx4v2jpbjpy6bagna,4
did:plc:kmph3jy4n2omcbhovarp3r3y,4
did:plc:wmnlhixtryuerzk4wo5fzopu,4
did:plc:us4hwiucgwgczt7r4xb32dpq,4
did:plc:pl56ybnk6afu5fcj2lgax5cg,4
did:plc:tzm767vpvyktazkvsduz72hq,4
did:plc:ldsvqczn2xrx3frjynjfh2sj,1
did:plc:ol5rccoxc2ny3ech3jtbzjbd,3
did:plc:r27vxjigzd7bny45fwsccdba,4
did:plc:ifglg7sndi2f27ahfbxaxz4e,6
did:plc:tgylsd3r25d2molgagtsydl5,1
did:plc:5wbpwu5mfhwffygjnmk5j2vl,2
did:plc:zbwsfvpgmlex7a2f7w2wry2c,1
did:plc:fvxrqpwk3itvrmtsdo4ii5jf,4
did:plc:ajrf5xujy74ezl4qepilyfmv,4
did:plc:cjhefd43t3czfhkyityo333u,1
did:plc:tydnduereiqfi23h5bbjenlg,4
did:plc:7vkpyynzvbrggvdsyudwfmlj,1
did:plc:6pbmv3sr5zx475smn3jmk6eo,2
did:plc:jmjudi2nmwcrmbvhmuasrgbb,2
did:plc:6mi3xjj5lo7ggek5rullbxqa,3
did:plc:hovrpw3xb4rblolrs7bljgmx,3
did:plc:gphsroonl3c5etjgdrtyoksj,2
did:plc:xyl2um4kzolsldx6ffvgcga6,2
did:plc:muqhcrguvjcl3vcnz7gt4h52,2
did:plc:5zefurn7duhbqwdblai2tln7,2
did:plc:iuut3phjenwoalggkg2qex27,3
did:plc:naxulstqpctd2dsu5csxddqc,2
did:plc:pmfj2tij6w2otjlxef4kxup3,2
did:plc:g4tdgvfcwntwdalvoiq4lkk4,2
did:plc:vx74uyvn3evoyctj7s5amcrw,2
did:plc:2wlwljzxammspvkljy652kxz,2
did:plc:gj3oy7oeguunorflfvsdljby,5
did:plc:xsmgc7iugecp6orzxqdcvv66,2
did:plc:euo4fmfpgxswetdfq6b5we7t,2
did:plc:owmw6fqlsfulbev6ts6jbzio,2
did:plc:fsjki5j7etogc4chwll7zids,2
did:plc:mxjxqzg25ayinjfxqcoubuux,2
did:plc:5rionke2tykys5yn5a6xspzb,2
did:plc:ymb7k5nxum4dq4mhx4bghlgq,2
did:plc:mw3lpfis755mjmcxdm3vd2rj,2
did:plc:763xxnhjxosd3ezlgrbxtlik,2
did:plc:77vo3bnqcolt6hv7j2uj6ux4,2
did:plc:cqaphaedba5jcldb2ozkccab,2
did:plc:ruaxndfdyqasmlpuz3qqvpeh,2
did:plc:rfbxuitd5gceivp2cgf7ife3,2
did:plc:7obxzovr7dgcwhyunqveo3bz,2
did:plc:3etshrnlom5cvnvb7udqp3zo,2
did:plc:ptxwyjrzyx6lpe7panion4nl,2
did:plc:ykbwvwcfhgrg72scb3td6uzd,2
did:plc:twmwrj3bhvj4i4zpslq3uif3,2
did:plc:ig3ghg2fn2fpqmnws66vvm6m,2
did:plc:y3k3emvpqdkn7ydtqgnuzrb6,2
did:plc:ad7vrqg22z3k3cqjfrabbqhh,2
did:plc:gfozmx62wxjwz7ec4tsf26z6,2
did:plc:dqtuu74ofjauvkihjay3nfi5,2
did:plc:rdqdpqpzohi6hohetbggg44s,2
did:plc:t3topb5syib5fguw2lkkv3id,2
did:plc:7w2vimsbg6x5xwhbj7xslmhq,2
did:plc:4cf4xcam4vyxktxssgxu3mrv,2
did:plc:nlvfjvo7yzunvvzujxr7vopc,1
did:plc:xcqz6tgofqu4xjsiupcbs7qj,4
did:plc:afewobtmlxq3ivymubgujsqp,2
did:plc:e7qe7c3hrp3otp7poxyyx6pb,1
did:plc:whjarbh6peheiw53m6w3mftx,1
did:plc:reucko33bninpdyglpop4dco,1
did:plc:fpxabpqppqlsr7z2stm4wf5p,1
did:plc:zpwnji3zz6k2tsyg5lihxewo,1
did:plc:w5twzfhdokb3ecpi4ab36v32,2
did:plc:gki5wyld4np7aaz2oyahvryv,1
did:plc:4byweflmr4zdxiezzvxeusfy,1
did:plc:bynocrienr4ctvdmkc2w7z7r,1
did:plc:xurlit4kah4unuomkaailxlr,1
did:plc:ilugtcrrpdjj75ahko2553ty,1
did:plc:wbthmldjuvhvozldnaoom6k2,1
did:plc:qcoch47juvt4tiojn5c2ge7e,1
did:plc:2ktdmezq3flagnmsmemobdk6,1
did:plc:cbu4k75bi24ho2wbbhh42lxu,1
did:plc:wcrwlncqficn6hsmqqtkdldl,1
did:plc:gtqewp2mms7t37dwrmf7oxmj,1
did:plc:2bdmkda5i3luug3g6bluz5ud,1
did:plc:2pnh3adtdbgqnj665k4hz3xh,1
did:plc:llfaiesxuyyujg4q6ke2atmn,1
did:plc:njclp5pcsdppgy7tjcq5tb6q,1
did:plc:3auaultzgkgwzolyyzljm5oq,1
did:plc:l77estradwoyfog3a3ljrbn6,1
did:plc:nozocshooqlj3ruft4bqohee,2
did:plc:c2kbnsc6g3cj7wcwrpgprxoe,1
did:plc:pq4zuzodxrixyabbbihwqw7x,4
did:plc:cxatkptmxkj23w7sraft75xs,4
did:plc:rs2wgtntx6d5d7wozjsabxbx,4
did:plc:pdvktz5ybmux5rrhrwefjdvn,4
did:plc:6j4j3ps3yr3fbt4j7kw53d5u,4
did:plc:lv5dhelpnord4qx47yz4fgpo,4
did:plc:eegtnmtew3lv3raw3w527nab,4
did:plc:u74p64ahgjookxgxwal2stsw,4
did:plc:7kb4whsld2olo6mgalbrub3x,4
did:plc:daslxofiog74zcux6zwz5fas,4
did:plc:c73wzm76kto2oiyflj4zpfnz,4
did:plc:rhzfihpkabq2xnrqde6e5lgp,4
did:plc:gbfigen4g3fuz6cwx5p6ne6c,4
did:plc:khsln57c3yylwduawdhy6alp,4
did:plc:dikrhvxlwyao6s6nkxxj5cpr,4
did:plc:ytc6rvfcs2tj3utcfefiml63,4
did:plc:3zqz37iijyxib3ubktltgbjw,4
did:plc:e5fcw4r2w7ngevzakcah344p,4
did:plc:qko3ejdbr6khyqkbrrt2m5py,6
did:plc:opktob7czg54ybiqyqxkwbci,4
did:plc:tqcyygfc27z3ryhmg7sz2lc7,4
did:plc:dt42hvwejkbjxqjg7hhuzvww,4
did:plc:jqigiwaz54jabm3mj3x2lhx4,4
did:plc:243gkhqqm2flg7orp4z4uwrx,3
did:plc:rzn6yramffebefeitqifiqqz,0
did:plc:4jpwoyx55xxvzuuylnd65ukm,5
did:plc:givg3amslsq46o3f25ga5esh,0
did:plc:72iblv4xbupcxtwouj2reyuk,3
did:plc:o552q7al7o5fxdy54y4pk2hz,3
did:plc:yhsjztvyfpnvs6k75aevzmkt,1
did:plc:mg6lom2otgqnfs4gc6u7lfzj,2
did:plc:lpopeq7nygvwym6a3krsfxzb,3
did:plc:dmsagtldmaltrbqsrphqujca,2
did:plc:o2qhsenmplu5ynlen7ie34be,3
did:plc:62adzkqicsp4nvqdjjvbrmzl,0
did:plc:f2w3m5vm7qyk6kefd32g3htw,2
did:plc:2eereplgcerrjbkryb2eapyo,6
did:plc:upiaahgwaxxgcw2ajqh3hckx,4
did:plc:ncviqcnllx42n36oqftjsqwj,1
did:plc:4fqvwnjas5ky7ocrl5nllb2n,4
did:plc:it2iqff7mx4ommmhj6tgh4uy,4
did:plc:lqe3pyajoq5vvgen7zelnu3e,5
did:plc:ipf3vmxu7mrj2jsuuezwz7cl,2
did:plc:qqyvronkudycyrq7unazzqdj,4
did:plc:qm2rwcdo3keclbsw6ithxl6h,4
did:plc:tqyzvu66gw7p33l7kzcj25wg,4
did:plc:xpur42ttgn7e3jd37ilkm3lo,4
did:plc:o6ox5aaxbyrhqts4r6o54tvx,4
did:plc:o2fmlrk45qqzhm2ug3jasjgl,4
did:plc:xfq3l2nljqt5w4qux5mcakpt,4
did:plc:naadb6yxbnbvut66ftu4n3b4,4
did:plc:r75d65mrqvg7shv2m5otyxrh,4
did:plc:6ihiu6jhow5jzo5p3dqzm4dw,4
did:plc:ajisdaf4evfmii3cmqsppq4p,4
did:plc:z57ah3ocgciq3ffnjgtphtet,4
did:plc:b2ibpnxnc2kkpsmatw4zbtxm,2
did:plc:bn53z2lbmzpax3i5jrcbuwy6,4
did:plc:ywmlyv36uaazjh5wi5ylv6nh,4
did:plc:5piee4pau37t6l4yeiuvzygt,4
did:plc:fw7xy22fvcynkli366vbrqqo,4
did:plc:trs24hek4bcz47q6utbu4ujg,4
did:plc:wgorqj46ngksuyunfpe2jwlz,6
did:plc:qbjbsnkcy4zfuadlhvgkwh7q,4
did:plc:y3kmxue645qkxg5mzgg3xo4q,4
did:plc:w3jkyhckxyvfxtf77uklpual,4
did:plc:3mkgz2rzksiqjp4ri7jh6ixp,4
did:plc:h2wr2ix7ov6zxfgexozluzkh,4
did:plc:bc3xe7qqyer4eeji63k4blrq,4
did:plc:3bvhdqtydlbtqdi56ga4x6ra,4
did:plc:efkota4hxgkjnprphsgsjeu7,3
did:plc:a5k3yewbbr4k44jo3e56ndlo,4
did:plc:tzdkbfwlspvii2u4l7ic6hyu,1
did:plc:5xq4ws6lmoydvin7uzhp6jjt,0
did:plc:hitp6zywlgwixv34r2kxvgoe,4
did:plc:ml4xs4s6qhqnvl567ekfvxzb,2
did:plc:6pml5ep3jdcg3ys7jzbkfsz7,2
did:plc:hzy6huvsy5wzx5zpmaez33yo,6
did:plc:xy5zqtqjuib5iuyeqmsjpgdv,3
did:plc:r4r6pybalricew7qva5h7wyr,3
did:plc:vuk4wvb7t46sfz65o2cjy5vd,4
did:plc:3wnkk5fy63fuaq2eujumcwzq,4
did:plc:boyn5nieycnludylrpbvwtah,4
did:plc:h72jaf5ykkcpii7xwujazxmu,4
did:plc:2ap326t4im6h54lqeityrwfl,4
did:plc:t7a27hbas33wchb3g4dgckdt,4
did:plc:nvormljwstqh43azlifdkxmx,4
did:plc:tq2z3knfjvzvcnqvgj5ifyo2,0
did:plc:f57y3z5rfcvwv2keaqr7m2o6,3
did:plc:kcxmxcwnliahgth2zqha2bqp,5
did:plc:ywwxzjytw6uxhif6my4emr4q,4
did:plc:yu7c342ty5vgriwotqv2wycg,0
did:plc:oeuou74scjylp6tc7fb5tc6n,0
did:plc:ckia47p4xlas3xpmisgrllck,0
did:plc:4s4ivkb523dolwkskbauvcyx,0
did:plc:5buzphfdtce4ev3ukud2gf37,1
did:plc:w57konlfq5hpe5x7jwabpviq,0
did:plc:ks244q2qaqc5r3u5uftv4rbj,0
did:plc:s7dhr53war7rgxm2mail6xvy,1
did:plc:okhcehwe3nb6ozirtexvluri,0
did:plc:pcx3lnam2eb5hl6fwwotlblu,0
did:plc:w53ugkdy674dqmggiu6jjl65,0
did:plc:qu4xxcvwtudykd3mbchawpz6,0
did:plc:66w2des2djumuvbnnusbhfuw,0
did:plc:6lf2nnxikz3bdhn42dugqxly,0
did:plc:y5xhhxuifywrjg3tq4nldv4w,1
did:plc:2tuifj5b7vykq4sdxmehqc53,1
did:plc:xhcy35pgamuiwdbkwvuqhzkh,0
did:plc:evgc4ukadedre3gwsiwygkpz,0
did:plc:lohurgscqafxogwp3f7tsd3l,1
did:plc:4bk4vtgddvt7vcg2aahesh5e,0
did:plc:7q3w4zshnfsnqqn55znzyl2r,0
did:plc:3hxljdemhme6nzbwtwfj3mjj,0
did:plc:uf3y2ub6aewbxaiphx3ekf3y,1
did:plc:ze734g23l6ejkhq65zgdd3xs,1
did:plc:cq3cgajrgw3sdbmfz2ml4374,0
did:plc:mj5h6johygkjaoo3dg5q23lm,0
did:plc:psxf6wrijwkudvi2etmxsess,0
did:plc:wvtwsjgvhu6ppzhbclzd6y76,0
did:plc:ix7vphemlkpozp4kpp4nbvfj,0
did:plc:fcmylh4ei3a7cjb2z3mkm75e,0
did:plc:bq6uxaoyfwvg6lfgajmqau3d,0
did:plc:gzxk5htfmvuqra273gwinoky,0
did:plc:36az2bdvaennpifer5kk567x,0
did:plc:5yqvqwtglgefljliuko3icmb,0
did:plc:qteqxjfjmtxkg3uxqoitqgrm,0
did:plc:rej5liob3f4yy55zvadzwbie,0
did:plc:ivfkctdzxaqqrktijnyhsjpw,0
did:plc:p2ygpwluon3vrk5yecjq7wc5,0
did:plc:2wyqv44lm72vasmddeqjgy72,0
did:plc:7sqxds5qatwmzlqtffnpq6kc,0
did:plc:pnu5fnihakaioo5vtq4sowld,0
did:plc:ry2ztnho4t7eywfivg4gcq4p,0
did:plc:k6aqdpaarrwjjqwavkxsj4bk,1
did:plc:juj7pytzuc4urc6t5edbtjui,0
did:plc:fwn363udytelangjzeegde5l,0
did:plc:v753f3iplee4vxaqkyyrheqr,1
did:plc:pkgd6fhzuf6liu7jhplpgugt,0
did:plc:lg6iyxihz3qybpunswuxnliq,2
did:plc:kybgt4j3o7i7nd3aci7ldwfv,0
did:plc:gvnnsnxmmmbqnduybhxpc25o,0
did:plc:mm7qvcp2lcywrq3i2hm5mfeh,0
did:plc:pn4ftpu6gtqwa6dk4on54tfy,0
did:plc:fc2cn5ejooeutuipp67lfivr,1
did:plc:opkequ5hcicn7wec65fbsycy,6
did:plc:gx5u2sjrjjl6q5hc7fv3nq65,0
did:plc:tuo5ralk3ytqgc3mywwjut2c,1
did:plc:udqkxyak5gmhd3tfbrz4gx33,0
did:plc:ey5gqnzblu5quftdxgzbqwmu,0
did:plc:nsjn5q2m362opxzmw25gefm3,0
did:plc:co6gprrsdr4twqvtfspqrb4w,6
did:plc:ri3rrurfrxcmy7ijnx3sgtsi,0
did:plc:suu2q37pqmjceo4pk4yknhzl,0
did:plc:gbzmsoo2cnikna4qh3sevekj,0
did:plc:5xhcagvmef3rhqwkjyz4w6ii,0
did:plc:zqgjptoskgogwgqgnmcilshm,0
did:plc:y5jt5fbkuojlxabj2hzdfh5b,0
did:plc:opkiu5ace5sv53myr34ieqo3,0
did:plc:wrzn23zdlbtta7quksqgij25,7
did:plc:flp57eqcaaj54cj6zlyxceuz,0
did:plc:qetabbhpct5pm65oezogw5n7,4
did:plc:ticu5uat4ogkppot5hrfchas,2
did:plc:fugakmxeyamek7wvb73rakep,0
did:plc:wdpgupzzmwd4vkd7isl65n7x,1
did:plc:4c4p2737rx44p2iwh6f3rasf,0
did:plc:wploxznczlfwqfordwi5h35n,0
did:plc:ujtniae6x5rjrkylfq3guqmy,0
did:plc:ihzmkpdqffaqrpvyqvvdqdtl,0
did:plc:mnfwpeir5m4zam3j6gexhuhn,7
did:plc:atqi7ggvo5wu3tdpcw3p3gcx,0
did:plc:d7hjxayeuimbroyk3m37zp7u,0
did:plc:o2ybcr7axbrgpgjlztmsvnoh,0
did:plc:jlh3roypkkyxg7nmr7iw7564,0
did:plc:5jbj2wzit57tfjmmwocupfs7,0
did:plc:ui6xb2ratgomkn5famrwcirr,0
did:plc:w3zmyds4fghcpzdt3lkl3zoi,0
did:plc:viflamzasnec2prd3b7y2yg5,5
did:plc:xtbzy4f5n5qphlaefdjglhph,3
did:plc:7nesv7gigojvk5l2zmvizg7e,0
did:plc:7ws7vck4xhtrbiqpwjp3b5zh,3
did:plc:xqwd7wby57cvln5ilyl252yw,2
did:plc:3vgl5v4x5rqprhlau3cwoiup,0
did:plc:lwtyxcrq4k7csztdn46yuawo,0
did:plc:snaimevvfabka2y43dlxg6qw,0
did:plc:tnh2ybks6xu4ethrp5kjlhz5,0
did:plc:eryhawnypbe63pug5yn6aflw,3
did:plc:wyqdyepfyga45zxmumm3ptvl,0
did:plc:p6o6iafptzyd5xrljov7xkgu,0
did:plc:65stgfqee7qrc5dgjyp2uag6,0
did:plc:vighqu64ambyiytd646ig6s4,0
did:plc:6tcewvbl6hdofmdd6ogkd7yn,5
did:plc:iyw6e6ugwyafyvdsrcxbf7nd,0
did:plc:i7efrhw54ylaxavz7uovv73g,0
did:plc:6fcsufmcu7fm437g7nugx7yr,0
did:plc:fdw4n7ek46izhzgvr4tvmpv2,0
did:plc:izdo23j2fb75hmqqwetb7xcu,0
did:plc:4rpahs2pztgr6gsbskz57pee,2
did:plc:llm5iheegvekz2b5qqxmql6g,6
did:plc:j37zetcnytvnfjlk4ca3d2yv,0
did:plc:fcnjrngpya3mt32ijy7shwzk,3
did:plc:2b2gav45qwiqptgmhnksznmv,0
did:plc:ntpydjhdg4ngxuw2s5cbpci5,0
did:plc:ao32deakn3vbmhcmwwclfava,0
did:plc:zvsn4vkd6ggf7dlm2fefyuoi,0
did:plc:7l2inobmjf2wbdmx4m5xb6uk,0
did:plc:p53mcwfck4egchrq3b5354g3,5
did:plc:bfrwtfdoxx7sjxhfqlrkogux,0
did:plc:ehcw2amncpheb2tvltfuezjv,0
did:plc:v365wueokasel5wjypcewpct,0
did:plc:ahlustdhf5bmltpoznqxuwm2,0
did:plc:kzg46qdcyqjshm4jqfvub27u,7
did:plc:5acyhc6cma7blsg5l4cb7xir,0
did:plc:xxy2ya7qnmb5rcgd64pulujj,5
did:plc:6k6pg45weakgigpgfhgfom2y,0
did:plc:ojyqtc5mvomc4b7fvhifvrl5,1
did:plc:dgnvlsiinly3i2waxoltdbyl,0
did:plc:dutrstsadibjkwecjejfn3gl,0
did:plc:3mjokhl2lnoidjp7qhezri5z,1
did:plc:o6lyk4o4qf5vjvzkz23ntjy4,2
did:plc:brqu26ffjkshsh3hcocdpvlg,0
did:plc:ynl466oso2gbapbg72akhp4i,0
did:plc:bbucp3rectdar3jqlybipsso,3
did:plc:rtaznoorgjg2jyg3wur4dliq,0
did:plc:xjz67xyxxa2ksgwhijmgzn7u,0
did:plc:g5kuqlxmnpp2h4ex3jin3xem,0
did:plc:efxrnhiin53fvh2s2u4jh7zn,0
did:plc:daamk2n53oogleqqxycewjyf,0
did:plc:wzt3ejirk3rvz6t5f5plxt3x,0
did:plc:xw4wkrj7p6wzwy5q57uz3frx,0
did:plc:sc4k2u5ifo4kvmp4eqhbnghw,0
did:plc:x4lupxf6hngbgksrev3hmt22,6
did:plc:oz4veenpa53tflvykxwgf4mm,0
did:plc:zz3oo5tnjwae6hzem4sqb5jj,0
did:plc:nupxo4qfj6l2wtmfzwnokqwz,3
did:plc:lk47ldegdqfueguddn4fkb7y,0
did:plc:gq3yzw7g2mbvv4dn4wzlydky,0
did:plc:oeroapvw3rrhvsfxnag7yuo6,5
did:plc:26fm35kcavf4z67zrctf4gje,0
did:plc:cc2dcqbecyyxpg532atgo67f,0
did:plc:lcwkkzq4fykhvp5cfgf4qdcn,0
did:plc:66g2ucwuof2mpmwctsj7h4cn,0
did:plc:uzsafhforjrco656ujptanqq,0
did:plc:run4idk6yleysquux3rdmxpg,0
did:plc:zgkgoa6dzxjsqb6srxpzflfq,0
did:plc:zixrmtonbztuniykrzlm66o6,4
did:plc:vfgyrvj27ytokce7emfmmsxt,0
did:plc:dwiaefee3i5x5jrtqxunw4qi,0
did:plc:6dho34kcuy365c2kr44ubdew,2
did:plc:rcqlz5owgx72exsu6pjjklag,0
did:plc:gfizvml4ix6hulxwy2f6xnbg,0
did:plc:xo7u2y7p45daacgd45mqhhzk,0
did:plc:w2ny3odiwj4k3zvmk3xm2kfu,0
did:plc:54hq3wkeg437hsu6x5vc7t7y,0
did:plc:vn3p3ydk5zgywye3focmlf64,0
did:plc:6h67wyykh7ko6m7xwgwysz5j,0
did:plc:o75pnxuibtmmxr5mzhzvpu75,0
did:plc:igfh4uuo32yzaydpoawdqy2y,0
did:plc:zdxaz5xq7hq2ussqpas7zajp,0
did:plc:ywve7ewl536movjrgp7kwrad,0
did:plc:qga5xhqsujslfvhrjt5bqswp,1
did:plc:l7bhfs6qsxnflryx6ovxzegn,5
did:plc:zlwq3iguztk47w23gfvlnian,0
did:plc:dpdo5hwrbrglowyze27ze3s6,4
did:plc:fd572iftrmkwevmut55izp3b,0
did:plc:eivlsge4ug4jtvzsdftby3my,0
did:plc:bv5a6rkr2v733aoyqz332yyb,0
did:plc:6bfcw6ayatcag45xa5p44n3a,0
did:plc:7knaw72ydwbw4rd3fh2xzewa,0
did:plc:tpnvml4k22abwyk5plaxoeac,0
did:plc:3apvhoohsdqcng3teg5seuog,0
did:plc:wnq3pgtjja6zsxfh25zsrluw,0
did:plc:j4x3fidvz5ihqgmjxkuv3n2m,0
did:plc:luwdtb26l34hjt4x2rdeeshx,0
did:plc:xi6eg2cjzhlkpeae5ur3yiyp,0
did:plc:nsiwhfjivrxiiv7f5bioql5r,0
did:plc:fe4majld2kbcnh3enwdl7r4h,1
did:plc:m3gi6hjgxqul36y6j4bube2c,0
did:plc:r6faraincsggoqc4u5hwpxu5,0
did:plc:kdphmaoqeaouax2kis27556e,0
did:plc:jco3skohm5obtzrgtgjczwzv,2
did:plc:rh5vof3wruyeirxn7cjrkt3a,2
did:plc:tdtgjhcllowepsjpdraiv6xb,2
did:plc:z5ldxcwsis6grgfq2k2p2ffj,2
did:plc:l7q4lrri6bai3byoc5vmwr3x,2
did:plc:zvwp64j7pnsobppoiar7njkv,2
did:plc:k5wl6a57ibgs4sa7dslhcx5x,2
did:plc:ie4rsvqejhten2do7srvlpnx,3
did:plc:j7k4mpwlt5k2zbbaolno7cay,2
did:plc:ne4plcvyt4nzxanqs25gkw3h,0
did:plc:vpymr6yzc4drwait5ozrbxy3,3
did:plc:6cphi2ao4lz5jgvihu3jtwqj,3
did:plc:gpf3gor4hx6i6fulyihat7fe,3
did:plc:zkghlnzemqotu5cbcgrza53t,3
did:plc:5qpdan3ypim3se2n7nodh66o,2
did:plc:goptv64iex6c37drd2zmc4yb,2
did:plc:frwe5uzojkfqojiergpc24v4,2
did:plc:l2avu4v54ve3civsgov4a7w7,3
did:plc:lqfs64uy642mnubkj5hzasxk,2
did:plc:ixapt4k5ltsyk7f3o4rawi2p,3
did:plc:ilm5egdrwgimkb3hm27h75aa,2
did:plc:qy22rhhfotdmtn6ejabm2uyi,3
did:plc:23enez4ahgzq2ljhmlpieegy,3
did:plc:ey3mlnbzdobeud35uhhlu5ej,3
did:plc:exya26azlcncjnfha7usgtnx,2
did:plc:b52gywe2bm5gl3bsz2byui66,2
did:plc:uffgjkxxzncyqv5qelk344wr,2
did:plc:5yo32fcalvhfrtpmqkehb6xb,3
did:plc:3pu3zpfz3g3jdw6vrgwkwcsd,2
did:plc:pzjjmymj2twtsme6q7n3dbjc,2
did:plc:lpt6modzrh56367hvdum3o2y,3
did:plc:ufucbzmw3eirqmkqnp2dyb4c,2
did:plc:7t7phwu6jap3qtzaizzsaisw,5
did:plc:g2vtsh23ffit37a6lh6g76ur,2
did:plc:j4wg2tayfvc5n56nwcom5dyy,3
did:plc:atg5ilwedhtldrmmcelxroic,2
did:plc:cszhr46pgq7o4cwpay4tktke,2
did:plc:5xapb4b3xqou5fllt5hcnn7a,2
did:plc:3wgox63fq6oab3iabj7hzy2b,2
did:plc:bqua2klhrnddcdnpnsypwzyk,2
did:plc:7leczzsiq6xhw7na4o4bg74m,2
did:plc:paabahiddozcdzwonzeyaagn,3
did:plc:kabd346qwuommb4aytv4lea5,5
did:plc:t2q2atsnynjyahndt3vnfhpx,3
did:plc:p4lepu5dhjdcnlalhdluv6gr,3
did:plc:a2ty2rzpueffydnpds2gbaqh,2
did:plc:uuqr5avne7tgrnuouo2rgrv5,2
did:plc:ndvpcvlwp76izagvmltnevtq,2
did:plc:t3ej6g3pu6jitiuphvti2ok3,3
did:plc:ofgk42q6tdgb6na636qbtoos,3
did:plc:4lnidmx6ar45jkhzbps4vq6d,3
did:plc:oy6cdwiznnc3mvhvdnfrntn5,2
did:plc:dn6fixr3gc5fqz6uqotfmesh,2
did:plc:sgz45iygjfhf2rld5fazbsl7,2
did:plc:g3vifkmlu64o2zh7uzojrqfv,2
did:plc:cwcrlt7pzdklnqlr2n3a6xrv,2
did:plc:w4slklczcas7su7ruup7amaj,2
did:plc:7i54wo53i672rus46ehevyfi,2
did:plc:klvxublldtv3ikecvksm4spn,2
did:plc:jcqc3phsghlsptbiehskalnw,2
did:plc:bug57faqqvt3zrub2epbbs33,2
did:plc:2vf6rrzvpcvjsv2o2dtnxj5i,2
did:plc:egwrn76kkplxdikfesfnqzwp,2
did:plc:2gcfihqepnrpv4in5mxuwqzd,2
did:plc:oibdpvu753xzou2hmeb6yvxb,5
did:plc:te7q37iq3z627wauxqatcmst,2
did:plc:ijitw6leczycrawrfqjuknzd,2
did:plc:lz3bw4koq7xzfrti3w6pnnhr,2
did:plc:przkt3rr7wwj2dbck3qkwghh,2
did:plc:vsdphh6x2tvqde7ltpag2u6c,2
did:plc:qpttpsjqsbkl57ccujlag4iv,2
did:plc:fp7rvnlrztu7prv4be4grhrz,2
did:plc:q6b5i3ijyikshhsxp3rgcqey,2
did:plc:iiep67ma3ev7h7m5mh5hf7w6,2
did:plc:fdjqy2tdbcvcoqhksnrv76dp,2
did:plc:reguxtw6kgl2sinropsxqzm5,2
did:plc:uthjxxxugprfja7drxhy5bmi,2
did:plc:dwl5lz2poe2oaozuxtrluyu5,2
did:plc:p6paezycgbdbjiucdbm4wooc,2
did:plc:jml27euhh77nk34ki4zktza2,2
did:plc:br5mta7unh2hnl3boqwga72c,2
did:plc:jikts6gfe2anv25vlc5mxoqx,2
did:plc:hgm4dodsmmwh3agqgax5we56,2
did:plc:6qjdbu7rsmvch75afl7jxyyq,2
did:plc:4cqq5co4htty3tuhvsobksf4,2
did:plc:haxwrcft7uuz4sg5z6hw7s3k,2
did:plc:oa7mmuxscrlskpk5oklubfj5,2
did:plc:tqswfkcs4yqhclgqlrnpn7so,2
did:plc:g2yux5pnf6wydwxtwu3jlccw,2
did:plc:zc6wmtiu7bxpjhgv7ll5op4x,2
did:plc:igbpow37vpzcquprjxuf6b7x,2
did:plc:46joj7cygtz4i3rorluwfeas,2
did:plc:huripxbfyxlzftvgnr3jom3k,2
did:plc:z57g2adcqjv7i3omrxdgti5x,2
did:plc:rrwcqiput4gkte63cklxwznc,2
did:plc:yexjojf2xm76fmm5bg6me4xs,2
did:plc:youcyviemd2d5orccyuhf77d,2
did:plc:5wux75pusga4oipmonyhityi,2
did:plc:klshtktj4f4xwwddbxnn6uvj,3
did:plc:xqp2jryop6kf2nxkfmxczf4c,2
did:plc:rmfkayph2mqpkwr5vm7ryhsw,2
did:plc:euvqod5apzjvltd7mdne65fb,2
did:plc:trrswdvdiocaqqf44kr7nrw7,2
did:plc:p7v6zjau2sb5trs3iyvnmwkc,2
did:plc:6ohbvvxv4exafoqqp7tync5e,6
did:plc:qtpix4gl7vnsxcdnpyl3sl4c,6
did:plc:dqmjeo4r35hdtgijmgu2gaoq,2
did:plc:555yjybnywozaft7td2euvzu,2
did:plc:5hxigxiwipbsyckp72otwyb2,2
did:plc:6ibjqishaentuj6beryedrcg,2
did:plc:qnoarfjpqzz6ef4pmtazzpue,2
did:plc:wrqme7evniju66ky5iytx5iz,2
did:plc:xmxa33ineo2m23hofye42yxy,2
did:plc:q54ddamulbkyhrdtcmcjnmca,2
did:plc:q2bqyvbk7upbst3xsqw4qamy,0
did:plc:rhzrilbemgfa34y24dvst3ck,2
did:plc:etoqmayovs2b6v33rhe5omkh,0
did:plc:mns4lhv37yhcnmfemjqohyuq,0
did:plc:om5jwmk7mogwvxjtjhzardjh,0
did:plc:zznhmehk2mcqik5vgbza2hrf,5
did:plc:mxuokp4zrrmewbebac6ehyth,0
did:plc:uq56gmm5wrfisopzekitzyx6,0
did:plc:7lajh3ucwlzhtu4vxtzcdohw,0
did:plc:3v5voitvsmmfaqxwmzd3dc7i,0
did:plc:gx2tqjzd77any5pmdsfzjpss,0
did:plc:sf4ttavevkrwf4foixs7totg,0
did:plc:frnash4fleux4zv2p4vq3aqh,0
did:plc:xkth3fnfp437u3ea5pa533mr,3
did:plc:j6evfih2t7bj2hv5nzocjnpz,0
did:plc:x7tfi2jwtwcgz5w75dv632yl,0
did:plc:s2cxzytzjhq4vob4mfdnlpxi,0
did:plc:qy23cajjlqnqrpwb7twtq3p3,0
did:plc:6vblwh2edno4ayc2mku72r7e,0
did:plc:4ezciqhryg6v63cx2cr4ijzb,0
did:plc:isp7lxnrq63myssuuhlq5532,0
did:plc:axao46iu64ihkcwe6fsgxdjk,0
did:plc:4oljt7zac5vxv2phaveoctqn,0
did:plc:u3fglscqjcexrgdiabu6nbmd,0
did:plc:rw5zuld6iqncatci4iru32os,0
did:plc:c4c7vp3pfkw4q6xufyweu4ub,0
did:plc:ztw4pvfuewijgu7a3jigqyjc,0
did:plc:kdf4vqikzjlgoynov3nvpee4,0
did:plc:45na76ditdr6rjqlv7zxgohu,0
did:plc:amp57iowkpfmf33lhi2qoty7,0
did:plc:tnjz67gugrhmoportlofs6vi,0
did:plc:zowla2dz5oft6ixu2p55bii5,3
did:plc:jkggyh7n5obwcknvbjrlv5c6,0
did:plc:a7n77xlexbgxtdq75uwwxtvr,4
did:plc:72ltzpnrmcs6mifa5ftgsqeu,0
did:plc:ksjfbda7262bbqmuoly54lww,0
did:plc:d2htgql5upinkdqnxx5utoti,0
did:plc:4abml3cc7kuqm55uztzoywrm,0
did:plc:xhzl5eufd64tdiqqzjl62qqj,0
did:plc:4pc2fcyedrojhd6zpmf7h7h3,0
did:plc:xau2dbuexavsjc2xfz43a3sa,0
did:plc:65mfsqwtdyequhhc4wumh6tl,0
did:plc:ish7bdsaxjkg5k5jxtvpb7ot,0
did:plc:27ovyakfahyrvm247jsfdkon,0
did:plc:vkzzd4nawmyeshavyq72jjot,0
did:plc:rlyvwvt4aajmyoytujno2qs2,4
did:plc:ynb5mi4c2ualp4htuu6ljxwr,4
did:plc:zxa7hbqxx6ruebg4hfcvdovd,4
did:plc:fplubp2ixtpawfjgultgorwj,4
did:plc:5tsbffd2vlirrxw6z5xi3pi2,4
did:plc:tvimvnkcq5a5bfd2b5sa4mvp,4
did:plc:gve44bkdrziru366v5x3hmzp,4
did:plc:5lp7wdjf4bptfgibrcvpz7tl,4
did:plc:mq3mdfuytizxdnefopd6wseq,4
did:plc:zci7emkxsedyw3ity7danebt,4
did:plc:467yv6yl5uzczte5boexn54i,4
did:plc:jm2d3kvrht75iy24rcwksm7m,4
did:plc:3yecd37u7q7restrrqywzead,4
did:plc:mqczrvos33r7l2n7kr4jcdlb,4
did:plc:b7k74tqegokxcikpq76owt5u,6
did:plc:f35z6zpyquiaple24dcqqe7c,6
did:plc:fd3bpnlxcfybzfpeg2unkxyp,6
did:plc:4tde4a4lfyplicedtp2bunc4,6
did:plc:l7xrodjpszvm4eat65g3x3m6,4
did:plc:6fr6ntvgj744s5n2a3etv4yo,1
did:plc:qx22bxvoien66aj4zddqsvo7,4
did:plc:esk4l33ivqdvxf44turbgerv,6
did:plc:dwulj5nplitkwg3la3ummpcl,6
did:plc:xs4jcik7wheslitisfy2br4p,4
did:plc:bvllzaqhyr42n4u55i6rwjzb,1
did:plc:5s6qgbabl7apoxjvuqnaa7xl,1
did:plc:jww7dvwuntahqjwucllvjprk,1
did:plc:un6t37pvxampunzueqm5t3in,0
did:plc:6iz62zjyaw4b4srk6pw2kxys,1
did:plc:fegevbekjdil5npki3sqwm5d,1
did:plc:xjequrztqsunl63zn5lsvcbe,1
did:plc:72cwpy7tyum46zeozoo3zzxj,1
did:plc:jtff6xsgv56ousxvlrvnag5m,1
did:plc:xjevoy5mpf7wevuokp6a6bax,1
did:plc:kbe3eo2duycmmfqutyamo7ms,1
did:plc:7uinut6nh2dh76wo63m4kwxf,1
did:plc:mch7zzhji5igz5f5psppe6ab,4
did:plc:mkg5emfu3m4uyd2ahpy27h4e,4
did:plc:6mcx666wrybwph2fcy62o35b,4
did:plc:mdzkjwsrngb7qo6i2n75zyfc,4
did:plc:dkjgbqef3jy6wudxhckwhoh6,1
did:plc:npvupk22ceofa5dkpyr22gfp,1
did:plc:g63usd33ymsc7unnzeegbm5r,1
did:plc:azdqsr7mzppkm3ztj7b6qfj4,4
did:plc:lhzgjftxk2hz3keg6au7wlbp,4
did:plc:lcoplampsyahuxujwx5yppwd,1
did:plc:il4lcu6y3cdwhv6zm2lyumom,1
did:plc:p3kyqgmslbqsdhmxk4gablaq,1
did:plc:ae6nw2rswkycenaeyar5zr3n,1
did:plc:kqyjgitm3hzj7ku2xgr5e3km,1
did:plc:6mlzun4abz6enupqfrrd5dfu,1
did:plc:fp7dpgtiu3iwylqmxyiutcjc,1
did:plc:s5d6a3almze7bfgkqz7x7hes,1
did:plc:kdno7ckuqdfsv7rchuckybom,1
did:plc:s5f5sxubdef7phf2rdc4n27o,1
did:plc:n4iaz22wra3tvjvoyw7uhymu,1
did:plc:4sd7oustdcipz5hcgjxdyg5u,4
did:plc:wghjpt4nfsd2fhfafeh2bdna,1
did:plc:uxuosgtlra4cvspedtzcprn3,4
did:plc:ur4chy5hn2da3wdpbacrzb3f,1
did:plc:dohqd6otgzpykmbyxurqcx72,1
did:plc:2fci2ux6iecm27nnu34xsrho,1
did:plc:r3ofkrrgllrfpxi7cclipvan,1
did:plc:5ermudos5bfv4zwzr7fn4pxy,1
did:plc:vzjlnsfcizexwqhf6aewb6mk,1
did:plc:fpscczi35ndvk3zwrsrrpfh6,1
did:plc:kimlun5ygnbtof7uozq22veg,1
did:plc:2uj6opnr4lftfpatxglevc4h,1
did:plc:bu47eghiuo372amvkuudh3lq,1
did:plc:u7ejggyyws6fofsmyux4m5ho,1
did:plc:mond7uplaxdeiwnovka4nq64,6
did:plc:wg35huxnxo624qw2ihwa7fmj,1
did:plc:rnwoqxn3rf6ffpdyuk4kxnvj,1
did:plc:ly2hvicahwsghgmxi6yl2e2w,1
did:plc:73b5a76eavodimlczqe6vwq2,1
did:plc:x24pe22ofljsjhkylqajei3a,1
did:plc:6wq7f4734a5azwyq66og2zgb,1
did:plc:xsxrmiitkgymdyhxkldv7kue,1
did:plc:n4sss6gpa25h2rir7szae2bq,1
did:plc:dvqrv64pkrgg3xncnshb6ujl,1
did:plc:3letu26xdbqd4zallztv4cbo,4
did:plc:2fqrrmcalzqczksl2u7cbo3z,4
did:plc:vtulckfwhlh3ndn4iqfcg3an,4
did:plc:cyljzptixmnnexmrppxxzzpp,4
did:plc:yvmzudifclqllgamkkmnbp7d,4
did:plc:zayf4ykgbwml2ii6letv7wyp,4
did:plc:lwr2y5biemdo6g4mnbkvhoc6,4
did:plc:w3zqdxobh7oaty5cizi4stzo,4
did:plc:a4t74c2oz5nc7rkrswagh2tg,4
did:plc:5uqnbj6jfq4h43ufqix2vki2,4
did:plc:msjp43uqi6bgsiq7uv56ayae,4
did:plc:wep6jvj33swubumorkvjbqlw,4
did:plc:uxmk43vchdeaefs2g2b2yejt,5
did:plc:jnjfz3fo3iuhof5xxwbadwjh,5
did:plc:6ow7jdf3f5p7in2zjriwwze2,5
did:plc:rctchh2meq4mzjeupnshdacm,5
did:plc:zwvegbj2z3zxil2227pltqp3,5
did:plc:kugxzv2vbv6xkjwjorepgzm4,3
did:plc:6anf3ktigo56f5lm3injkjcs,5
did:plc:x7eiuploejudlmqumfypp2fy,5
did:plc:btpjxjgxpzku7ym4jezxfnpg,5
did:plc:rmu5wgd2bkypgqj7jihxtjqw,5
did:plc:cgxljk2p2l5wjm4mnxg45ivl,5
did:plc:umk2oldyollvd36kigzjq6xu,5
did:plc:uyz2nub5eqxnhskzt6sadw7k,5
did:plc:vu6doukjgljkyhq24tss4iug,5
did:plc:q6a7wd3la3n3izr4reyn2q5y,5
did:plc:wbymcm7rr7x6jhj6iqlz36s2,5
did:plc:244g6cxfdpxcius6r45p4m24,5
did:plc:fycs36dowdnn2u4gphssvszt,5
did:plc:fu53cruvawx7u2ta56eprof2,5
did:plc:woaomfm5srgrmw5bm23mzp5a,5
did:plc:u4n2msosstrogvy7zbxkdgw3,5
did:plc:3mocfhyir42rx7tetq25a4gz,5
did:plc:ueeroclykrcspmgvjkslky6k,5
did:plc:jyjqcbt63uoovmrn5awgufib,5
did:plc:jpu3ufaskncfvah2jxl3pfh5,5
did:plc:ssd4262ys7ejtfcomy6ayo57,5
did:plc:k4z6s2hql75rrvv3mhmik3nl,5
did:plc:ofsgcnepaqsb2ytv4gfecgs3,5
did:plc:tthjux536oqc57qsnamdakzw,5
did:plc:k4phphhmvgwnslkd7z5vp5zt,5
did:plc:jadaesg7sb5qqoyexu7fxtyk,5
did:plc:6bfpsftfc27tukayz6hsgk7p,5
did:plc:pj2xmamw2zw6ruyk2pi6afmk,5
did:plc:46dnml5zk4vdayctr2sbwuk3,5
did:plc:r5yb2p6wlgdtyubnqe42vh2k,5
did:plc:x2cypba755vxn7ssrqbhfjab,5
did:plc:fnsdqe7t6oezau4rloyxnv4q,2
did:plc:covwrdd73pa65q63mz2akvzz,5
did:plc:p75mfre7tiwvcpzefudniabk,5
did:plc:e2jltu3ksz2jhkwi74ntxkix,5
did:plc:hgr7o7rinxrwf6alamrqti4h,5
did:plc:d6lelye4iz5uq6w7mtytqr5q,5
did:plc:izeasuicxruxolp44mmwiw7v,5
did:plc:fjln77f66znys3mbh6st3fhk,4
did:plc:3jomyuid2ohv43m2gate5h4k,2
did:plc:h7p2smbyfobkpcs7dbgvhmeh,2
did:plc:kk6ztlsaka6mdlpursuwd4yt,5
did:plc:ei55r5wcyyjjm2enxthduf4p,5
did:plc:vqs225hr64cjo5ookixhdqwr,0
did:plc:4iyn4vqz4af3mllhw6z4l6ap,5
did:plc:shooehqi3i45iusncreed5dx,6
did:plc:ouiyzkxbxochd4zdp3qhu66z,2
did:plc:jdkidgpdxi5hfz5i6aoys5pq,4
did:plc:7cobiu2xs5b2cjkiaujrmmdw,5
did:plc:6eln62ykiyitz66243cp4soo,2
did:plc:xvikkiy4gg5r6fp7p3h53gtx,3
did:plc:56hsqifm2ft7ql6slwcq5tix,5
did:plc:pqq6kxnbocjzr74d25nbhqe7,3
did:plc:tstxnfctymdtdisuincn75ki,5
did:plc:ola5mw3bktwbt75u3t5euxn5,2
did:plc:uyydbjp4bwskpjkao4cj4tro,0
did:plc:esmiuxk53vmsllayghrq676w,0
did:plc:5vwtyzhuiv5j6zmzf4tudhyu,5
did:plc:p4v5jzafdybegni5qipeoejl,5
did:plc:kdox4xswipv3r6mj6rzae54m,5
did:plc:gach437ebdeabknghhwubemh,5
did:plc:vlo3poqcxygry27gs4kikopx,3
did:plc:cpcrno5vsyeqxletrl6dpjse,0
did:plc:h75mgf6fcqn26kqzxfhzd2bd,3
did:plc:ouyulh753iskgpqaustjkwc4,5
did:plc:t6dp6ylqrhn2qn53d6lem4xx,4
did:plc:i5437r7wd26ehwmu6usipiqq,5
did:plc:v7hx2sodu5ufomwjwtudml7q,5
did:plc:uglgian5i4jxl2vukoz2tnyl,5
did:plc:mkrvmb5nkkarnvlgzqavbpim,3
did:plc:frbahf4ulxhnpispiml6ggqc,5
did:plc:4ssmqz4v6n2swskpl6gyunev,3
did:plc:iyvtlbz3kvv6bvrgtct4wjna,2
did:plc:wv6qfbepjy55kfzwgxcehkyv,2
did:plc:hur4bow3ucatbtgvsor4c3wl,4
did:plc:546hcfpi4agq772f6q6lbuch,0
did:plc:tktlg2jjejndyna72vmav5xr,0
did:plc:gc27tem33n2wcm4h34mz4hgz,0
did:plc:ivdi2bkorynmqxsfctxowtd4,0
did:plc:lrm7yyzvyrcmebms6g3e3ggw,0
did:plc:gexi27c4c6eg3nguykdqydxw,0
did:plc:wgnmxebg45mwjx5jtr2rm2o2,0
did:plc:tfsefp5skxsk2s53jz55juv2,0
did:plc:v2mhyvdrpjsvnuaqaojkgfop,0
did:plc:sr3cp7q3p7zrnb6r276syycf,0
did:plc:cspelc65cipae27svgptjvio,0
did:plc:4dgnxskrhxcuarkyb4wk5tfd,0
did:plc:6xcqsnllix7ieg7lziuxttqm,0
did:plc:czn4ttldyxjqp3gkt5sv47pu,0
did:plc:7siq4fad6bal3625hutmhxgw,0
did:plc:fbz7i453xrgy6adswhzs72vq,0
did:plc:74zycyzzi7wg26nudctnc55p,0
did:plc:ghz2shm6kq3zxtisxrkgcmwc,0
did:plc:o4ej2n6h4fmlwqpevo544ill,0
did:plc:vh5s3ow54rqyssbkqdywjjvu,0
did:plc:b3fc47wi2e22sbkkjvjd6pgn,6
did:plc:ui34uvixpgphzwhvnloamxl2,0
did:plc:5v2dih6vrgbwcregngr2ecz4,0
did:plc:473qw2gxgapdzmtjkyaxlsea,0
did:plc:kfejnqjpa66ioofvqdlq4c6j,0
did:plc:wufpjs6oxgot2dg4d5a25vjv,0
did:plc:47qqjakhk5tmvfqkavo7cl7g,0
did:plc:cmvc2f5b5fou3ijbgagiovlj,0
did:plc:jjsfhqeyp75qwsf7uucb44g4,6
did:plc:xgkr6rl3xvo7kncvva45qgwh,0
did:plc:c3sbbxgfvnnuxc44sfqfknpq,6
did:plc:ib424s3ojadjrqdsvlmxrf2u,5
did:plc:i3x4eudjskw7pyedgv7fjhcg,0
did:plc:7ilbinxqfu3hqqgshw7yenxf,0
did:plc:nvtu3vbuqysltcg5rvpxp43z,0
did:plc:wxa6hoxm7sypaom7lhjdzlgp,5
did:plc:yvxjs7m6ppwv3le33pz2yikh,0
did:plc:a7p2yxpa5sn7jioqelknnovm,3
did:plc:phwwuv23nkoni2dxzncu2v4b,0
did:plc:v2zxpfs4ifxf5fypg5gx62hk,0
did:plc:yavc5qini4tzpkl3lvdfxlvy,0
did:plc:cew2lctd2l4rumyaim5vhjno,0
did:plc:djyp22y7yk23z6d733axvsqw,0
did:plc:abfjxvcxyh3tz7djttejlm6b,0
did:plc:rtc75jv64klvmnziu4uubmvt,7
did:plc:kfd5xarwjc5cppmo7fwnvyus,7
did:plc:4r6utvvtneqvydihehdagbzf,3
did:plc:aazr4yvclru7lvn23cqx2sbf,0
did:plc:pdvwucfzhg64litm3ohtjgzr,6
did:plc:ryttne4qf33n4oq7btxjchmb,0
did:plc:2c4hmyxdfk4aky3jeoulhog5,0
did:plc:evppgbxuhhx3gygvvqc2g5f4,0
did:plc:2uyqmprf6vevzhmyy3kqkr7n,0
did:plc:2mpndi3qhexg5azmyrjtvvou,0
did:plc:7bdyw3t7ynnirri4m3dr3bjm,0
did:plc:lr4qow732jt5j2jvu5raund3,0
did:plc:tdque7aiu4isr7w2ykaxmidz,0
did:plc:hhvbw6hunshxml4nt32kg4oz,5
did:plc:627r27mbqfcr3ajzctpfs4gw,0
did:plc:jpbbx5n6ofeej6yuggiasryc,0
did:plc:b76nvufvuzxti7w55ww5htkt,0
did:plc:uo6kxvtcbdt5iedwkirmi47h,0
did:plc:kok4aqdr3qnsj6ktfkq76kqz,0
did:plc:luwrq3qkiwxawlunomrceuqd,0
did:plc:aafrnm5yuiacldy7pzp6novs,6
did:plc:b3bpvrk5op2tu7jfed5qy2w4,0
did:plc:pnwvkmpj6nu5efensgqmnujd,2
did:plc:ucx32ki6vzoot7nfagr4v44y,0
did:plc:stq25ubsjfpk7khvtyukdunx,0
did:plc:io4jklnedwnkiz2xmivne3vr,0
did:plc:kfpgwwl6ec7atvbawnakzagx,0
did:plc:jaxd2tw3lntnmkjphpctv5jj,0
did:plc:pnrccijh4cp2ve5y6qn3xyyw,0
did:plc:ttebidte4rmpqvqc5rgpjsa6,0
did:plc:hmetzirg2oh4ud33tt53dhel,0
did:plc:fstdj63irs7n67d7xxsf2liv,0
did:plc:aq4f4q6x7hmcn6oiu3wspw43,0
did:plc:fleuu4f2k2aa5uusrt2hwjyg,0
did:plc:euse37k3nivs5n2cq4xa3zwd,0
did:plc:cnctga32h5lb2w5ouynwacdn,6
did:plc:hw524peh3xp3iezxydjh664d,6
did:plc:chm6zc5wlau43zewkb4ftzuf,0
did:plc:tcmny44il37v7sppxsdemnm3,0
did:plc:uoqgkywdxyzj6x7m6itwo5q3,6
did:plc:hbnkdbybhjdsykirp5vsszel,0
did:plc:vztgtyyp4lhhqmto6fdc6dde,0
did:plc:nzt5u3zcl4xrwbudvjyevqb4,4
did:plc:aiw7ay5m2ynjgxi25xkcen7r,1
did:plc:gzzj7ga34fza4spjgaelmcm3,1
did:plc:dubwarl4mcc5akhyto2bl7uz,0
did:plc:53ll4pdz463gn7fgzhtvglpx,3
did:plc:cj4eokryzj6as3qtlm7nxzgs,3
did:plc:jmndpi5iyt3aj6s6ku5mtn5b,6
did:plc:pplnqvn2ltsxownyxwqnfwiu,1
did:plc:7uifemwwxy56kh5b6v5z5q5r,0
did:plc:mabenmudaq72xzvc443f5ein,0
did:plc:v6l5qjbmfcbynkydtoaagrbj,0
did:plc:secazgvqc5lifgkjlwckynoq,6
did:plc:u3f62hvuxln5gcucu6wf75pd,0
did:plc:y4yks2ezubh3gxauq6brnitu,0
did:plc:ld324bs3zekxrjiv5hcowoct,0
did:plc:fjrrpagbimlcabhl2nry3ooq,0
did:plc:jwyf4colvth5esmht7lwmtgr,6
did:plc:imww647tphvtjxjvuugwimdk,0
did:plc:pbf3bkdpy3kmc3z6if6gy2yv,0
did:plc:kziymcqjxs5e4fsv3i42otgj,0
did:plc:4hbaloadnchqc3zlmtss44q7,6
did:plc:a6rdueolzgxg7ycx3ww2yify,0
did:plc:cqspprdohonuhm7hx3xrzbk2,3
did:plc:2u3qdh7lrmsigdwtezkhkbjv,7
did:plc:7yjy6n7hjoouu3idnx4zjzgm,5
did:plc:tl5lynvt5bau5boh52sbgnd3,7
did:plc:tguis3xeiwx537ejqgpie7fk,1
did:plc:zegruaxktukmkmymr7jwvd7y,6
did:plc:xeolf7npf5myvmqvrfzoerdy,6
did:plc:ufcgpstf4habbx2emgr6grc5,0
did:plc:7xhhsn7qqscna2xuijfv5xzi,8
did:plc:add2c5b7cmkibesfmzraregh,0
did:plc:b6g45thfcrtecalx2ipen6up,0
did:plc:mol4fvkutegffj2oe3usn3oi,0
did:plc:qbwwwf75e5rsp2u3wb5rwetu,0
did:plc:jyhqagxaeaizq4qjmvvcnhuy,0
did:plc:zge7drs74fydhgfzhwjqg3jo,6
did:plc:4jnnwduuahcjt4x5dkwjwgt3,0
did:plc:pumichsnwjcmrihgbz47u7vt,0
did:plc:qrp4cypji5lt4k3rr2yee5qb,0
did:plc:54dixrvkvhxjs3n4zcyxrlrn,0
did:plc:j6cedh4ssokfnpfsm64ok7s6,1
did:plc:q7hkuhd2xyehi4ltopjnnl6p,1
did:plc:xma4sr26vptiylutc2ywmn7g,1
did:plc:zip3cngqyxs4o7ch7z43jwqr,1
did:plc:6igyllqug5tvklzsh4mookla,1
did:plc:v47j2z45igqljr3pnd2uzxkn,1
did:plc:xxvemrs3cjfilku7k47h3j7c,1
did:plc:uyx2xpk7rl6wi2cavbagunzr,1
did:plc:nznk5fos7pwkisviubhgwmhu,1
did:plc:mpck3sbvn44dhea5od6fyxxu,1
did:plc:w4ixebqlvte6vyo225tljtmk,0
did:plc:svzxi5tc4fzxusxrvbgikbty,0
did:plc:dps5knuqjkybgklyaixbptsq,0
did:plc:oaektkwkglhxs2zlts4nzuvr,0
did:plc:kqyvj2cqp5so4h5yi3kfsg2b,0
did:plc:i2vrf732zey3qd3eq3vqkie2,0
did:plc:hy4kwkakey4eawsw6jjzoc3j,0
did:plc:lihw4huhnze7ddbaragqajsp,0
did:plc:aunpu65mdrhwfie7ynymlzeh,0
did:plc:zeunvi7geiekey6ru2u6kyaz,0
did:plc:sdfhzkjavqo5ifiofn4uafrb,0
did:plc:qwww2a2nlaw2jwb25bh5vo6n,0
did:plc:7sfnardo5xxznxc6esxc5ooe,0
did:plc:6j3pievmgejaw7mihzffeap4,0
did:plc:alhv6cq23lxwyoa3nmtl4vky,0
did:plc:cuowqu3bimpxo4plxd4pg3eh,5
did:plc:2vtbmhmrwzbqcfv4we4uxzzt,0
did:plc:o47m2tapdigvkrb6cc46awi6,0
did:plc:ch4rt33v2exah7iw3entsz75,0
did:plc:7tyhlziszrunowfvarla52va,0
did:plc:egu4ffq43hudoiwpfttx2eif,0
did:plc:sp4ywsk4ykfkw2cshoqo3s7p,0
did:plc:5vake3jq6c27ytc52m5rpwv5,0
did:plc:fvwtf55iqiihc7ct543i2p6u,0
did:plc:uk62jqyggwt4hyhrnzka34wm,0
did:plc:drfb2pdjlnsqkfgsoellcahm,0
did:plc:rcbtnmlk2la67bm4po65oe23,0
did:plc:q2l4ty6zzbq6j5z4jxd6pi2p,0
did:plc:cnna5treomvepq6nrbvtlhv3,0
did:plc:dvg2f2abnjz3igabhwm45q7p,0
did:plc:ytftbcb536hltk5wwnscnc54,5
did:plc:s4jimks5tarftst32n2aqbdn,5
did:plc:umkdmppnmbfkz65p3xdwxyjc,0
did:plc:3dcj7f5lnwteo7kd6dxh2scd,0
did:plc:bjjfwpjjph5zwq5dqf4qvryp,0
did:plc:oelcxwbdftro6f347llglhph,0
did:plc:pjx5q7ozubiuiefbscaivmvj,0
did:plc:shnvkdyh3evgxmaz5oitgu7j,0
did:plc:463vcutqbuzw5sslew6etgw6,5
did:plc:vfi6sxemds6g566bicidcdol,5
did:plc:wzwyaud6is3mowppydr4aw2i,0
did:plc:b66wz2pe2kc72jyhq5m7kjlt,5
did:plc:7a6eqoyhbtmkhqphfesjybq3,0
did:plc:fy7a2rca7zptcrcf25npgd5a,2
did:plc:m6roln25j3pism3gxyzrhuu7,5
did:plc:hy3k6xbb2nsiofbxl4o5rnrp,0
did:plc:lamqurteodwnlu3l6s3m3h6o,0
did:plc:42hra5aefoooifqcbcszdfy5,0
did:plc:mp3pgesbwcx2ma4kvcyuhjuq,5
did:plc:vmn2imictcecekcmthrujgru,0
did:plc:ra2m2ydyw2z7dzcjzkvcvjgf,0
did:plc:4r5ncoisv6bhl6m6bawah25y,5
did:plc:knm2m7mv5sias5pm6xqgnypc,0
did:plc:mlan7kocyn37uzb25btjt2cc,0
did:plc:ynsfvg5ta3ntixkd4kvkel6r,0
did:plc:ubcq5likhnvm4xfrpv7g4xbw,0
did:plc:pbxrcg4lvcb4oo4tlaygrae7,0
did:plc:xdkk5vnskoixcu7c3tt6xqdk,4
did:plc:pnzevke3foxh35nvcnj4bffe,0
did:plc:naz2ffbjcdewnmqqntf56hb5,5
did:plc:qw55ym7axdmmzuw4q2qyxpq7,0
did:plc:n5onosnzkkkpf5yxqlmfkp2y,8
did:plc:66gasdszg6oztw57g26epz2u,0
did:plc:ttb26ton6qdc6tshjoo37xzb,0
did:plc:abzsqukwyahkxbifihi6rn43,0
did:plc:bgp6kjvgfmtpdkvwjksahsag,0
did:plc:dimb5lnf4t4twpdslqbc7ryk,5
did:plc:vtwtqppbl5okihqyvebvvqm6,3
did:plc:6b4t4sztwseedw46cuhchm6b,0
did:plc:4wtld6v5l2fe6ozpy6skh4ny,0
did:plc:ewgfvda6gys2rnz55aqlvdkt,0
did:plc:fo6ocwfzguqs6tpogmrwpljc,5
did:plc:5x23lphexynrrkqlnikuj55z,0
did:plc:427byf5a42udtjumwjwz5sey,0
did:plc:2yy6bm62c7ctxq64vuwczle2,5
did:plc:gxbyqfuj4abwak2z5sylpids,0
did:plc:uszrmhdrgnmhpm7fjasbrmrb,0
did:plc:fsydqgfg2b7rrcwype5ggaij,0
did:plc:t5eubisva56wptsne4eyru2z,6
did:plc:o47ywp2eqvu3yjwi2gp6bvf3,7
did:plc:yjip5dbpbs7owqfcpbs7gqam,5
did:plc:w266kxhqdlj6tv3yoyoe5wum,0
did:plc:uj2g526vwfe3qnpuskjexeyp,0
did:plc:wzq7kse2heau44b4fpnj23vb,0
did:plc:audx5fxcy7xjonbpa65mpjtl,0
did:plc:lfh257uunobxuo5ojurqbpxs,0
did:plc:cnmvgzs6mfxlcok2vbt2qkbm,5
did:plc:4llvubr3xu7svtqckhgm2wct,3
did:plc:ewsz7atf44jgzmzumurcfib4,0
did:plc:gwefpwbi2mge4mqpjrwv3fow,0
did:plc:qiotvrtcrqlcpk3ejv26lj6w,0
did:plc:iuhcpdsxgdkm3iz2a6p4lz22,0
did:plc:3w4moutzpzuyzdxsl6m3gmrd,0
did:plc:h46otso76rwtri22fppxytaz,5
did:plc:vnklpnbhbyc26bz5bizmz5cc,5
did:plc:w7z7vx3hpdt577cpmdiwyhtz,0
did:plc:nxyxmrcutoeawk4tcc5nf767,5
did:plc:4u3dvqvnwmihw56tiufz3knt,1
did:plc:qfyvn37tkklkbn2txz464buw,0
did:plc:5ej42i6f3gkj75b4ck3wujud,6
did:plc:yxxzo5xnkqwhjfjzrxnyruy5,3
did:plc:gx2yai6xb6uczl7eyvbmqap2,6
did:plc:afkh2ekv6owxo4xdoygwyoby,4
did:plc:y3u3tz5nvuj4usgyptbdcy6x,6
did:plc:uav4nnv2kq4glz4uig2y4y2n,6
did:plc:i5ntemho7gr4ingi57m3bpen,6
did:plc:azeq3svglimu5ldhag4fha2i,6
did:plc:mwejmk2i2qdfwdv3lcx3jjfd,6
did:plc:fukey2sryiz53sqvu2wiuba6,6
did:plc:damqbvmin47phbeyjjcmuvoz,6
did:plc:orheoydriue245jjocfrfdey,4
did:plc:dprp24bqqfr6dfmyf3dumj64,6
did:plc:4u5vtpltamcxt5oqpjvy5xtr,1
did:plc:4hnd4pqrsjo3oyqckvri2tse,1
did:plc:frdidw5g2dfgmvc7ya3mfc4p,2
did:plc:r2p5dwnu4g6mkjvswpw7jri7,1
did:plc:i2dbrjlg7xwc7lvbq63wqfuj,1
did:plc:kxdj5kurjhhjlgphzgliadwf,1
did:plc:rlihonu2dzw3ybtpajf53j5u,0
did:plc:qkfr5ioweycx433nx77x5kop,0
did:plc:bj6a7q7sbqu2vil6bviysjgg,0
did:plc:awviwrysi2zrc2q2loo53ck4,1
did:plc:jbtw3djzn4vyeg6afvtr3ba5,1
did:plc:nw5hcptnfb5iczkpk3jc3nth,0
did:plc:avtgggryiqtjlg5wwsufccua,0
did:plc:vdbynqe375jwmdtfw3foh4kd,1
did:plc:vmjk6qz7zei43jpnguoepz3b,0
did:plc:767ycrlfjmddxgnxsylkfbrd,0
did:plc:vpdyb3fhp2xuienf265odi3n,0
did:plc:uz26ermyb2wu7rtythrcjc2v,1
did:plc:is55vslfp2gr5shgevaxzgqd,1
did:plc:s56x2jo2ii7s3zti6mto3sgo,1
did:plc:qm7uqfxfvtlr2c54rolynbe3,0
did:plc:moq7ffrln34fdh2crgro7nl2,0
did:plc:q6at5lbkcj6pvec3azath2v6,1
did:plc:dy5j223edplxkzwhlkgfmcxg,1
did:plc:mlyrwjymm5gssmnndekgb2qg,1
did:plc:o22eep2qouoaxeoyz2ixglsz,1
did:plc:bobrqhgk3ekd6vpmiinfttlo,1
did:plc:4atfkc4atu3evkfzklm42562,6
did:plc:vkizonz765xkq3ov5s6q7vm6,0
did:plc:eops5tgeoy3hlq2fuqkjmdl4,1
did:plc:igg2pfr55kwkfwo2chbeqjy3,1
did:plc:riyjry3d4gqogbgse6u24mcu,0
did:plc:z233fl2onqt7wbjkolynhsi3,0
did:plc:omwy5o45srwqlgj65adjoooz,5
did:plc:hntzfv7uiuk3zoeoonqvo3tu,3
did:plc:ad3lurwoafwon4ccsdodjtkl,0
did:plc:snh27hmiil3pnct6rwf7y3am,0
did:plc:4aa2mtfyjewhfg7uinr7hti4,6
did:plc:asn4xeafib67rwbaak2tnjuk,1
did:plc:s7ocs6z6rlgza62z5hhe47km,0
did:plc:qu5u32mm3vetl7hxtdktb4za,0
did:plc:mohen43fazdwgm3jwxw7d4lh,7
did:plc:kkebbf7nqd43ozzmaf46rfke,0
did:plc:m52czdgn43hqqylkdhrwxs5e,0
did:plc:tgw3d4hvw3x5ijrxax7lg26u,0
did:plc:mb6ri4gkwnb4by53phskk6qa,0
did:plc:bnlepk6cx5bvevfdcjdvpxvi,1
did:plc:h4vpbi6dibe4sblwutp6ezo2,3
did:plc:himpzr3ipzva3w6agcql7mp4,6
did:plc:jiactobr6fsb2tz27kocljju,0
did:plc:zqjl36khne6765ssivwrigco,0
did:plc:4a73qfvx6sghtb55ovend6wm,0
did:plc:e7qyf2qa6ldb5gjlqza5zbtj,0
did:plc:yatb2t26fw7u3c7qcacq7rje,0
did:plc:lnpkal7sd5de347mulhp3wfh,0
did:plc:6ig2knrel7np3ow4t6mbmtym,0
did:plc:5yla72xe6uil7epj4jbye3uc,0
did:plc:mf5dzzqkp7fnmby6blfeljwj,0
did:plc:3g2sry6ys6lgpum2nv7lffqu,0
did:plc:4apcm2pinrv5ia2kz7ssexo4,0
did:plc:xqroftjlkjq74wa6x4bqw6gf,0
did:plc:aqpvflircvnqh5k677b5du5u,0
did:plc:4cxgud2oat7vrjm2q755u5zk,7
did:plc:ictolg64q3b5a36toicamx3a,0
did:plc:p2znlbnolcy5irpajd6dcbsl,0
did:plc:wnbsadjdrjatx5jldsagzs6e,0
did:plc:xz5ouv6kjzm76azcmci4xlir,1
did:plc:h2x5johbhzni5blpyphzaee4,7
did:plc:bvj5zu75daz5bd7ro6yauhlm,0
did:plc:ogvu6o7cfqm2srs2e5wrdqzv,0
did:plc:ehwhe6fxqfl4gwe7ax2yi7yb,8
did:plc:5bjgpzuih6nm6x7fpcys7igk,3
did:plc:5blrrzktebvkslsnxwlicxji,0
did:plc:jkhpl2sopajgb2knpwyefhwt,0
did:plc:xaxn2dos7jtwwal5n3e52mcg,0
did:plc:ferj52fwjeka23qsfpno7mqs,0
did:plc:vljnlfn4taxqaipr3tvov3wf,0
did:plc:rp73cgeuqorqb5doocwmm7bx,7
did:plc:xtqogi7ai26upegxhcdk7r5o,0
did:plc:6jxbu6o7mkzbpfuijsqydbxy,0
did:plc:w5rfgtg7dairgjkmq7bfjw22,0
did:plc:kigy63eju7lwgv35yiaftmnv,6
did:plc:npm5lbiv52x3ylb5sruc67g4,7
did:plc:657pbcoy6jax4ictugz66iqy,0
did:plc:zzhcemt2n5ljzgkt6r3vxrbw,0
did:plc:z2iqahfphta5aegpvylud3hb,0
did:plc:thlot34urffsqfvbpxntiwc6,0
did:plc:vugpea2rqykzjwtwueuvjgex,1
did:plc:r4xseeh5ftiamnkfioybmyxp,0
did:plc:c5pgebskvz35wxtkopm7osm5,3
did:plc:4o7gu25nbkgoejlw3hcixboc,0
did:plc:ttj6pxep7s2ucn6z4ndf3dca,0
did:plc:cshhkih4hiipbfdujyusroes,0
did:plc:57k57qgyj34okw3rjdxcvso3,0
did:plc:eronyhtcn3eycaxa4k2i4xtf,0
did:plc:c3myfgw7nic5huyp7hubujdt,0
did:plc:lvetja7ntlaodeofnhex2ozq,0
did:plc:s5br5iqnzmjvbihs2u7koyjo,7
did:plc:45eqguplwx4gegzy3eorhoq6,0
did:plc:krmpsrjtpau5n5uxvs5mcq7k,7
did:plc:dgr2pn5bayjuh2c45pwzv32c,0
did:plc:2knhqda3picfxqj7fpaa25kf,3
did:plc:dhslp7awbcjvy5qowpfjfqyp,0
did:plc:2rb5beslqvpe65ih5263pjew,0
did:plc:zbyq2btt5pypqbyhq74a3o2h,0
did:plc:nsty33lsy4afh23rokvvygvo,0
did:plc:bcx3qtt3yi7i5jhcufvw2lvm,1
did:plc:2vptxuojvyrt2wpj2lpdyfxx,0
did:plc:ctqobfzplqompe7iwakmmwsz,0
did:plc:zp5u3bvx7sqbkvivjtp6yjna,0
did:plc:3v6qnh3o5mreg4kjk3744npa,3
did:plc:b74e3fdqe26mv2hizwmjs67l,3
did:plc:owwmbwjss7gg6mf72c6o2kyo,3
did:plc:deyvl4xcfygrqrskzcke2ozs,1
did:plc:cg4swykvgp3sgaw2l227jhyz,0
did:plc:jbhj5ol5wizphulra3kmq6kp,0
did:plc:chvwpwlbfofjbxlynd3dhzab,5
did:plc:mq7p5caewh7qghl4sitb4wrm,5
did:plc:4ppjjgnfhrddmaanq6gvngp7,6
did:plc:vpkhqolt662uhesyj6nxm7ys,0
did:plc:5bsmlj5ckp5tyurii5mnbasz,5
did:plc:bwmxi4cmh5sqq5a766ifbfex,5
did:plc:7z4ltizautaw5i2sknpx47st,0
did:plc:yoztypui4q3vinkdyulz3cf3,0
did:plc:2s743rljnomi64nub4v4bpcp,5
did:plc:tdftchgsibivslpuvnd4sj5a,3
did:plc:7mcbbdb3jouqoydgtaozwlwr,5
did:plc:agmlihmgzjn4y4yzupwc7rv6,5
did:plc:44b5u35ozfocrnqzge5xsohp,5
did:plc:25gzzpljcolck6a2midntwiu,5
did:plc:mg42ivfrmvzgg6ohhgnch6hm,5
did:plc:7tu7fogvqyfp3khzxyq7xolv,5
did:plc:537zh424p4tsonk7kaow6m2w,5
did:plc:5nk4mh5mlj47nl6bc3ohlvmh,5
did:plc:xjx3japfgo75owsujoe3j44a,5
did:plc:ock3unhkdft2onxyqjkwucgg,5
did:plc:nitmwaazsntjkoqgr5fygfk6,5
did:plc:2h7m2pmlm4foweae4sdxrkmo,2
did:plc:zftdtgdlqqs25nulxsqy32zl,7
did:plc:svandyfjxz2o5z44lqsyaq26,7
did:plc:ujgkbzg32wes3ejai34csvds,2
did:plc:i4ocm5npoxqbl77gpjyz4wpk,5
did:plc:4nftgjp7frmm7jzr6zfcqllg,5
did:plc:iqosltz2pxtsw4jsnor57xsy,5
did:plc:6jgo2d7ipmbju4noa6xk24xw,5
did:plc:qaplq32besjtqlwifcgdy2ws,5
did:plc:x2wnpvk24hszi6ur7j5awwd5,5
did:plc:zdqvxfrx3lklvuvofhy4bfuw,5
did:plc:xsj6iobofo2zxkeogzvrf5yl,5
did:plc:uyhcaj4vxbsrdts5p27yacih,5
did:plc:pkqkmvwzixoxg7auoyjaioxf,5
did:plc:z6jwiqspx3vsttfude2rf5se,5
did:plc:yso27qcc6vjhg4e2zud2qu7s,0
did:plc:tcnl3lteuyjseti66zxsbuda,5
did:plc:iw5gnd64wesztei32ufjyff7,5
did:plc:zteh7gwpazxw437tf3if5uhc,5
did:plc:sr7gktoswdiw4bawp26xfrdx,3
did:plc:dljig2ylkvz27yopye5r5qam,3
did:plc:7eolti2jt6slmgrpelo4t6xm,3
did:plc:orz3ptjcdxxnjt4qkkxvck7o,3
did:plc:qtfeviyy3itfvty2m3prekyt,3
did:plc:fue45t6dfdusd6y4zy56ab65,3
did:plc:36j3gbimr4r5rxalnenfvr2u,3
did:plc:rngufswleptbcwkphw7limaa,3
did:plc:yq24zdh6nnnplhrraq6thk53,3
did:plc:ob5gyks5ynmaxqvguksxsj3m,3
did:plc:znm5c73gwfavv6oohgyffnq7,3
did:plc:gjkshod3igesm5f2r3ghnc5b,3
did:plc:xh5wvllt3dxt4ijsf5cyexix,3
did:plc:t5xmf33p5kqgkbznx22p7d7g,0
did:plc:woguanxjwrm7yjapgt5avd2p,0
did:plc:x7ajfd6mhrii5axlx254vmol,0
did:plc:sova4nkq6tdg3nfllxbnagsg,0
did:plc:gfk2bbvvis26inro73taws7q,0
did:plc:aixj65vnqpllcjnc4ante42b,3
did:plc:rd5uprufian6n66726xbxd5w,6
did:plc:maiw2rfujepnphhrejytvuu5,0
did:plc:3t37x6vfigdzzp2gjcfnzlz4,0
did:plc:c2mjfv2a7judclufinscuyid,3
did:plc:pv7fudnt4dspurzdnyq73pfe,0
did:plc:ihmutm466mt4erq6ecm6lgau,6
did:plc:55oel3xwaeqcqojw4ahpmwui,3
did:plc:f5azbajpc6ymlu5r6fbrrd3h,0
did:plc:w3ttd4w65cyppc5h6bwdshl4,5
did:plc:vszw3ess46odfhnzdsy4huae,0
did:plc:uqrng3jvztdp5xhengot5vhy,0
did:plc:dsxewietk5tigqvn6daod2l6,3
did:plc:owb4emnft4wrolxfmqm5q4tg,2
did:plc:7tvm57k4xqvgr4vgs4353kok,3
did:plc:7tsk24pit2zr2y37gymhspxh,2
did:plc:5t5g4zki76auoldxeo7wkfxt,2
did:plc:mml7iyrgii3zxyvlf43a7to3,0
did:plc:vgrsdhan5nlybjc2xr646wza,3
did:plc:pclwf6nooal2jua4se3fxr24,3
did:plc:emm26nxpk3io5vvwfxma2yxz,3
did:plc:diyrqhzxoxaufne2myjmw5te,3
did:plc:bamq3rjep6nezfbpatcaxoga,2
did:plc:hhdnmtg5j7yocehqlmcgwxvc,2
did:plc:fwq4rtckjqpqwffji5rrq4ja,2
did:plc:4ukss6526aqby24q5w2yds76,3
did:plc:dpgtuy5vtitbaayhzhe4mctb,3
did:plc:kianwjfna4gsfx6gbxa4fwli,2
did:plc:ip77gdd52pubnvxvzrfqdd2w,2
did:plc:laz6q7orgxhg4iwcr35xfzqy,3
did:plc:jbu62p2segkzvnuk3e4h5ga7,2
did:plc:ayoll3ww3v3zgh6m6damfaaf,0
did:plc:23e6dsev72e5hvxzi2c7tvyz,3
did:plc:ue3uzykdw3aufu2cz44tyzzo,2
did:plc:xjrrexzrqfkys3cd72chvpn2,0
did:plc:esj3q4bnh4tjslypk5d5nlhp,0
did:plc:j275frovnzdo7zddd6c4yqtz,0
did:plc:vt5phj3wqqekckllbfuxdul3,3
did:plc:sbunhp43ursnnxovo72j6rhp,0
did:plc:gvzkdtsyo6acyy6vfnr7kexq,0
did:plc:65krso44il64qt7a4khzt5dm,0
did:plc:5wpykwxhkk4gt7a456j6txyh,0
did:plc:uvsjy3h5xcmmkicegq5aift4,0
did:plc:dhhntzlgd3yw4hftmrpmuliw,0
did:plc:cb2t6utvtvfhpzp3fbneyhou,0
did:plc:ryyyuw2uf7mba2stfqwo335n,0
did:plc:vkg7u4jz7nhy6qlzhgw4mt7c,0
did:plc:hhjdetcsmmwxu3klwsinnhn7,0
did:plc:4d2snfeymcblmvoaxvgfs7i6,0
did:plc:efxbtouacf2s2pzcvuv47ns2,0
did:plc:qyhkpmqrr4h3euha4uq4ilwx,0
did:plc:cxkx7sju3qju4qktqufxqgvd,0
did:plc:ioygz7vvlq6moft4jqlvs3wx,0
did:plc:yff5ggkkflt2ajjpe7cdwhyx,0
did:plc:lz42fpjurzku66nwzjhw4k2h,0
did:plc:dhiy6v6qenzhgp4kbnqazimc,0
did:plc:yqdnezjhxgolijelop3qv6y7,0
did:plc:g5njswl7edfrcdde7l3udalu,0
did:plc:gzk3hom34w5wne2t4jjv72ob,0
did:plc:324h6okgt5poqbgzpmk4lpej,0
did:plc:tacppoymf4enx46ntn2m6fa2,0
did:plc:cjdjs5slsbiaq4mxb6o3zdjp,0
did:plc:iljlapdwojqwh3w6h5u5xup3,0
did:plc:ocq546pjpdmtdeiqzoawhzid,0
did:plc:e6ewzleebkdi2y2bxhjxoknt,3
did:plc:zbw5pfzgadtwynpjx7weoqsh,3
did:plc:y64e6ppkzxt2s66oxf6edko4,3
did:plc:tf4r43pbwkgr7mnfduvpahgm,0
did:plc:tz73l5ahy5cyexlkm5mvl7zi,3
did:plc:4uxkj4km7gifvjdddekt5akf,0
did:plc:bonqz5lj7yhma3qreje72s25,5
did:plc:whucaade2z7mpi3caeku243m,2
did:plc:kx7owegmpvtkgmpdcs42j7ua,0
did:plc:t6jlkgvjd6avxwztrv4nkhab,3
did:plc:wveubgd4bq6l3kz7jgchtnqq,0
did:plc:zehd7si3ipmvfvmyuvq53gti,0
did:plc:kj4sqsm5hwuzfao2dqnnfu3w,3
did:plc:f55tkj4pljggz6xnjingcfra,3
did:plc:2w6kzlt2ypgwrl6wrwj52t7n,3
did:plc:tmclxozyb3anks7zzf5gmd6f,3
did:plc:5aurgt6qibp6cgykalp55wai,0
did:plc:escvmfmt7j4xyuizpp67gbu4,4
did:plc:doaumqnw7joxmu4kuabfoabt,4
did:plc:goqnthjzpuuqc762ajlagdwd,2
did:plc:hekyusaswxjduxulan7jvz6j,4
did:plc:xnhbifcilcbhz44ml6q3zmze,0
did:plc:tb4eqsvbvqhtfeafosfmevub,6
did:plc:5ofbcsv232rb74bae7uscdy4,0
did:plc:6e5qibknbdgepgpocxheupwn,0
did:plc:veyi25vmx6vsxuidww3pn7jc,0
did:plc:nco5iyuk5726eauqhdzvavkt,4
did:plc:w6tfkgfuabjb6632rsna7kr2,2
did:plc:mjwzosfo6fzhi62j3342a57e,6
did:plc:s2smwhesj2mox6vw4xplospg,1
did:plc:bp5g2op5regojfqqv42wqnpm,1
did:plc:j4c3ggmewdctahujm3hgn5iy,6
did:plc:5jewtobl3twykx3n7iihg4qo,6
did:plc:46bzxkruazmucp5dtsaoaap3,1
did:plc:wfovpxilrfvxvyecoguoza3y,0
did:plc:lcasho5tppt3344gdjzb6ibb,1
did:plc:v5lizqe2hp7y2hiwwsudhrzn,1
did:plc:5iqolbqavirlxztkerzqktcn,1
did:plc:jz2oxxbfscup5fqx6o72bvsj,4
did:plc:lvncz65h4bbirvveca34vaab,1
did:plc:lieoend477zz2rusv477siyt,1
did:plc:gsjg5ymc2m6pgid2x7ma3euq,1
did:plc:7emfm7iddtd346j5ppjwxeip,1
did:plc:5qh7rvbkjfkodcafoclnfrvf,1
did:plc:cye7fkwmifo6cjw6kqweyof2,6
did:plc:iqcyflkt2gun674dnbssobt6,1
did:plc:n4o7gzsvqf4ervewcv447e75,6
did:plc:3qqr5irf7l7hnkb2ofudt6db,6
did:plc:qug73pmhgxnzojzr5jf4lgf7,1
did:plc:bm4upzqaqygqeluts5xsbpk6,1
did:plc:peh7wn4xwucyqes5gxkfgyeh,1
did:plc:tptrjthjlg2i7qbaij74luki,1
did:plc:e7nifb4uq4qzulm5wweno5nh,0
did:plc:py6s37hoclzqrzzuhx4ri7qu,1
did:plc:cxzzh5btd7uzosxtz2g57chz,1
did:plc:b36zyh6ugd4eyfwmrcort6cg,0
did:plc:5p7rcpyktkbl7lj6buxchjdf,7
did:plc:hoy5j4olsvqet7bzodj7hyjs,1
did:plc:hkplsobkrafp5heo32ir7ndo,1
did:plc:txpfhwbfbsnht6uyoj7tbkvc,1
did:plc:d5m7lcgxeewq6nzvii7sjrnc,2
did:plc:uns6ggxgfmdbw3ow2uxahgmf,1
did:plc:wwjumemcfirhaoaplab6xap7,1
did:plc:ukwpmxrglutvhoa5r2lcffbs,1
did:plc:pc2pklzbc2u5v3qsrc2se5kk,0
did:plc:4rtzfrmaakjgomo2cfi374bp,1
did:plc:hazbmcdeilqxenkv54fdbx24,0
did:plc:o5b3lfhcn47e2zfri7kldczs,0
did:plc:ukhaigpilraq5laa2pdmrwph,0
did:plc:n4m5dtamqihrcaknbt7e5dgr,3
did:plc:r7n3pkzz4esdjj6vjigfmz4s,6
did:plc:oxbbquhatfiptthyvulr27iy,3
did:plc:fdckeb54dn2wh5rwysla7aqc,3
did:plc:rbamsrq5xdc25fdrmiicvi3f,3
did:plc:2tt6dl3e5xovlcf2tzhzzy3m,3
did:plc:6ccaryqnlmhze3du4cwhktey,3
did:plc:ecg6xi5wymsghbfhgh6aw7ga,3
did:plc:bx7fyvlwosshgwcnvsyznrwe,3
did:plc:tiigom2z6lcqsibxsgjdfea4,3
did:plc:yeavive7jarpabaavtss64w5,1
did:plc:telraubco3huvuk2rlmfnhj7,1
did:plc:bpj7lpviozi4zlmrhl5mlmfs,1
did:plc:xs4iamrezoc5q7p5ei6lrgnn,0
did:plc:q4f24oj6hbup4d3szcepfrbo,2
did:plc:ieakyvetqy25a4vd6mj6vh73,4
did:plc:k7ygebj55lp2tm5hai4eiqb5,4
did:plc:b6oxx2ptij2znhzrcxtuczrr,2
did:plc:xcyh42ahz54lixarf6kkkkpq,3
did:plc:uix427yvnel4nqrtp3xk6dkd,3
did:plc:py6gohr25fa2w3c7muipdv7k,3
did:plc:qe3jmcvoedtbopfexfpxvq2w,3
did:plc:6sj334v3lfd3ceqmcnzvhoug,3
did:plc:6kxh6rckh5sva2a5nvwgw2hh,3
did:plc:junvp66aalu7pivrpwecsd3i,3
did:plc:a4itvergr5n6fcsc73cr2wor,2
did:plc:th6lt4tkqcqlyc32etjbetiw,2
did:plc:fhppxov7dlc6bqocnb5z6fna,3
did:plc:7guyffszioq5xx3qbecftvfk,3
did:plc:2izih7qslmact6egc4ci6erm,3
did:plc:axk3u5hg4hmi3kkoj3s7zm5z,3
did:plc:ghv6ujo3z67vpe6ggfr6goc4,3
did:plc:izhtes2kljzlvy6zyzt5i6ts,1
did:plc:sbsaez35t4t6dakb5gmmctru,3
did:plc:thn65yzogscrhqmqdf3zp66j,3
did:plc:k3zqstrgbq2i6r2hgr7zrjtp,5
did:plc:56m2uyw5xg5un2sxnta5fqup,5
did:plc:cxoboepzyndkcffg7zuquavv,3
did:plc:dxjcszxgojvofkv3x6l3q6jd,3
did:plc:rqrpwnljwl6lngkloaxga75z,1
did:plc:cundctwtbtvwbk7drmgenmgq,3
did:plc:bkzaj3yeibxw5j33nvx4myzh,3
did:plc:u4we45hc7jwummt4vm6qeomt,3
did:plc:co5gai4elpj7e5lt7bc6hgor,1
did:plc:2vjak2r3o7gsbcfvxbnm4wvf,1
did:plc:sktqvm6ewv6zx5pr5gpc6tus,3
did:plc:phqg5pcdl3zxmpmxshqnnntn,3
did:plc:e5yna6cmvlsyrbc7ehtunvwc,3
did:plc:r4indfi63uuss4vfbzf3pzvc,3
did:plc:bz2ugujcnhhh7kv2klbkl6r7,3
did:plc:mx5zngabfdcttygcekqcbrek,3
did:plc:rmggdzbjeh4s4f6o7rmoubq2,3
did:plc:wdqckmcucszvidoyr435qu5x,3
did:plc:fypic56bsigxiwxkrzcgcoxy,3
did:plc:luqpl2exjy6psvzj6uggup6a,3
did:plc:fwtez4posjjwgdzwgsadstcp,1
did:plc:zlluaahvxtwukzkuikc25z53,1
did:plc:o3vabq2mcbzg54o364id2pf4,3
did:plc:m3wfn422ylo5y653kwjuw7p2,3
did:plc:pwe2dtc5dtq527q6oupo3psz,3
did:plc:djvwcpwiljpme2lwlkbcghxo,3
did:plc:laamp7b4zvwtkfpaadw3re26,3
did:plc:2rfysqdpped6afgmwusvmnhu,3
did:plc:ulzcclwao5lw3khjwqzdxqdx,3
did:plc:rlc2nd2mxtwqujrp7urvkolc,3
did:plc:u6wgxw7r7hvwdgxfi55tmowd,3
did:plc:annmqsso5dg57hrz5jaxhri4,3
did:plc:vyxkeofv54y2mbdw3fyuximm,1
did:plc:jpr6nh7mab3oucmjvdewexcc,5
did:plc:ytp5tjyifctp7ewazhdasteb,0
did:plc:3s2wzh6rigbduzysn3erus5m,0
did:plc:5xd4ip4p6ldt6q3aevmzr6sh,0
did:plc:6f7plytcmswrztdd2sumj7ss,4
did:plc:v47tk5ko37dqvynhvg3mzdsj,0
did:plc:qmxbkqua7ngunkh4tmvuk6t4,0
did:plc:lchtzxjvnlfwtc6bpommtw5n,0
did:plc:ik7illfujrxs6xvp2q3lvhzk,3
did:plc:kdgb7vl5p72iqm5sjxf6fr6u,1
did:plc:khyjdo6rbnzrxnutqvt7ezoi,0
did:plc:h7q75dz47mu5afoo5mkcixsl,0
did:plc:w66lumfnm2xrkakmncwm7g2h,0
did:plc:cvzeznn7vqel2l4ktmg53pyl,2
did:plc:np6adkmewsob6kgxd6ftvtlr,0
did:plc:oye4s3uwmxclsoenofcyq4dd,3
did:plc:anb2ho5zedku66bkefzrqaeq,0
did:plc:m2lm7hztvmrjtyroejo6tsqk,2
did:plc:ov4xpcgf3n4mbilsuwwutnxp,6
did:plc:2n7w7ixc3zm4lz7bsimgrkta,6
did:plc:mokdroldpq3b2b6grcsfnsxd,0
did:plc:awtonwo522vfo5smszwj6muj,0
did:plc:ez34ylchjkkclia4uuxivzkp,1
did:plc:jaccz4xnrdm3nmt77rppduf2,6
did:plc:i5ieqzzezb2rajivkrtralb3,0
did:plc:sjkompvfvwran6rnkv7agasa,6
did:plc:hzcyxwsrsq4o4hg6j4semqig,0
did:plc:pharhndvghl7gjlcsnzrepb3,0
did:plc:xjqsiyvkuqiriaslmukiykp2,0
did:plc:pwxb6edrpipmghi3zqvehdzf,0
did:plc:6ceihit7gnpg6ie74uhks4sw,5
did:plc:nrgji4p53rmejmojzuxftozz,0
did:plc:mmfkgsftpcxvgotovucu7tqe,0
did:plc:uvqzxw2z57rc7mzjtl7fmnxh,0
did:plc:zjzxrudfv32pts6liiahdqe6,0
did:plc:mxj2ntlegwgyawc3fiazijzx,0
did:plc:fftn3jt5ouxf74hphobjdv2a,0
did:plc:bzxbgtybz2h5untckchdlocr,2
did:plc:wkbkbdjwaz6qhqycp3ouzgt2,3
did:plc:7pmafltn6pgl6qy5mpr4jo6f,0
did:plc:lz5wlisx5cj2cbp6cwbhdwal,6
did:plc:mprhgmbsuzvyyramojiahfih,2
did:plc:i32tilxokex3cpuj6jc6ygb5,3
did:plc:ejewc4y7vvsbig3yszf2vrek,3
did:plc:awpngfjplfcxfkdqoau7puvw,3
did:plc:nrxyaywrpjus47mb46tieyln,3
did:plc:vqq3eb5i3pjkh4zlp4j46v24,3
did:plc:vo6ndfh7qqxsg6nkz26dmrsq,3
did:plc:27sia2eym5lf7nh54iyyhb5x,3
did:plc:bio4zgmje6qfo7lwwdge37xx,3
did:plc:dw2wdzfinnzn3uzr5jnawwhw,3
did:plc:kf7xrcveixz3q7vlk3r2wxpw,5
did:plc:dbql72mcwxrsoigmindhhvwb,5
did:plc:obzgiyh5vnhtwrtewot77mi4,3
did:plc:kkgx5hekcugniwdmhisqj5gz,5
did:plc:u6u7n3swplvmomxc2pcijf5o,5
did:plc:bcnugw2qsbpjl5hyuvdurx6t,5
did:plc:j6qux3qiohbjz4jxq4kvfcr3,3
did:plc:btuqjrilfffatbvck7xaaasn,3
did:plc:keltvhi4btf5dcwg2qvp3qyu,3
did:plc:pltfyyhhuab2fqqs6eu2num7,3
did:plc:xtcl2bf5cslspstu2cynj355,3
did:plc:xwpapeentoankvx5z34hdbs6,3
did:plc:rtf3bjc3w2yn4syxtm4r7jt2,0
did:plc:k4rydealm6xmyqhqhlcmmxfg,3
did:plc:3z4v3yvoiv5337uyvvda45d5,3
did:plc:lhwo2h3yurfhh5ofrl2a4nwf,3
did:plc:thitw6jbr2fcetcdubtgcsvj,3
did:plc:eiiabnh7l5sbswml5kqvzybs,3
did:plc:lvtlq4arps2khcpfjtlmjcvm,3
did:plc:anl6skoguwdx4d7dicaoshae,3
did:plc:zo2terbpa7rckjw74ul46j3u,3
did:plc:7by2lsli67vhzbt2t3fo6xan,3
did:plc:iukzqhazgtp4mp2lfbitdtuz,3
did:plc:33ieaned7xdijudn4olv6whh,3
did:plc:ttcq7jwajmvax7v2kuq3vgij,3
did:plc:znzm74bvyf5igbc2pue3hbqn,0
did:plc:khnt6jhv5arc63wvjzembo47,0
did:plc:vmspyn5p7pgrhkr6uswbinae,3
did:plc:mnzcdg3z76xdme7xau3e464o,3
did:plc:bujvfkcoon2bgmf7o7epjq55,3
did:plc:zthjy3v4bvzqok4mgfgv3jca,3
did:plc:tgab7njqo7cdh4sbhtj52ftz,3
did:plc:hnlkil4ehrr65qrjzhdvjuwp,3
did:plc:476r4keq6jj7tiy4bp64uj6e,3
did:plc:s2u4vmfjivcluuctf3yyzoml,1
did:plc:s6ghl5q5djxtaqx635coxzaq,3
did:plc:a53qbluxwbsvt2xn6juxkaeo,3
did:plc:vas7fpuhfyyvxao3wtpj5afs,1
did:plc:lpyfnxdej7eo6665yvmbvvne,2
did:plc:iw547qf3tqg3nlrzrkprzqpt,3
did:plc:bsoz5wjgcxjouhtn6be3eiek,3
did:plc:c2y4b5psjegarex5leybzsi2,5
did:plc:r4jk32pybm5zaoxeknp5t7da,3
did:plc:em4l6umld7u5gflugf3mk3ys,7
did:plc:hjhoxpx4fjehtlcgrmxnf3kn,3
did:plc:24obmct5kjc6za5qkgnsquin,1
did:plc:5r5oqanxoor4g5dmjbg6kltk,3
did:plc:ker5j4znnlhlfczqs55bx3bf,3
did:plc:4yovbaqeaaatsmvt3uwdq2bw,0
did:plc:z5pxuiispc5yacvofktometn,0
did:plc:a6aqudkeatdhdd72kznz5jz3,0
did:plc:234pduyachcmu6i3m4url4wy,0
did:plc:wwiikm77cjmgpjn7i7iao43p,0
did:plc:ozjtqqab26axmvi3rygbtw6y,0
did:plc:uqcoweznlflfemkdxmwx5fqv,0
did:plc:uvhtqlf2lnpxilszteynolpt,0
did:plc:xzdh4uhh5ygt2djcxodxltc2,0
did:plc:mk4dqv5xj7xbuhkptcozwv66,0
did:plc:njz5aoizj6i37irqxl2hzqlk,1
did:plc:w526pzm4jwfymrig4bthel5f,4
did:plc:chmj4254symdp274ug46ru55,6
did:plc:7poy3sefntb4tqwiehayiwft,0
did:plc:uatn62npxglok2mlbhuism2e,0
did:plc:ohlag5y7qde2grghar76kvyp,0
did:plc:wzzo43pjne7o7irlimljpmow,0
did:plc:5tpzxot6376arrg3wtt6q3th,0
did:plc:c7kaewvlnptr5sfbj7hmkcnj,6
did:plc:7dakehkq7zdjtwgsbh3medpj,0
did:plc:yc6yzyvpqfvoy7du2xkqmehi,5
did:plc:gd6awih24ycngvv3yxk2x7u2,0
did:plc:e5tpuleqbitliydj7npaotqg,0
did:plc:agiex7zg5lulytsxulmalrgz,0
did:plc:jjq37jze7ynm7uzalnrk5au5,0
did:plc:yylw5bh6huzmtsyjdyxpxkzk,0
did:plc:sguaikukuxa4guhjwfvpjwmb,0
did:plc:sivo2cn3vdjpt7ny2myjmbfr,0
did:plc:5xvzqjemnigo6c7pcmazg5w7,0
did:plc:dkwqqg4x5wonavxgq5y7c5vj,1
did:plc:yqlywhvtvav6h6nvmbm23qbi,0
did:plc:hmpywdrszq4ven4pavxjnme2,0
did:plc:we2cg67ujqcjgmdr27qly6mr,0
did:plc:nchapqrqunftqm76t7oy53ts,0
did:plc:h7qgnwrxcll33cej7c4opu6n,6
did:plc:poqlq7rhcesi7htx4brbzzxm,0
did:plc:oz4w2owxx3odh7qydghhiayi,6
did:plc:w6c2pvjqyckbpcesgvse66r6,4
did:plc:oywrlvfz7r6xosgcftzj3kci,0
did:plc:7d6mqqbcrtoreg7fcgtaiklu,0
did:plc:laz4zuxcenfovfg6ijo6kxzw,0
did:plc:j3tpb4iabrq3ukfaui6eymwf,0
did:plc:4g7k7c3t3hoaedrycxvql3h3,6
did:plc:rpiiyxlkdpbc2kytbxrtovqs,3
did:plc:fd5nmlrhpw6mtdqzgv6v6qjm,0
did:plc:az4ntj4224lyl7kphcrlocqt,0
did:plc:hijambootpveov4h26nwpixm,0
did:plc:ifhfzf333tvbqaup6owidmy6,5
did:plc:ydtolphaxjeuva3tosczwktd,0
did:plc:pdnavdeuey4jxuzjxwyrsk7g,0
did:plc:qhfo22pezo44fa3243z2h4ny,0
did:plc:svawqo4jxobyyuqmixplvcux,0
did:plc:xp5zem7y7tmvhrhpsmyigb57,0
did:plc:smd3fsfdnphrl4bga46ejnn6,0
did:plc:e3gkpntgi2w4hfighjzqfyki,6
did:plc:ffodqffc2wseqq37e35lr3f5,2
did:plc:dnqrto424hjtxwqry736h7pe,5
did:plc:gpb4e3ug56gi55s3o2tz7f2l,6
did:plc:bpna2qi2e44fafbhhtqjak3x,0
did:plc:bd4jsw5jphamhymzjrvjj23u,0
did:plc:rwhjab7aokjnvybpudemeces,0
did:plc:nhrvxihjtawzm3xq5apf5gwz,0
did:plc:fzti7xp7vy43jk7wffeio636,0
did:plc:tuqdo3a6an2nws3bdiqwxg7m,0
did:plc:bb6m3nt3ohlter5c35zjlt6z,0
did:plc:oc7hdau5w54pkje4cchjedqy,6
did:plc:743s7ikb5po2orglxfs43ins,0
did:plc:wfdf7e5vb4y54hhvq64foncv,0
did:plc:3q4ybfkwztokbdhdzhhkosud,4
did:plc:bgfyklws7dju4bbo7kklkimn,6
did:plc:oj5cldv6zf2ftyi3432igbm7,6
did:plc:elfhuvwfkzqfcejr3eoy3vfo,5
did:plc:izs7ahmuzk4eq3kbr4me7elo,5
did:plc:ztbyegc6zrgzwciasputikj2,3
did:plc:jatuag77cheaej3a4miehtpj,0
did:plc:o42h5qmarstxtgalnyx2qgow,5
did:plc:eblptvy24flnp6fbtuplnid6,6
did:plc:p6r4snv2hqun3nibuwjnsvgr,2
did:plc:hyu7aayl47viu4ptqlmrgctw,3
did:plc:k5qytciodp3krgtn5hqq5p4i,3
did:plc:37ydbximpngjviunxic3b2or,2
did:plc:zllcf64tjwab5cdyntm56rnx,0
did:plc:4oj5iihb5pqnlhofrcn7xfue,5
did:plc:r643qxafn6b3pxfffiodojbn,4
did:plc:3rnv3ylqxxwbhndm5iybzc6e,6
did:plc:dqk2a67yl64aulrb5dpsuzaf,6
did:plc:5amscrus7jnranlkofxmvzdt,2
did:plc:mg5nw5qe3pukx37ut7rolnnr,4
did:plc:zlkdo2neknh3guh342rd5bu6,6
did:plc:fgayb4qbtuqs2szts7oxpnii,6
did:plc:aibtymsj5yv2xxnnuvipmtyy,0
did:plc:uimsuf3yl6ug7tet2ssjfee7,6
did:plc:gyirjyaugvpekvfykzld5cl5,6
did:plc:ukp22acnejsfbrfk5cqka3wn,6
did:plc:arxyl566oltqhyunrjm7dcrc,3
did:plc:bifhb572aaepy6vgcqauhlrd,5
did:plc:biqbudad4tabkqisl3vczrfm,0
did:plc:jdmsl4e42i2td5iht6352il2,5
did:plc:eg7lvlwmz27dhmmhwrwm35id,0
did:plc:yqf2fry6nivkk2pwxmc2l3cf,2
did:plc:242jdfh6px5lkauy4heu3kbq,5
did:plc:qso3wvnzpbrmpktqavtyxvkb,5
did:plc:jj2lflxf2n62emstjxku7cll,6
did:plc:pzd3k5xmuoqyobl6ife27mk7,4
did:plc:uvcrd4hpplwvp7uglpvfalpv,6
did:plc:fm42vlsshqcvrury63nlvgdn,6
did:plc:5jq2utxov7di67lcn27kuxzw,6
did:plc:qlcygyvtxhpzsz5j6czxrsoq,5
did:plc:jigd52ite7oo5uaj4vgcdh7n,3
did:plc:sa7msyj53e24gritbmr6rbdc,0
did:plc:ejkievj5nmntczkhtwwynyh2,6
did:plc:qyjba345q75m2o55wsizur7n,0
did:plc:ge3bxfwgcsw2eyrvjn2eawct,6
did:plc:kvcnvbehqkvmvz3kwidvcb7g,3
did:plc:pr4k6zapfsljch4yscluksaz,5
did:plc:jbuz5q2dgf6ejmas56cgoodz,5
did:plc:me4lbyff7ghpao4jbzjvqjgp,2
did:plc:eruujtf2zaxxn2avifrxd7pw,6
did:plc:dwiajaqrnqjz5sno5fbppfmt,0
did:plc:ln4yoyd6zmsuutii7qsmaqdx,7
did:plc:22uznocjrwgl6tnzd43p5hgw,6
did:plc:qpjkmjzvymsp6whyma2mfvnx,6
did:plc:mvotcx2uimojvvl3pmewoovt,6
did:plc:qne2yg5cb2ril4xehpqu5wrh,6
did:plc:hmrnhzwefomilxo3eg6rbx74,6
did:plc:wk2tfjtgdrzygpemezedjvek,6
did:plc:qzmukp7slc5b2yyfj7fgvjg6,6
did:plc:kyclhyyj4usknv4buq72jc3y,6
did:plc:ooehugjick2vkzwlr64lephm,0
did:plc:yzn5mqnfzjwjcje4catrvanl,0
did:plc:gsyer2vl5wuw6daiknv2adhz,0
did:plc:tm256llkpggffiiuwk4tgiej,0
did:plc:ygnuxklahm4h522idfp7pgmk,0
did:plc:2mxsnsvgzeguiyjl2finwrcn,0
did:plc:xbqe3thd2y2p5t3slforc7vj,0
did:plc:igq7ccju2a4uzz5uma7ewav7,3
did:plc:ujgbyjszagg733ls5qifwt2o,5
did:plc:a7nizhfdmonlbz5rgmpw2v5e,0
did:plc:vo4xpexxlmti3wzqmdwamjqc,0
did:plc:oxpibyabsmtlqw2iskchk6wt,0
did:plc:qy6xrnqb5wsfk2yny2rrbptr,0
did:plc:mydywtt6mrrpvr6hgpvsu6r7,0
did:plc:jqpydrjiwyu4nqn2sphgnnh2,0
did:plc:7airipzxl2wnxvkt4g34qvu7,0
did:plc:unnjqmel4ud3wy3pmfi57yqn,0
did:plc:4dfouf6eu3d4jnwpocvjfxkr,0
did:plc:6txfkfqexgv3m424mam3fryg,0
did:plc:flnkjhed7aeebwgzcmqyd3gd,0
did:plc:7adphvbrctsq5xigbjyz4yqw,0
did:plc:hiegvus5ru3uohz2ksizie4n,0
did:plc:6msn24c6e2rit7q3do445udt,0
did:plc:32xns3jf2i7goxpdjzjw7r4s,0
did:plc:xbou7shhnzhpj2h772zl433k,0
did:plc:x6b6adofmf5l47hkkwlkafcg,0
did:plc:qganqq6sjgbdmplx7nbl3sx2,0
did:plc:6xwecxh3pzgzngyon3yrtra7,0
did:plc:qxltjxzhmtbrusiv5ur2f2wf,2
did:plc:jux7teco2tvjpybyddp6edfz,2
did:plc:2p4c3eztjfvwdjvotnhh35lb,2
did:plc:ih2rohez2rec3fmokzxj5kge,2
did:plc:iqko7iuvcwq6jwruxhogwtvp,2
did:plc:i2gysfq6j4q3l4c3nrnnyuvv,2
did:plc:b2pm2ebq73mz3qs3c7m4q2xv,2
did:plc:fk43ujmkl6ouf4bcxhta7bjk,2
did:plc:zj3rf75svwuvhxv2myc5v6kx,2
did:plc:rsh3s7tsru3cse2zkvoomint,0
did:plc:o4dh4u4eortnuqq6zli7vq3m,0
did:plc:m4l7voaypjdmskkhiqpww2ie,0
did:plc:2bsiqoguzzzrq5zj3vz6ab5x,0
did:plc:vmh742zrnb37l2rmnmc35xu2,0
did:plc:jvzdtfvzuqdgk36wncgl2dnp,0
did:plc:2lqxmdbszbaypf326luw5mps,0
did:plc:siwozz7vv2z5z6xrga3xjzew,0
did:plc:rd5eqjk3lwgfkivomho7tyjk,0
did:plc:yrr2u76wvphturpr6vwupjs2,3
did:plc:6idy2vsx6n6hrwi337tb2uii,3
did:plc:cszp5f44tbqyawqv224adfs4,3
did:plc:xe37m3ymvsjbnejqaozxdqiz,3
did:plc:bw6dxnhme2vlmcnel2gnntvc,3
did:plc:6jyi6cwxhovzt5uypyoxyxur,3
did:plc:x7fo6yfqg2rgcx6vximwft45,3
did:plc:cgcely5ox3jcy5hloqv2rm6q,3
did:plc:qulk6mo4gd7f52kzmqxhk6fu,3
did:plc:7nnjvnyzx6bxparchrfqqh46,3
did:plc:b2v2uac64xemnqmltpqayfun,3
did:plc:xd4r2flsmrvloo4ovophsdam,3
did:plc:dlq4ppfgxmuyzcly2xdz2uzs,3
did:plc:csmmyuejlnzxjw4zgcjidexx,3
did:plc:xg3tvdjkqjqda7op22nryu5b,3
did:plc:q5jyiiwq2phghraetyo2tkvt,3
did:plc:xij27u5nbdpdy53ji3o7mcju,7
did:plc:2dygwdeztm43uot5swigpm3f,3
did:plc:h4y7tpelenvh6xkaritc5dkp,1
did:plc:kxwjw3xnya7ozquptpt42wck,6
did:plc:5gp3orgkzpbj4iqxowogmlme,3
did:plc:gzvucotqb7rp6y2lxw4cxl7p,3
did:plc:u5tqmgjugyc5n5v3viusyzyd,3
did:plc:b5y3sxjpkhmukvm6vrtbowx2,3
did:plc:akl7td6opk6jphnee3kp7dum,3
did:plc:z5fvf4wbc5dbaznbrt5cwn5l,3
did:plc:qgvigm4g4vbzj6owffjcu7ne,3
did:plc:xslpkz3pdth6dnsg7bj2ajpn,3
did:plc:tz77qt4udgg5nggrspgs7pvt,3
did:plc:2t4ifqanihls4zjexoe3b2lc,3
did:plc:4wwhwq5yy6btl4omycw66gfd,3
did:plc:lmisfxsnpivrkrg5wdcegpzv,3
did:plc:u75zyfjzpwr34wucddgyr4hm,4
did:plc:6ckt3lppnuyrvofgjesddwnt,3
did:plc:7awnkgfdr7oa2qabjgqebcpr,3
did:plc:cnwu4rnoqnwetssz5bcfxg4a,3
did:plc:pgggyd2mxnagumyt2e3e7s4s,3
did:plc:g457rhee72eatkounex3m7hi,6
did:plc:ujrebsdsdkalrid7dpgltuzi,3
did:plc:ofwg64mbej5dbdwxlrzfksxp,3
did:plc:dluwe3las7am4ap7ynm4b4gu,3
did:plc:ttcqjsx6pmef4juo3p56qar3,3
did:plc:q3bcrstrotvuh6fcn2evaypx,3
did:plc:e3sr56imrep7ljsydmgx2f45,3
did:plc:nj5n2e2cd2d2cp7woovizuxb,3
did:plc:kt52gyydioubutqfkoiy4x4m,5
did:plc:raxsz6mazc6ydjvd3tdfzu7e,2
did:plc:xykn32brjdndbjhsff63zqb7,0
did:plc:pwhkgn5segms3ufgd6swqaex,7
did:plc:pxmgzimexvczxnqb3qaicmxc,3
did:plc:y4mbvqpq7fli2nstms3237re,7
did:plc:ube4dnooib7yiwvmkl2c37n5,3
did:plc:duzhyjjxncagwtg6b7higc6w,3
did:plc:lpbkpvh4b62lpfd6pbzvqk6k,4
did:plc:tkbcid2hrjeomfmfpwzc5yv7,3
did:plc:l2uv272wc4mfbsgexjrz2kx3,3
did:plc:ymceypjfwo4np5bdwb3lmasw,3
did:plc:tvb56z4ocbrshy7b7ie3phyr,5
did:plc:znvrhlujshqnwzehzfowhqff,0
did:plc:ksckcx2deluftk5prglmsbu7,3
did:plc:7eb5ta7r6pdpdrkgvjf2dudq,3
did:plc:s4o5igtjarv2dqnqzeutkvl7,6
did:plc:kp2v4dzlwzggx2kzslkqai47,3
did:plc:ww5ggaamuqhxepzy65piz4gh,3
did:plc:xhdpztvtp7rayhwkqjuigurc,3
did:plc:fdt7hluejhxyembylnjascio,7
did:plc:ove6xvnsojc2ugpybxkrpv4v,3
did:plc:kxvspmrxynavjmpmxfvilvxn,3
did:plc:ey7tclr2cbuzbut2xsibzf6a,3
did:plc:rm5dnbnwlsnw4vh6zia3t2tl,3
did:plc:n56fxrlhmdv3zoiclgnyi6bb,3
did:plc:an2cezkb6mapu4ymbo5ubf5l,3
did:plc:mccohocneih7mfsfxhuba2bt,3
did:plc:4b2f3dp6pz5265qp2e42luoh,3
did:plc:iafh6dyzgisaw3q6zlbzj34v,3
did:plc:nlj6mtgxmqvpqy4unmlwvfed,3
did:plc:xqsurabhm4glwbid4chparrr,3
did:plc:mid6gnhnidpyztuu3stdouc3,1
did:plc:57dkdoqj2bqfkwwtwzkjcahs,3
did:plc:z65r7zh76snbrlgpexrxiwtq,3
did:plc:yeg7rbgfnjihw5um3hvi2dgr,3
did:plc:x4gys2jhsleahp5oy2ch7yyq,3
did:plc:msaul7yddytcuqfohtevjnls,3
did:plc:73zaakcxtmdkzp2jhif2ddkh,3
did:plc:6pxknpp5wkzeb4qt3lmdlcoi,2
did:plc:z3cidkcknghyhjddh5vdhivt,2
did:plc:3ukk2dlmgzieofuysa7bgp2u,5
did:plc:xel2q6o7qrosu6vta63plaf4,7
did:plc:xo5dbwhlcajujssbdl7zr2ql,5
did:plc:tubbq56fdvmrfmuiwuihoaax,2
did:plc:s5356w6hpl4po4pc547l3c5t,2
did:plc:zv72e63bcrpbzo3flbau7ako,2
did:plc:4rtnn22uvgjbtft4taay43ey,2
did:plc:mxapm276qeztuuljtof5e6z3,2
did:plc:vw5wswxiojuvcg5s5nbbr6cj,2
did:plc:sfkmx4nsc77wnvrgwglavl47,2
did:plc:y2jyzg7c6qhehhbs4iglecnm,2
did:plc:5d2cevg5hdlunsf6d3ytapqg,2
did:plc:wbesmrc7exeox53iovnmzbm2,5
did:plc:waluicjmurwt3dpywvlllusn,2
did:plc:7vpdytv6rocxv4eymkgewwzz,1
did:plc:t2ginbcft66py457dnkj4osf,3
did:plc:fesoq4tlb66j6tchacq5zg7g,6
did:plc:755xbeuayqaffd5iefirrmdv,6
did:plc:psq3lfjro55ipoe35h23w5oo,2
did:plc:d6lghffuwlinx22c2rtfbdwv,0
did:plc:gd54e72qw4eelmiklzdmcybf,4
did:plc:cvre4ph2i42gzp3iau5af7vw,3
did:plc:rpal7kwzcs2wurhy7ox6se7p,6
did:plc:4gepupywb6imrco7n67pdjkm,1
did:plc:aauhxanuukft5z3sefov3cgr,6
did:plc:4xuodppmam4oslkqewggkh4y,2
did:plc:pvzqcplxnlxprmmmmkmtdodd,2
did:plc:q3akkxadbrnvo6hiusvlrqmr,2
did:plc:ppzpmadwwxbrom5v55zee75o,6
did:plc:2vrfekwr4jo7zufnlt7qlrqq,6
did:plc:chuorfc5xbxvtvn53cqjvmov,6
did:plc:3327emtnabbhassdfga7qxbz,6
did:plc:wcpapruceqef3d52qfclel3d,1
did:plc:rnte4dn7a4mjhyszniyepjnr,2
did:plc:mmjk3ithat2qzr6rkz7s45ab,2
did:plc:q4n66d4lfjg7b6eevgs4wfon,2
did:plc:x6edhiwywocfsucln37zv42f,3
did:plc:aukhvy3udoenmpenjluzmgbw,6
did:plc:meimgopmdgffcghkguyhppzi,6
did:plc:upvfujhjgqlxfr7nt3zbpwp7,7
did:plc:ds73vzdlazxxcrmedpamr3vv,6
did:plc:a424gvkw3s4l5ziefn2cuvac,2
did:plc:4wzcjjfuaqyg2i2hzedd7w5u,2
did:plc:cdgkmuwkzes6dgsw6rc23c3b,6
did:plc:6nc4qmxuzbw5ic5vvkthpx2g,6
did:plc:tyrbd35lnj3ixa5fs67hfh6d,1
did:plc:7ihljprtg4t4z5x5pfrhd4av,2
did:plc:kxfwfctgil63lp4hkuuzs7uo,2
did:plc:mtowk2yguqxntihv35gixonp,6
did:plc:vwva3gns4itzt5sklxrjjc4w,2
did:plc:vlb3vmnxz6rqo652iwco7rgy,0
did:plc:lnlqzanmsiuxrgyizs4smyvq,6
did:plc:bqszxusfwibdyydndxecv3xb,2
did:plc:quvnxvcp3jkygrs6gycx4vl5,2
did:plc:hym4b3g7edw37r2t4j6fvyn7,2
did:plc:deutucewuwgtxef54gzb66pc,2
did:plc:vtsnb32cmtn6suxc5uwzztp4,6
did:plc:bgixot3rpthgq7xzsblqydcb,2
did:plc:d4q4vte6nfde4aiqgm3ebyu7,2
did:plc:wh5ajmbkpgggarpyan2n5jjd,4
did:plc:mke7fy2v73hvf5apjrnh3mou,4
did:plc:biaolzx6zyxqtknc4xxhkomm,1
did:plc:ez5t3myn3ebcq5mzbr7j4c2r,3
did:plc:ormwaxkl5grlphlt4x2pneop,4
did:plc:dbuqcoh37vzjqbicl2f7dusz,4
did:plc:cxuewbna4w3ny7h46z4ghcqa,7
did:plc:rwfx3xqsaj7paw4wu7vaknpj,4
did:plc:3ntdrhoe7td6yos2keocdxpe,4
did:plc:iar73awxi4i6bmmcskrezkrk,4
did:plc:db2llzhuomlx6u2sxfay22va,4
did:plc:skflng2ne4nyrsvnjht3pjtb,4
did:plc:3f32zmixtbchcm6axgjlawjb,4
did:plc:uwqi6nb3szn3h2ftn2rjes7q,4
did:plc:esiyxk6d4kcabio2u4n2q4gi,0
did:plc:yfusylg5vi5hx63fahmmhoaf,4
did:plc:jbnjb5ycb4ynzaft7yf6qrgu,4
did:plc:fbignjxwfyzrbkyzwlkqysij,4
did:plc:trfk5vkeq3b2tb554jwripct,4
did:plc:vysqzzt7flcqkoyfks6ar3ff,4
did:plc:dgtxas3ikwkbsjlcghenwwsw,4
did:plc:bn63xvq7aefzuu3i4k766wwa,4
did:plc:x64ehbk3hno4bbietg7ytt5q,4
did:plc:26op7qpcxcdgrj6kfc6yki4b,4
did:plc:6wozltprkliuzuubpaamb4r2,4
did:plc:ijndxgvveulcpy3razklauw2,4
did:plc:slwnp7i2ld7lgwnggrttbcdu,4
did:plc:trrohxjqsdyhuwrtugaskwr6,4
did:plc:vh5525bxeihldakkescsdg7f,4
did:plc:hg7s2ups3a2hrc5w753kc26n,4
did:plc:6qw3nx6yxdmvpjtxbi6vrhqm,4
did:plc:f6xp3744ebkuklp3cci2ksol,4
did:plc:2dkvxmgd7vat6wwpzmhbcjmv,4
did:plc:tcxcyf4bsna5zctuzhwcebfd,4
did:plc:53hi2tstzolmwv33hmon32rf,4
did:plc:d4d74fx2qbsfmmkxca24w76p,4
did:plc:eqyx54eikl5vllctjxufeavr,4
did:plc:pn7xy65urnrvhb2kfizgkq2i,4
did:plc:xnpqzudcy34qpvuasfhcn2mn,4
did:plc:5vintl3wcv7vyqsmzwhg72f3,4
did:plc:qxs36bkslumwl3uyyprbmlt2,4
did:plc:jbrsbffoezmffbocfqvtlvcy,4
did:plc:5jvnncubq2k5ijojwem23nlw,4
did:plc:hqsmcvxtjanuhz3ugecn2vm7,4
did:plc:xc3ykgwcc2dp5nri5h6nwk2n,4
did:plc:kgomiievdwzsp66q4zovejey,4
did:plc:s5gi3lzltifd2px6nhtdcao2,4
did:plc:2bdyyugcul3aykgh6arontjl,4
did:plc:ew3badglmc3wolco5kdjr5m7,4
did:plc:ksn6nsh4lxcpwupf7o6e552p,4
did:plc:we6gxyq2sbpvxy7htmhb6ixx,4
did:plc:7vdga7hdhbdxxmr4cfqxqxwx,4
did:plc:twkrnaiqis4hgdplkxcw7tyi,4
did:plc:zm2ysbplxbke3pibc6vhkzw3,4
did:plc:3n7xy6wpoma2z2u4bdwycn4e,4
did:plc:ykoakqtdrc5yr5hod3nmox3a,4
did:plc:uitziecbxl3vj47gw4tkdtvk,4
did:plc:yymsq5ld3hp35jcswvdpdmq7,6
did:plc:hwkuhoieupl6ixov6rbjtcsm,0
did:plc:jfwaobwavclz2uzsouysajup,6
did:plc:mnyv2ybigpx3ssflmgtg5fvp,0
did:plc:djwl6bodmervqq77mvdorm46,0
did:plc:wdktya3vyvp2c6bgiet2sznm,0
did:plc:bld56tr7irjdmq6xom5swxkd,0
did:plc:bcav62nz6ytxpvdfemelxreu,0
did:plc:mutwczsrrgg5335pc7z6iz4b,0
did:plc:rtveuwu2loqgrd5hqjjmwwbf,1
did:plc:ndil2p2cgh2nue4csqkce4jc,4
did:plc:fdxer5tprzxl37rsut4forhj,0
did:plc:lwqcj5my6kv3f6iflxyx2ryw,4
did:plc:grrvin5xkocdpwi3mxo3trkd,4
did:plc:sremwlhqhbjqmp7ta4c4yopu,4
did:plc:znqkbvc2gvjdhed5kf75ke5r,4
did:plc:itwimoiaj7qfal7hizju3syz,0
did:plc:nqjmhxj6rub2sjzcn3cwpmk5,4
did:plc:lgd5qj564mypuwdwx3gln5p4,4
did:plc:lk2ubouhl7wuuyegkpdj5spf,4
did:plc:uqjycb5bbr2ylhgp3autn53a,4
did:plc:ukgnyrfxng7yvyhr3ggeam3q,4
did:plc:bajap4zbzhwaig2fhlsbyq53,4
did:plc:qoedchobo2isqx65fhvyy7tc,4
did:plc:6vmdokqghozvjnhf4vgbq75x,4
did:plc:bdxjovzqrf4q66ptu3dplmeb,0
did:plc:cy27fhp5gd27myvcz75d2bop,0
did:plc:rgjv7vtj7fkoahhrlizshyz3,0
did:plc:vede5vdcq5tvs6c3uwq74sdi,0
did:plc:7afhlmp35vaefleghu322pye,0
did:plc:mw65w2v7i4mcftjlahllmcj2,0
did:plc:ganuipifhpmwzowkyvjjbtju,0
did:plc:bvhejpznjtkrn2yapzrekne2,0
did:plc:tz4wzl2yjgd3xfr6b63ksjnw,0
did:plc:fg5ks6bevpbwkha6o3s2y27h,0
did:plc:bpuxc3sc4kv4jzbxv63wo7fx,0
did:plc:usvznumdatqdum52hdoz3ufh,0
did:plc:5z7rijpmizmbyzulirwbiaob,0
did:plc:mjyr52xn3im6qldhgbbkorke,0
did:plc:t56tb5tfzvcwxegszwra3tew,0
did:plc:ijy7aaef2qeivyr33buwsgc4,0
did:plc:zaedflqneiyhz6tuheag4dff,0
did:plc:m3jmspovbp5u2m6jpnrmg36n,0
did:plc:kn2ra43tjsflpikzabbjpgbr,0
did:plc:am2dcyheao5gzmafolp6vvtf,0
did:plc:fzet436prl5iamy7kqtdcq2a,0
did:plc:r3vpl5srmwphbxqet35w76nc,0
did:plc:aemvqi6x2lzax6euypms37zm,0
did:plc:zdq5p5txxf4ghqlzdisromid,0
did:plc:36bxqstaebictp6kdbo5jdk3,0
did:plc:wgf6lx5reukvvim6oaqp7iru,0
did:plc:y6wlalgocai5u5pwin56z5yn,0
did:plc:yng527x6dvveon2cd2axpnsj,0
did:plc:irdfb25npglzq5257dvuinpv,0
did:plc:6ef3aqehy5yatvmythdnk45v,0
did:plc:my3h7rxq6cutuihdjv2arvex,0
did:plc:2k77kngw6l3q27pitvz7lh2b,0
did:plc:3qwg7jznvmkhlbhkup7oorka,0
did:plc:hoqenw4qubbnixga6oq6dfrk,0
did:plc:jcviynbthhuifdkt2alqqfge,0
did:plc:q7y7l76ot5xvcqcqhlmwalsm,4
did:plc:g7zo4gdizrfc5hi5iwg2svwy,4
did:plc:e2eqyxbiyoyahco3yuwkv2vj,4
did:plc:sf3c67tony4t5hsqeo6sjmqp,2
did:plc:wctl7j2zx4rfz7bdppyzic7b,4
did:plc:jszuiobf442zwwjlonwggnmn,2
did:plc:q7jz2wfn5hywrdifmxi3ig5q,4
did:plc:btadkjsdqp4vt5lnaolwv3iu,2
did:plc:cfrguoqdcsba2w24jqsrty2k,2
did:plc:sctkc5hn3vvkrkamzf6vx5e6,2
did:plc:vzg6di2qyj3quawevkgurl5l,0
did:plc:ozpkeocqmvdlfvmcb5ppgdud,4
did:plc:3vkprt3vaytesozlny3om2sp,5
did:plc:e2qch5w7jxhtij2eiuzxu4qf,1
did:plc:2uyb5qno7evcal62puikbs3a,4
did:plc:7g6kstowkq6kf7sfcbhld2e6,4
did:plc:qqdzkmv35ghn2uzqk6nxbltf,1
did:plc:cb2rfvyr2zasxtzn4ihmhedi,0
did:plc:ksku5oaco6mwfnl53avvvr2h,5
did:plc:bg5vuqejktlwjgcdsm3jyv73,0
did:plc:2xcfzmz75sezrqnibpznwlw3,0
did:plc:tlzh6o26jycjw4beyvfzp7s5,6
did:plc:xzzgmo7tehwypikxzo4alb6v,0
did:plc:3h6cxabooaow3ty3ibx67goh,0
did:plc:gv6ukljdzpsy6jcliieslj55,0
did:plc:4hivfmpt67j6cuz4kmxdlzbw,0
did:plc:ivbyrtmaodyutwjvtedxm42v,0
did:plc:2spry6tj5jfrix64d22kefis,0
did:plc:xm3nzh72bp7oimvace6q45eh,0
did:plc:uvfocszxqpcl3qzqqpbypt24,0
did:plc:cghqbqp4pqv3alj5mrsllims,1
did:plc:y54inzjw4qdxz35f4k2mjz6t,0
did:plc:rmnop6cvpg2jhah7wk56zamp,0
did:plc:xj2vgfntckid2dl6sa6affmm,5
did:plc:wweafezlelgv53sfgxrlqwg2,6
did:plc:v63y3emmbz5dlvzkejca2mcc,0
did:plc:47im4lxz4ambrz4culu5waho,0
did:plc:itf3eviftt7nis4q27cnjqwz,0
did:plc:sho3ee3aawmgwywljhhui7do,0
did:plc:4sjl25ntym5lz4vrvmpo22ph,0
did:plc:7gfdylyjlkyk54clsyedgtej,0
did:plc:3j4e2fynvxmh6e36s2fgmgfk,0
did:plc:pdtz3yegxbpzc5pauuhms3ww,0
did:plc:amfn6m6facwws56g55fou454,5
did:plc:aohn3rhvdhldfqyecnhy3waz,0
did:plc:k5rmyzey24qdtai5ijiewy3y,0
did:plc:quiw4cli7lswhrjbvq6f7on7,5
did:plc:gwh73yelgaqpabfsvatntbnw,0
did:plc:twabxhjc2esphsk3urb4ppvs,0
did:plc:7ovywzofx3xxpn66s5r6vjm3,0
did:plc:3oh3u4fbev3zlc7vcfdazlas,0
did:plc:2pysiybkjfyq3wtouxcgaoet,0
did:plc:izyv7k3ussysmqonmcqe76li,0
did:plc:ujstglmdsoymx3t2yffcvgtm,0
did:plc:tqnr4pqkeqeu7zwgzglknrn7,2
did:plc:szcmc6a66hhjhgpkremga7zq,0
did:plc:4mt2qtqapk4xekpe2hbd7mny,2
did:plc:247rlpkjyjb6taomdpu727xh,2
did:plc:prkwxaktanmxmpztgl6hlx5l,2
did:plc:wq2zxhz4sh5isg33mgkgegng,2
did:plc:yojcofwuxklvrkpugvwzb225,2
did:plc:xfptf4so2nqg7fgqbczj7kud,2
did:plc:x72wv7kpwkqdivc4jvbglist,2
did:plc:ymj5weu76qzblmvlfdfxkrce,2
did:plc:ukc4sduetsoik2d4m5vihwrh,2
did:plc:x4rj7s3jzqlantbja4p7lbns,2
did:plc:5xa2qhppngernjnolsj3j72s,2
did:plc:tt7z4ne6qjcve5u7mkpgwyfs,2
did:plc:ff7qejaybajqf7sj27bibolr,3
did:plc:pdvv2wnwsrpbvac6soqtifra,2
did:plc:mnplsqshahaxhginehu5w6ih,2
did:plc:myg6pvvw5l4r5eee4kmcayuf,2
did:plc:jodwvh6ggtlpfvxcqwtc6ek2,2
did:plc:ui5ffyebttbuh2tz5rl7o5jl,2
did:plc:w62r4ugmdhgvn7mbcawsoiil,2
did:plc:qdgugzairdk4cu5sd7x65wdn,2
did:plc:2kqsnnpqtfkivo42jyruy3xi,2
did:plc:ljr7s6pxxyxk4amta5fjtalj,2
did:plc:2sul5kstrrlmldmhlf4crpd3,2
did:plc:gg6ybpcuiquoytdt3tz6oy5d,2
did:plc:7mk6ywic7u2n6cmkkkpal76m,2
did:plc:olrzle6edgw2beowcj5jheqd,2
did:plc:4hiqkpsdywkvcuugsbr7e2i6,2
did:plc:yjtgyxaywemi4frlm2zgzgz6,2
did:plc:bbemijmoxhowohmsz3moneqk,2
did:plc:gmh4pzym6r5qszlxzhqzfi7r,2
did:plc:pbbmgypt7mlmsffwg5ovazfz,2
did:plc:7uy7zqshlrj22bpvkbnjlstm,2
did:plc:d4capoon6rpsv7vcsajngeds,2
did:plc:s36n4alfhi4nybunzcjr5q5k,2
did:plc:7q3xqj5obt6hh6nlw67sgm64,2
did:plc:rhqnltrh6xv7ookxlrr5q4yz,2
did:plc:elit6qn2kwrzomkzf56prngm,2
did:plc:5rbeltcvkpl7yg24zlytldox,2
did:plc:k5a7wpgup5ngwer6gmpjupge,2
did:plc:2sp3fniybk3z3xtfk62cl5u4,2
did:plc:5lm47rp7jzhbtwcflehzkdwx,2
did:plc:2lpxbmbku7enlsmd2g3wdkoj,2
did:plc:lznk7of4gj35mnr35drqwbsr,2
did:plc:oso4bdjawe5fc4otv22ue6xg,2
did:plc:piumto7dyayi4d6anze4dhks,2
did:plc:icsm7hd2dok5lxddyrig4gbt,2
did:plc:iiqss5pr7tzxmbriwyugvzkn,2
did:plc:54qedsftey6ak6n6d77ws5uf,2
did:plc:iu6gy24gjqrevbsnpaquvegm,2
did:plc:aonqrw7vcb3cvb5oyno3ppfw,2
did:plc:jwstevlrwvndu5ajwvklfpgg,2
did:plc:spya5zqnti4rce3yvverznh6,2
did:plc:xyuptoong7aqeyxyvgjv5hed,2
did:plc:epk3stgpmnrs2zdqyc4n7bqf,2
did:plc:jj6fxy6lvqonuwd4r6kppnn6,2
did:plc:ugb4xcfybq6zy66me3lgic7t,2
did:plc:3ve7jowtz3r53aiq73zxh2v7,2
did:plc:snlmwqo2nrk437rhp63fctpa,2
did:plc:4253zf6mdo2j2jbdz4p4afu7,2
did:plc:dpmxwcgup77osb3vniuktyti,2
did:plc:wimkxtdtb3doy5iwml2ed63z,2
did:plc:zefnft36rqho4377egivg2up,2
did:plc:mwuw4lezgo7w3tcsjpjeqrrl,2
did:plc:ownchokilzzvbwsekwlfaxd3,2
did:plc:m77mtjovevymcrardxbkz2k3,2
did:plc:cddufqsoha5fgeqo5tsf62x6,2
did:plc:6v6kwvduul7nwaxp4bafbop4,7
did:plc:lcmor4b4ihpblh7v735jovf3,7
did:plc:3xomcphegzclnbkat3ylyrrn,0
did:plc:jagldyome3h27twtp46nxen7,0
did:plc:6ofjbklfvptnupad4lxumblw,4
did:plc:opkhb5delilticmncw7aczho,2
did:plc:glxbrjn4eltngwji5zi4fn33,2
did:plc:gkgmduxh722ocstroyi75gbg,0
did:plc:eezrj7dplg2goacopghccdgq,0
did:plc:nzsd3ckkcueviu4o5s2tbfdw,0
did:plc:ap3jijc22uilmt6xl66h3qvl,0
did:plc:7qqkq2zdwq4j5jingukgtuky,0
did:plc:lamzlaxo4gvxvz65vsbrhvty,0
did:plc:phouuzsqdtiexgizcfuyrx6t,0
did:plc:vbp6hu2ngidazld3l7phww3v,4
did:plc:x4qlblo3bs3oqexzlmpvncbz,0
did:plc:cm4ogomjo5km4sqwcogkncim,0
did:plc:7bwpuazdx4276tlm6kqltvho,3
did:plc:qlxgxm7fqszfgowm347s2q4t,0
did:plc:j7qspxu4w4zrkqre6waecdyb,0
did:plc:7vpdxcialxa6j5s7yh5g5jhf,0
did:plc:gcvki56jmtnfhbdqvzrrnxr6,0
did:plc:nozzh3m6qgmugwkbgvben42w,0
did:plc:xioe5btxavtplvj5h7gpk2uv,0
did:plc:sw6q6p4yjgqlwduiqrrgmb5f,0
did:plc:wlbw52lc3gb5qzg5dltpd3gj,6
did:plc:sehe5pdc7ptfh5ayttdusqpp,0
did:plc:ii56ofvbcuuvc2heqssy2lpj,0
did:plc:zivpaxbv42zxmtbno563vkqo,0
did:plc:eycg47nc4kycvzgiq3r5h326,0
did:plc:su7q6jngaiyjueenbbabq43s,0
did:plc:sorngos3h7pkryajp4lmozvv,0
did:plc:7zth3zylqnmt76bbyyry2xbl,0
did:plc:pcordihopy2x4u3dpnwgnglo,7
did:plc:cltmdg3fnumhwdfusmfvmm7r,0
did:plc:44ybard66vv44zksje25o7dz,0
did:plc:y3sn2v73gr7ou6ggve5wcvex,4
did:plc:yiy4p65zspram2bh4iwy3jwf,6
did:plc:f6ooeoljwcd47tqqytler6li,1
did:plc:62evpjsip2fgho22z2wug3hk,1
did:plc:s5tv3bnmy5d472otxawsg3ag,1
did:plc:gqlwkffokaebvbqwx62oyitt,1
did:plc:lswgqustmllga46jd47xuyya,1
did:plc:fttb6kx6irhzofpnfoskrnpe,0
did:plc:hprlozqor6n6uyyb5xj5k6gy,1
did:plc:7dpgoqhy3qbudwf2czhtt5hw,1
did:plc:y4bjzt2bstmq4jrmqsdepb42,1
did:plc:mapo4wy3bv3debygjob5lqzb,0
did:plc:ouhnha7gtxykqf7nlsxqxile,0
did:plc:ce6expeu5dwxzi22ozakfgko,1
did:plc:jro7kcyybuej46tmbrp7au7a,1
did:plc:4m4koqv7lmzquiqlvxzxwl3c,0
did:plc:fcmcf7eo2amwkscyhnozhodc,1
did:plc:puwq7yey5vayc6y44cgerrj5,6
did:plc:o5pis5e4hefbtpa7dk43lubi,6
did:plc:dnj2ujd7fcs76y5jyhf6z5xj,1
did:plc:75tn4c6pm5piqqrmkual2rsx,6
did:plc:z2wu5khpnekeb2go56iehzsg,1
did:plc:kc4obqf6sah3nwivp7k5gxzk,0
did:plc:zjyka2hw5k7ztbjmjyjlxpqe,0
did:plc:dqj6ug6nsm7giy3xd4dpuhmx,0
did:plc:7k2fx6n2k6i5qwod2kubca4i,0
did:plc:iwiouzuyihronganc5rx6i5c,6
did:plc:zsdhy66x6xqqhvhkvalxfrve,6
did:plc:xrywqexhry2nbbqe2ir4e5dj,6
did:plc:xninocy6nxspd3xfcaodrwie,5
did:plc:re52v4456cigbz2efc5w65kt,6
did:plc:qd4cgbqpaxz6vh222fl54der,0
did:plc:t57zckxuo4v6t53fjp7j7mcv,0
did:plc:qw25cjamrz7tsdux7acltz4t,0
did:plc:3ilzhrzkar3icae4mfyupmqp,0
did:plc:4ihbf57fnshuaf6trzc7bhlc,0
did:plc:n4shlxjavt4rqgcnblots7wk,0
did:plc:z6dj45iqfftjbhvlhfnswc3y,0
did:plc:qxwx3yb4m3dmjbu5luyyi7zm,0
did:plc:yly3aulwiwaboatf2v2pjkhc,0
did:plc:upw5n2uwhzubjajdtqaufsek,0
did:plc:nqw45ltueg3dlikfkj5eqyrp,0
did:plc:ty3t56dqoufkhevgxi236w2w,6
did:plc:ijn7lseerxnkh5vdf2qoc6t2,0
did:plc:xgy5sfmxjpqfamiqskpj3q74,0
did:plc:ai6qpsuzvcxa5k4wmcsmou72,0
did:plc:sabihpi45kc7x2cc4ozxwd2g,6
did:plc:2g6zg34b4hky7phza6erctse,6
did:plc:p54kmv7xtyjyzhhnujqmv4tx,6
did:plc:hq7tios2vnpzjb4bqzl62sjr,6
did:plc:xnvrmd6ajjyrbwudqnly7tjs,0
did:plc:h4ao5xfctz6hydyddblnwks2,0
did:plc:fsgmvas3ke5izsclx4xbjhxc,6
did:plc:cxiklhvzmjaj3diqoogv5d5z,0
did:plc:x7xmggpwlgtotuxi5as5igwy,0
did:plc:sfpozevm7uoilhwlx7y6v47u,0
did:plc:khkzdjoo5vw4fwjjmb5kl5mc,0
did:plc:ut42x3b636n2pedgpa6swasb,0
did:plc:lmwwtkd5fh6sf7yzohyqjicp,0
did:plc:5fqen4rysvchnur3ag2pevnq,0
did:plc:kobfj6rmspbkpzydlklgy7yu,0
did:plc:qowudy4evctrn74ifm5tnk76,0
did:plc:x7xcutqxgndfdjk533nfudpe,6
did:plc:2nij7twkqfkpmwmh33t4fvn5,6
did:plc:mt2hxy2btslq475bjon6axfx,6
did:plc:s2j5l4y6ook7lpfjyprzufqw,1
did:plc:gtwhoxobe3xcpzid4y4idb5f,1
did:plc:vuprtd6q665cf6ungjd6g74q,4
did:plc:wuy3trdrrxgpmi3gfeby5ck4,1
did:plc:ndkfhjz2hjbkbbce5l4mclhm,1
did:plc:nukxxrbwainajfljgsloti4u,1
did:plc:6whfnzabrdpmuxeyorwurhan,1
did:plc:bvqt64m2atxfzyqnmmxd477a,1
did:plc:cv2sxzcvdjzxw27qyd4hzbh6,4
did:plc:444vbtztb6lrnv6sunadqpbo,1
did:plc:y5em7ed75hqztbixncym2r4q,1
did:plc:daruah4wd2zk436thul44yxi,0
did:plc:alac3gjss6ckiv7h5oo2x32h,0
did:plc:koynaja77pcdsltijearce4x,0
did:plc:efut55oefddtozywmflkddg5,0
did:plc:tqj2meqzz7mprbakeuq5sfca,6
did:plc:o72ypk5c474zqklkukaphuy3,6
did:plc:ftrtokxiyaz6wrn42sdbyr3y,0
did:plc:inhoee63xymuhqyun3bzyzbx,0
did:plc:din2uayxcm3tj6oz4i3ihjcb,0
did:plc:tjp4vwriffzicqxoh27tgowo,1
did:plc:h23px73bq3qumvb4mhs72zpx,7
did:plc:p2crdsib6puv5i63qsysu54v,0
did:plc:rkxosroguw6ewd26plp5zxvx,0
did:plc:xu3hp6gtg5e4qfs7vtgalhy2,0
did:plc:ciaqtk5xg2ko2wedkf6oqxm4,1
did:plc:nybpng5ba6nktbervhyukd6w,0
did:plc:b4vp3zfxy65hicjc4qijdp7m,0
did:plc:qqq5a4jcb73zfeclq3zlbms7,5
did:plc:vroszvincevs53336m55k2vc,3
did:plc:vs5s6ld4fi4zoqgratlzp4iy,0
did:plc:dwowkyfmwsvnqkbapfdcavko,0
did:plc:mh776dqe35ssi2lbrk4sdvu3,0
did:plc:4u3ab2zdwzo6eha2nn6kx7rd,0
did:plc:7e6rmbjtzkylrjyaspkqa4nk,0
did:plc:kcqr5zbacigtjdlrm2eoreku,1
did:plc:sd6dqrcpzan7nd6id27eioiw,0
did:plc:i6jhri2aobvbobvb6qpejcgd,1
did:plc:xzhebujmxlorpipqlltqtand,4
did:plc:7hr2jl452anzvxfdtvwitucd,0
did:plc:xmvg56pkgu44d6pn4x6lzq52,1
did:plc:iv77vo62rn5s7ery4crfwrno,0
did:plc:ydfllvlbuxrac2xidiqr4h4n,7
did:plc:dgddajknd46fgmydy6xxrgap,7
did:plc:53cetnrsjuigi5c7hljs6zrz,1
did:plc:2olt6iznpx3rmzp7hv7dmsqj,0
did:plc:6a4h26afhwmbqk3df2rbt5ak,0
did:plc:wgsf5ta7c245avapyz6wwbos,5
did:plc:g4za3rlg4hdadkrar5esfkvm,1
did:plc:f3xlq3ytkgfifugzzllrblka,0
did:plc:rygqez2qditk2e7gbx7xpdta,1
did:plc:x7vfp7rt4gbywara7ljm5e2s,1
did:plc:wqbor3ylwscqvjgg2bmmbaiy,0
did:plc:d6z5jg6dx7q3ei5vj6ea56ct,6
did:plc:6n2vde2ysn6zbxwmqlwznvqx,3
did:plc:xquyyo7xfldvftsei6etnupv,3
did:plc:7b2crf4geasdek733ajqcjxv,3
did:plc:uz3sd2faeds76hfp3s4ggpmo,3
did:plc:try46aj5ztgtt4ifndpxujg4,3
did:plc:qwu3w2wnzxanowbqkvt2sc4v,3
did:plc:b5go63usvxtv5lifyn4vtuq3,2
did:plc:q6mivyayhkz234n3ynzgpkfy,2
did:plc:zh56oko7bccixqxb3s5lpypk,3
did:plc:asnq7nuzlomk72psftxaro44,2
did:plc:zcdqodrbv22pnxbo3nggjdu5,2
did:plc:6sizfzz2bafl3i4vzpj7ixzj,2
did:plc:laxirmcgirkushodsbgjswwd,2
did:plc:wvjiorw52mojf34zmghnlcfx,2
did:plc:kptt7wpfgst7ed5pjso3tgie,2
did:plc:a3mkpatgdstnznlpbqu53uwy,2
did:plc:67nc2ucjtd7ddygzmcl2guak,2
did:plc:h74fldp2t35g5gyf3vsgwz22,2
did:plc:57r7v5kkjdhd3rg62huqe65e,2
did:plc:nwnxecbkflmesfgkopbjxxu7,7
did:plc:tufa375xqdqyfx4cjzoglzuu,2
did:plc:hamkjer7xqmfcree7wpjpafj,2
did:plc:jrl52uy2vppwliz43e4ychra,2
did:plc:ro64h2s62gqnkmtj6mbbkaz5,2
did:plc:3jcz4n3u3pmwdmckebvkelde,2
did:plc:a465mnmzzmetftmutnsxvf2w,2
did:plc:u4kfd7neig7edhmrgonqtce2,2
did:plc:oczbhpnowjeyfwzemwcsvaof,2
did:plc:mh4vko64r27uf3wcbhx67vd5,2
did:plc:xhkucchbpqstjslicfg3ai6y,2
did:plc:766rzfakcbytbidxfyvzywhc,2
did:plc:cvx34gj6z6y2totuvckkjxu4,2
did:plc:yw4wvgalxaw62zj7qfyhykob,2
did:plc:3vsmjogicoc3ahnowcwnjcjh,2
did:plc:7vzs7u6w2itzr6zoquaj6e2y,2
did:plc:e2kqjvpawaal6eh7ce5kxbz4,2
did:plc:7jhhca6c5cl2ywxxgub4lucp,2
did:plc:p7mkdxly2hbyxvq443h4w67h,2
did:plc:njgzw2c6gabrpjwfa7aqbexn,2
did:plc:hcnpe4dfbwdsgitddquvi22e,2
did:plc:ip4xholm2wja655fldl2cbiv,2
did:plc:pul7tgvq6rr2r74ypqoozimr,2
did:plc:vym42mdeqb6whdt34lgqphir,2
did:plc:tayj4tazj3m2lo6ohtmkdheh,2
did:plc:sno6ugs52lsdwzhjkmu2buzs,2
did:plc:5gten2j22nptm3rf3gqjtva4,2
did:plc:cuqltbz5uwajvyy6yzuvqx5y,2
did:plc:dx2hqzymmo33pmlofvkqj44b,2
did:plc:npz73662hqoun6qjgvh3pwr3,6
did:plc:cswyg576v33berivuqhw6k2v,2
did:plc:izbs736dewjbatlqxzxbt5gz,2
did:plc:huejcs5zoqrnxxwmall65kg6,2
did:plc:firunazoeawwa5qovi7ho5tx,2
did:plc:oxq74yn5ncfuufn52ine7yv6,2
did:plc:musxrpvxrgh3mmtyrdoln2f6,2
did:plc:fn2svtnebaxqlpvvh46efflc,2
did:plc:ia42xxcm7nxdgtcyo4kn2mdp,2
did:plc:cmn5fr2pguecbfzidl6e5p3v,2
did:plc:j5isv23wcyi5ekigz6dibvd6,2
did:plc:vv3bdabwvoh6i76ovc4m52ph,2
did:plc:aaldyddxigwagchjqtr5uzzv,3
did:plc:wh7fvtae3qacq2q5vfpsacdp,6
did:plc:ykstvlq554utbqghld47g3gz,0
did:plc:r4hsmxcmf4zyouqcocfkvptd,3
did:plc:jjh7iwo5vesjrm3d4oqqqxlb,3
did:plc:h7ptvgg5dpf2gv4grei7zfth,3
did:plc:iwobdr7gxcw2ljr4fpz6sy24,3
did:plc:b5akkr6fi3o5y56g7abevcaj,3
did:plc:2dl2i7bqhuwime2aznm7ulab,1
did:plc:qnhoyefjjgcbdwzhzhro7oz7,0
did:plc:cj2xrc5qk7akjxujrtylp5x3,1
did:plc:inxh7ajr7maghciastamt5bz,1
did:plc:3tgy2yloem54kpv2ubcfsp3h,1
did:plc:4ibal4ufwcfcg32o4x3vfdow,0
did:plc:2nmbktsrzacjmx473wllwjdq,4
did:plc:4crytqwvj4ehonipglqe5ctf,1
did:plc:utwi5l2mvsay4bxow7q443f2,1
did:plc:xfycvygit2cyxd2oqlku47su,1
did:plc:iux355tiasmly4jd5sfne6ib,0
did:plc:udby7mlw66wno7xygdidcg2q,1
did:plc:oio5ioplfd4nz2jdrcmhjw4x,1
did:plc:n2x4vmfwadg5vo3k3n3x7qfh,0
did:plc:be7wluafekyysn6dh6ljil3l,1
did:plc:vcykurfvhhpynm4cwhsnnu4d,0
did:plc:4zd54wdmvzbemm42evt7l7wp,1
did:plc:yf6zpvoz7r3exravub5hocrk,1
did:plc:p5rokoilwc4dq6x2pjcxcrg5,1
did:plc:elp4cpkevcechrvj77gwlrkt,0
did:plc:fprvw4p75tflvcqagfkqeiou,1
did:plc:txbn4ug6hz7jwhv5wddpva4i,0
did:plc:pcikkpyaz7oxoa2b4f76gzkp,1
did:plc:io6uw55e2r7fmltqysfpupjw,1
did:plc:yilm6v5dmaraleoqaiuxlcru,1
did:plc:7uhi67athcejrck4k5oilvpa,7
did:plc:7mfh4fcxkxeq2iry3ua3u2l7,0
did:plc:evlfwdjjcyxesb6jvhczcnm5,0
did:plc:f5aicufsf2vpuwte6wizoy2v,0
did:plc:ogvu4tv5sxdu3clzn2gwwpxf,0
did:plc:6dm4qetyrxibxgrey6dbhtsq,0
did:plc:sy6bj2v2oeuqshc5zqb3tsq2,0
did:plc:mnm2mri5k4vu72ld67v6fgbf,0
did:plc:tyr7iqmghpf5qxvqvhblwj5f,0
did:plc:z2fyn5xwj3buropnv5svoysn,0
did:plc:sawh4vdiw425eeshlqgzxfsd,0
did:plc:yi7j3abu7n3l5me5ig47tfms,0
did:plc:jkg2d7uo25s75ufcepfhntut,0
did:plc:f5zbjpygz4ym6g3du53yni5t,0
did:plc:gmvbrhlneizccy7bpqryuygw,0
did:plc:qa7zjuoowrp4hfvdtne4wqiz,0
did:plc:olqojaxxuu6yjqfhiwbuware,0
did:plc:rw5i6mfh25notpqvecr7ucrd,0
did:plc:aimfvy2xcsrlyzk5erlcri6y,0
did:plc:22vhjo3exokuk67vyq3w4ttu,0
did:plc:xiee6ck6mf3by7qzcqseulog,2
did:plc:2slljdrklzeheot6l64674vf,2
did:plc:pnfafxvxmrmbomgftehcumym,2
did:plc:3n3l2krsq7ps4n7vz37v7oaa,2
did:plc:b4c7sichrjl7nif5hm5xni72,4
did:plc:q4akwaw6eottce7u4qipeb77,3
did:plc:pdbkv7obf3f4f2gst2ju4qk3,2
did:plc:sukyeu6hswf3bghzzacwj3bg,5
did:plc:aad7kyhayk34q4fywg3xdemp,2
did:plc:onehxu3jna3fdytkcjmbh725,2
did:plc:rys7xbx56rzeaf3n2zefubsr,7
did:plc:dwxzipa3c3kv2sopei7qi66k,3
did:plc:sdppcq624tr35yjcdndzezv4,3
did:plc:2mpok6f7qvfeyvcouqltmtwt,2
did:plc:cdlnytfxnfanuin6sw2uwkbi,2
did:plc:ker3xfarj6zpnceoykm5ly4h,2
did:plc:o7zrbxman5hxh5iiearcpege,2
did:plc:3nem2kqsnle7ers5boqabys7,3
did:plc:u4qthz3hcpo64y3n3grps6pr,3
did:plc:x43yqs76dtuxqf7yzkqrlz4v,5
did:plc:xyseiij7b6w7qottwu55qhkw,3
did:plc:a223yutyjabrk3rk6ptyd4es,3
did:plc:5lmd4llsdzvukalxr5g2lcas,2
did:plc:xn44jl7hgmstasygjmngner7,2
did:plc:gdxi5xknlstyxdp2ehhp35x4,2
did:plc:ljcyk7tem65k7epgu5pkwuuh,3
did:plc:tisczxks2ilvebzt7d4mdimi,2
did:plc:5fufpvqttib2o4istgkpidkw,2
did:plc:fbyzg67gla2jp6ejnscnzw25,2
did:plc:nz64wqk7ktn7r7txpwdbi7qi,2
did:plc:idx4a5qkkontm2dkymuamam2,2
did:plc:qmmohi6hskhsvqbw46eflibx,3
did:plc:q6qfuajwapj5tovhiy4z6ymm,2
did:plc:4d2nefo32us3m3ffeb7rc7a6,2
did:plc:evq6njaelyuqmvalyx2ddbes,4
did:plc:ygh66s6sux5wtreiv3jprs7e,2
did:plc:irsurvxswcykucygukfvk3sd,2
did:plc:7pso4jsz6eeetddez6lsplfe,3
did:plc:cio7rdhipot5esjub5tf3oty,3
did:plc:b34ocgkfas5k3kvfjh3w7ghv,3
did:plc:vkbo36rwgezj34ac6kvj6ksg,2
did:plc:77srdiojhhhhsoxxjcr54udd,2
did:plc:53ptrfgk7vm44bnd65nsb4ca,2
did:plc:dkzvxz6xkjsypdcdvconz45v,3
did:plc:inui6qo5vevwi6be6fqwibxv,3
did:plc:w5dayy75suhjophftddvrdf5,3
did:plc:eqprowi52lmtxp5hwkldputy,2
did:plc:cqwhfctnpcrre3xovposqjxb,2
did:plc:wc47dwnbzafawz7jqsp632h4,2
did:plc:ncldhcokxhe27qsw4iqrnk2w,2
did:plc:4xru2zpv7ikez3osysrkmpbe,2
did:plc:busmx2vjyzyxrwmop4k3k2zk,2
did:plc:wh6pesu6uvata5rzjbknfjg6,2
did:plc:ckcolss66xsmrvx76y4yeuf6,2
did:plc:6gzizgmyhn7unvkafs5dgcsh,3
did:plc:npre4go5masvjezmmmo6tugm,2
did:plc:mogqorgbisxu4x42meuf5nxq,2
did:plc:p36ivklwk52oty2xzk3373ni,6
did:plc:zigeblppouowyf4idq7i6fan,2
did:plc:w53jwbo6jv56fmdiu6c4vwvy,2
did:plc:zpufp36kn7lrzm2jy6c37cxa,6
did:plc:saknsuerx6wq56a2kzj6g255,2
did:plc:bor3n24hiqlsuzpfsdjramz3,2
did:plc:n7zwauswj7bfp6wojil4ly77,3
did:plc:rv4occusbydziz6g6jlgvvaj,2
did:plc:gt6i7e5uudpwvh5iexm5ebx3,3
did:plc:2ebh2mhg7geolfv63sbmau3s,2
did:plc:hfqc6bvz4znjz32wvchestqm,3
did:plc:vlmcrdvly6hnrdy2aq7clhrj,2
did:plc:5gwz2skuksvtottmhave6brm,2
did:plc:cyulekuuuiltfuql5ljbkwnr,2
did:plc:fdfyzrwhe3q32krod7udnqc3,2
did:plc:7sn4fr4frdtyepc52sfqvspu,2
did:plc:cp3vduw53xkaqnl5biq5kgay,2
did:plc:xv3zwncwvj665rfxkriwmazp,2
did:plc:zp7qfbq2je5pzuswvtpe3wqq,2
did:plc:vhwohyf5qza3y53jcr5rqr6z,2
did:plc:ta2ybrfcrmzz5r4wm47rcdaj,2
did:plc:nca32eldsw5kqtqzfjpv7pp2,2
did:plc:eqqjxrodt7qjibflxhuefala,2
did:plc:kzuonym2gs2gsetol2bnty7r,3
did:plc:cxrlflsw2q5ghmhhx5tyioxb,2
did:plc:2wgziobyeaserfm6we5shnnd,2
did:plc:agsy22d5inwbupsptqcyvbwj,2
did:plc:6ul4xarb2rrhlsnjly5ozknz,2
did:plc:cmmo52t5rzwov4g7kua4jtlr,3
did:plc:wkbpzzzff6f7pzjrtlyphkyh,2
did:plc:4edkf7w3zdzpxskco5ghdrro,2
did:plc:yu3oveyijqtidd3py433ntto,2
did:plc:bx3d5pm355ri5ocdao6ibuqw,2
did:plc:iabqmvcjaa4fkabcfquwltjt,2
did:plc:4dp7n3tyuhz2m6fpzhewfj7u,2
did:plc:uyzbzeinvpmj3vpqvqln3b5o,3
did:plc:vyrctop52vemcytr3xgf22pr,3
did:plc:zjt6igdnliudhui4lf4isdf6,3
did:plc:cs6jnioret3dchj5g3rsedux,3
did:plc:tzkq735acexgss3zka7tfwow,3
did:plc:egckemrl7teuh6q7rkdfwwmk,4
did:plc:ogkqmlpkivfpj5tehorpuc7w,4
did:plc:e4w7f533sbuvifjmets3x4gc,4
did:plc:thk5yl4ridks743ftytyfuod,4
did:plc:sgluj2y7rocdawihsl53fx6t,7
did:plc:abcmcgjz5l3ffcos4u5474q6,4
did:plc:bgyxln6y6j5ilq7q7hcwxe5x,0
did:plc:bts5d6vpiz7f2zq53oam6up6,6
did:plc:ep27y6c3suj72w7oid62l2gu,0
did:plc:uvjuygzbvnnvnv37vyz43dcc,1
did:plc:mtrg63efc3wxfsuirp7scgyh,1
did:plc:ngpleefsyo6qmcffgfgjvojq,0
did:plc:rnjzemwar76yy7tizwux433v,4
did:plc:mzmtoehujifw6wpzlz3hdpni,0
did:plc:juhgmvfwm3y2mtu4v3o6zfzw,1
did:plc:gjh5alzniofrpknhjjrkmg7z,1
did:plc:txht45rhtsuctnfxeiylsi64,1
did:plc:gogsky7c2mtfir2itypxzpxh,1
did:plc:hjhatkzxnjrnn3bihgji43wg,1
did:plc:2nkztwlaqopwokupbumpou7f,0
did:plc:5x547kl4nvjv47o3qrxbyiyh,1
did:plc:m35zkgszqfognfirdxlukjn4,7
did:plc:pqlavcsjejkff7lnnlk3d2u7,1
did:plc:dcitfunpanvabgrcjsk3n2hg,1
did:plc:4xa5nj2f2wmgsrp34ezpa6qo,1
did:plc:tf624t7v4c2dhuyhoxnakz5w,1
did:plc:ukvib7xzyn5cjdapkhntmmue,0
did:plc:ypwk3a2va4sjhf635v2buswn,1
did:plc:7ikb564y3ze6e2tktskm4spn,1
did:plc:pdseoblzrk7liicjduwoegyr,1
did:plc:tutkpqtfsfdql5rj3j4bygq6,0
did:plc:4cbntq4ojm7bqunrmmcuzf6p,4
did:plc:vlu3aqgj4zpscj2wq5har5kq,1
did:plc:ffcxxmvcipcevwkuere5idun,1
did:plc:ha4ida3azk3jx25jlqxznnop,6
did:plc:fdpahyaqeflpuorygxsb2p6m,1
did:plc:j6up66lmnk6uhdkx2o22d7qy,7
did:plc:idhwp5qfv52jmu7iletbvf57,7
did:plc:j4zmn46cbcegbwaa3v2kfglj,2
did:plc:577pvu4vezznlk2mpxkz4wsm,2
did:plc:t2hbrviqzamdgg64omm4ze5l,2
did:plc:bv3ufca3lf6aa25eog6y6jn4,6
did:plc:d7t6lbnenxlfmmc6gb5gnnap,2
did:plc:iraifcy2o3kyi5luw55pyl6z,6
did:plc:6zdyztrxphmdjsjmo3nxr752,6
did:plc:24mgxwj5izb5kvr6awp6olob,6
did:plc:r4a45wshftcpwo5gbvoku5fz,6
did:plc:d4chkrh4c6piqq5b5wscyu5a,6
did:plc:iu7zjbsu3zjm2ffax2perljz,6
did:plc:fifloas7iras6eqj6zbi5t7l,6
did:plc:nvsswgv5pyup7xzvxga2ja7v,6
did:plc:64gebfq7qgx6fwpmfh3qtlf6,6
did:plc:obvwrfeff7a4o6pa7cikpqvy,6
did:plc:rcs2tudnjgmlswbwo74vh7zq,6
did:plc:wyqlksxcsou3hgxcw5qerg52,6
did:plc:a3hacddj67snufdbueajgc7g,6
did:plc:ow3hi2mf4szejta7hsvdip6m,6
did:plc:lkptjloj4gb56zltzkbfstz3,6
did:plc:sfc6isdl5aunlfckujq72elk,6
did:plc:gfi3zh4s5m2s6jyu3alewyhj,6
did:plc:etklgvjictxel2n73tittv5h,6
did:plc:2xazpzuiyp23jsgagnzzxoul,6
did:plc:4hunvytnaaa4wyaxc7uqfoce,6
did:plc:62l3ap2ktrp3435tahh22p2o,6
did:plc:2tzkjjxoz7p3r3e6loqoqe4p,6
did:plc:xigpqxhycgontcqjeac3353g,6
did:plc:cjt2gpnjk5vvwnouflox3qq5,6
did:plc:irv356ibv7qho52w73yvdlhi,6
did:plc:qw7y4d3ml5lj4k6mkjx5i5zr,6
did:plc:ptsht3bhdalvmw47apennj5m,6
did:plc:v65eynfnsvfp4wiz5bw6ktm4,6
did:plc:4udwtr6xl7v75ypys4fqoboq,6
did:plc:yz3b5jtrctcj7qf4gbr63qvs,2
did:plc:6nqfyn3rk32nv4j5jv2ljbgo,6
did:plc:6ikux3jycgb4puvoxquvtrmm,6
did:plc:sgtphipoxsgdumqi4ibdfz25,3
did:plc:gc4cvyz5skxz7wo7vvtru5un,3
did:plc:r2lr6cjon64wu6qgrvjhxzmk,6
did:plc:7c7j3kzo6a6q77nhpsbi3zas,6
did:plc:fn6vkfdjau5fck64dtsmyfof,6
did:plc:477jtwaoshdtnmiu5sc6ccgb,2
did:plc:dftqpnq7dpxrrlwepvpzjk7f,2
did:plc:fwi5mlubnlhvjaz4fknns3qf,2
did:plc:h7tocl36zzfbhx72cvz5sxfa,2
did:plc:ewadofj6qajd7qpkxvcbxoye,4
did:plc:afnd4gvvmxcmvaj2lrbqlczh,4
did:plc:x5cucxpig7ao4gxmkvf2y4nw,4
did:plc:reifmcpmrk5ad3ko44zeotiv,3
did:plc:gthexj6snpsqokavllo6hz5m,2
did:plc:exmfx33ptqlgl2klrko6mw27,4
did:plc:7sbbp3hriwrjemkstnbsjfv4,3
did:plc:k2zmszmwbgtc6pck4bqavkb2,4
did:plc:aedtw7skzssu4uhmtvn4jaav,4
did:plc:d7mmizqdglsabufxxws4ngj3,4
did:plc:3je75nklujop3fcmm3jqi7ob,2
did:plc:mcq2uqdzfphzr2jeythsaqh6,4
did:plc:j2vin3amzye5ifg24bzqrjep,2
did:plc:ghkjazitflwyaczzoo6mwmld,3
did:plc:7hs5isttj7dw46coqhvz6tb2,2
did:plc:prgirpu6za2df777ziwui4bj,4
did:plc:ttfrmsacrw2hrkedumopdmrp,2
did:plc:pacpa262kal5xruj5blfjigm,2
did:plc:tquskoscgvyfv42fdhvpkpjc,2
did:plc:gde7u7jmlrknq6g65rtgblzr,2
did:plc:qxdnfvgoosjflaqa5na7muyn,2
did:plc:twmidid6zzvo2vrep33a72og,4
did:plc:qpdm6hlrx7rzpgsgcbkti5uw,4
did:plc:3f7rjezgpe43aats2rnqrmfi,2
did:plc:vsr4u6jdy4gma37znrqao2vu,2
did:plc:lgpbkxz2b5vdwodvwqtf7fpv,2
did:plc:7etik6xqlxppqskmck4waqzo,4
did:plc:ukp6m6dfbipcixqtmsqe4iqw,2
did:plc:zdimkeij6vzufgkwjcmndqjj,5
did:plc:p72k37hvhf7qhdteu4i5eekk,4
did:plc:empverj4uoeowosc7yl2uj7w,2
did:plc:gjh4hswdpahgwosaktvp6tx7,2
did:plc:vj2daqzat7zr6q6lgcyigazg,4
did:plc:ap23cnyzgre7grgfrobfdxqc,2
did:plc:kryhtppckostkmqk2vohslfo,2
did:plc:rpd75akfqpibmck2opolsj44,6
did:plc:rthjh62hoewgk5boteucodrb,2
did:plc:ny2twifs7dqu2c66zkglnfwi,2
did:plc:hzo2x7qxrcgjafi4i6lmrcnq,2
did:plc:4x52jmleuajvn2mhxbyxnhgg,2
did:plc:yrqivwc2wr3mborfnmzwmjk3,4
did:plc:wzhl34uu3pcmldtmleoh4kjd,7
did:plc:yzcki526crtdyoldevhvqc3a,7
did:plc:qjaymgzs6sf55pbbnk26l7id,2
did:plc:mtpw36phgg73ap66cbgkwrak,3
did:plc:q7z25s2c5ux6qexlhe3duofg,7
did:plc:5rpevdl7mpi6xz5butma6xxt,7
did:plc:asezdiwhu3t6wewvypmzulhw,7
did:plc:xrrfkg53g4nc3gjzaypulcml,0
did:plc:e4huk5f3kdke6mwj46zhed23,7
did:plc:hp74x4swkdfqyb54focxze3w,7
did:plc:wiflej232v3qx7sxzo6xxxbt,7
did:plc:azlhlgmmrezqfqyq4bhdrvok,7
did:plc:b4ewz5kpp5k7ywwix7dwo4pj,7
did:plc:mapwrvbnwevf2m3no2fh262r,7
did:plc:qr4fehc2ws6rjngb45jvfam5,7
did:plc:gb72x4luubngqbdcbrlrkppa,7
did:plc:x2o2j4lwxbjewz2w5aflparw,7
did:plc:hh2pavfyozf5pvpbs7oz5ryk,7
did:plc:3zvl52sfobeqg6qa2dsqxqhb,7
did:plc:sqs4p6dckfcvcqarf5hon7yk,7
did:plc:hybg2i37icgky4crm3t5zcpy,7
did:plc:ke3lzjw5tp2jkbr4rfisfggz,7
did:plc:777tdorf7xhwpfaonmgmgze2,7
did:plc:pz6nlskckapxyli37fr3cn26,7
did:plc:l4vvy5adf426ywe2nzjj3377,7
did:plc:eri6afanjjlcgbkyeft2kxbp,7
did:plc:jldj7wqvmwqllyi76w4j6ucr,7
did:plc:6iwcsbt2wlg27quurcauwrrm,7
did:plc:3z74k3legs4o64bqvk7ohun5,7
did:plc:pnchwnz2zjjunimrkgq6x4ff,7
did:plc:y4kznwazezwlrpvo65qnt7s7,7
did:plc:ttmikrtkoxmkxd5d7abjomuz,7
did:plc:5kbwfn5gmrabc43fojybas4h,7
did:plc:4wwrb4s5kkprsip6gvahopyh,7
did:plc:cor37y2oapqf7elt2khzenr7,7
did:plc:gww72qosj7nqbxibzlrzq4wc,7
did:plc:axtneu7bbqo7zu576br52ib6,7
did:plc:j4fgr7pyazy6iu3b6ifwd7ui,7
did:plc:nyagivd55dy7bjh6bc7m6hdc,7
did:plc:xctwgtvsio5b2xwevi73eec5,7
did:plc:ywzg3ywfatnppozjx7o4h7un,7
did:plc:rbxcmtfgt746dy5vlql4odv2,7
did:plc:4n5ts7bjvryqq5hv7cjla4e4,7
did:plc:iriol34h52w577abjz5miyf2,7
did:plc:wty3n7tqoc7cjrgh4yl2idc4,7
did:plc:zb5vi37uccoskaxxjg4w3khj,7
did:plc:dwl5fteo7gbagsqmdnuhgl7s,7
did:plc:potzbxz6p7a7d4brv4lkbnu4,7
did:plc:dmztyk5jkrod2r34z77ehkkk,7
did:plc:fm67lofxyxaqvdzaivvkwyfb,7
did:plc:tlzwhhtfnlzzxdelgl76pdui,7
did:plc:hfdi7acivxr4zggy6c2clnvj,7
did:plc:quoubrp5tzmyhuyiqcbhi6ht,7
did:plc:nu7p3q3fgdbgcww5v3cnb3ul,2
did:plc:hak7uhafnfumyuh6aj4vdaig,2
did:plc:77aa7uhc5oltfxps4576oaw2,2
did:plc:7jd47ex5wg4at2id7irp2rkh,2
did:plc:oydr3umvo3uoarjfldeue6kt,2
did:plc:mvnopsxv3bdnwgb7r3irh5v7,2
did:plc:hx3sypsmfmlj6hjy7vt33zzc,2
did:plc:eav6ad5a2ekdcmhsualud3hj,2
did:plc:pdmdyw6vx7lr2j22w44gtlb6,2
did:plc:rp533advy6ul6bjhjccol7nj,2
did:plc:smamqcwvhxbeczqqgkghq7zk,2
did:plc:ybilnpsbp4ajjzwthjrarbvv,2
did:plc:pt5xjc6pftw2eqiitqbfpefi,7
did:plc:gu2e5rvakigz2w54phqhpg5e,2
did:plc:zunyb6s7oobdlujycr3gqpun,2
did:plc:w25fzyy67rmg6htmbo73ub3g,2
did:plc:d2rhaawfgkp4stu46kk4vf6z,2
did:plc:r7emakx2ro7j6sc4ludro75y,2
did:plc:bmwwxjgmcxistjtoxayivak7,2
did:plc:wj4ouwnas76rfmp2boyfholr,2
did:plc:dyy53f6nxpkk6mp76prnvopb,2
did:plc:mtnnt22y34togqss4vio6a3r,2
did:plc:s3zddawf5n5niyql3fybhwfq,2
did:plc:bi6odlklcpgmz5kw4uugbmnz,2
did:plc:qgmw75ln6ddtbshl2rexky4s,3
did:plc:tezjdbv5o4r2ofkd7zhoptu2,3
did:plc:xxbc64xzzb2yuap3hcebskzm,3
did:plc:ripbakyfne47buudqznikt63,3
did:plc:3axv6ug24cx6x5eqepvtjxyk,3
did:plc:ms7l73e4p2i7lm5n5pcpd3g2,3
did:plc:djxogsh75ct6rvx2wcwbyili,3
did:plc:4eixeqo6b5ajopdml5zis7wn,3
did:plc:xdmgi226kh5ngqqo6svrqeke,3
did:plc:nxpxzmmn6fgi4764rkuim2uw,3
did:plc:abewb25a65arvstxcqns624d,3
did:plc:oj5kqw4q3g5jcix77suhu7su,3
did:plc:tydnnz7g6yjfzfokksapen5l,3
did:plc:ybr2skncvyaledjd3p5e2tke,3
did:plc:wtjt7fltanhvi2y5gpktg6jc,3
did:plc:bpvl6hqsdubkws5m6jtjxnfz,3
did:plc:t7qjpwowkoiblttrmg2tm6cd,3
did:plc:l3rftyve3dsaoabobgjh6osu,3
did:plc:s7wayxznfc4i2uc2sobrcp22,3
did:plc:6kbatu4fiteaolsw6qcll2zx,3
did:plc:lpgutc2gzgzfykvs7hxkb2dv,3
did:plc:ffajcaquyhmrvcd3qyxcoobb,6
did:plc:g7q6yxob2yvwq4y4zrwwtj6y,2
did:plc:wduduyiq5tncyqu6f3xw5dcd,5
did:plc:45e7q2yfldcmltidmkavw5th,2
did:plc:rlwboxuuhaxwudp7iakmkoaw,2
did:plc:orbhl4t2zq2lxn3uyrm7i65m,2
did:plc:fr5czpf7rd2y5mjfrrfv7ka5,2
did:plc:zaqgtrwgjh3u7yjcgzumdfl6,2
did:plc:4kii5x343zqzj2zbhtx7i6ll,2
did:plc:fpoy7saihmyglqkkdapboy3a,2
did:plc:kthssrrtsfdlc4prcfd35fnf,3
did:plc:gf4thyxzgw62etkkxpu7tywm,2
did:plc:dzxvvisi4bhc4lnz2xi6i6ud,2
did:plc:kj3dcbdkboz4k6veaz6yas5c,2
did:plc:rz6o6tdaegg756hwcpk6xor6,2
did:plc:ku4w53o67mrhy4kprtzd2w24,2
did:plc:e7x7izj6fl7d6b5lnqcailpq,5
did:plc:odkiqcb7kanu22v2qixipcdf,2
did:plc:h5b2x46tlly34ypxuo74ub7y,0
did:plc:2kwvwep4rehhp2wuhdw3pmxo,0
did:plc:6erooepvmfc45orxlkmqpwez,0
did:plc:lxid5bd2zxkrgx47uy74txsy,0
did:plc:glo7fb3kkdbo63zixflfbgxw,0
did:plc:jush7662cbei73jiiaddxc72,0
did:plc:ktzpvvtxp2odjrdwnglvspbb,0
did:plc:xdr5afgwondir6s5xjp45nkc,0
did:plc:af7tqcetuyt352aolf3znlxe,0
did:plc:eik4clq3pw3yevaiytbsiw5y,0
did:plc:6hy337oeodhjpsa2ezr34xdv,0
did:plc:53sx62yzbpklgsdesbxojn3e,0
did:plc:64zyeexwq37nx6h7xvke4cow,0
did:plc:pjgu5w4lurzrhuci467nrb25,0
did:plc:skdzb3h536wjnuo4daobrlpe,0
did:plc:epgn74iqsmvswvlvzxk35oex,0
did:plc:xz4xcr7gp55jeku44eymry5r,0
did:plc:4bgvmomvmp2na5kydhk4i4zl,0
did:plc:5ysphtgcpshb5co33bbyiesc,0
did:plc:xhsz3gk4ieoerybzvqz7cio3,0
did:plc:zhnbqy2jzif6cxf4ya7bd6lv,0
did:plc:77mpphan3yuljxekahwqygtm,3
did:plc:ekt24odvuarwbjseeg6v4jr6,0
did:plc:zffh4cjfro3t44fb5w63q7jp,3
did:plc:iu5jrv4tbplgeo3a5j2jju7k,0
did:plc:m7us6tnewncy5t4fsickp4sp,0
did:plc:cvhu7p2bziajywpce7yrlevy,0
did:plc:ypk2gwoe5qpe54udozopkini,0
did:plc:7k5frhrtus5fsvvilpf3hq74,0
did:plc:74lqtzlqfqg35g4dyys7ges3,0
did:plc:zsxpoqs6rflvfeeavaeexnsw,0
did:plc:j2zw7ujgzjx2xelbsb2qptvy,0
did:plc:23zwh5cbga32gbcisjlk3b3j,0
did:plc:bajl74c2lw6stbjoqnhriox5,0
did:plc:4drsxfjtcsjz77zq25qn5rhe,0
did:plc:acpmsq63t5sx72yq2hctszvq,0
did:plc:nbm5sthf54yn2nn3wdlklw5v,0
did:plc:rwae3gsranx4f5sohykgu3ff,3
did:plc:4qmg6r3shnk3mfst5w3g6wy2,0
did:plc:bpuf5loowcyvp7bn4o4h5at5,0
did:plc:wvrlqky7n52u4mco5oewpgfk,0
did:plc:ruyu4whcfqm2mbknvutlbyig,4
did:plc:c36w47uexn3o6dvw4kgqb24t,0
did:plc:sfblz5gm2topbduvr4czwg4f,3
did:plc:7x3chq7l7o2dsdei4jlt7kmd,0
did:plc:no44ambktsuklgtdc2r2tbo3,0
did:plc:tfuvqgrhhw3ha7ckugrmq7we,0
did:plc:dbnfgp54eyysq64mwqn6ys77,0
did:plc:qkehucm6l6vgwbl7k7fvcg3x,7
did:plc:6gk5uvue4pmrufotsb7h3b24,0
did:plc:3ayyqt4t564xns43qouyvze6,2
did:plc:obc75ynlqkrl27dnurftivys,0
did:plc:xnx52zdoyuf777kntfughiwa,0
did:plc:y5yvly24sv3gk2jdtd52f36n,3
did:plc:ugyz4gckwf7f4jzohvzd3jfy,0
did:plc:xkqww656fshbbcmpcmptsmke,0
did:plc:jzaxrzamhz4eayabnzbyvp5z,7
did:plc:n5mesjeffoe5eq5a4fk2ro6p,0
did:plc:co26wpwdysbnkhpfvp5bw2yx,0
did:plc:t5qohn7dzcq2yznxp7khd6op,4
did:plc:4ugmaasodnwfv65m3ytf5s6n,0
did:plc:hk6peybust6cjdbwhgwitpwk,0
did:plc:xy5et7tjp2m5vcse6ky23v2x,0
did:plc:c3u2lf2g2qm2gcgskzyrjknz,0
did:plc:2tgq3yneur5lzrd4vqnolxyp,0
did:plc:kaucpm2bvj4aky3hkbxdeli5,0
did:plc:spidx5ddncssk3e6sb2mexhj,0
did:plc:5spd6yu4qbhl3uwkqjtmhhmx,3
did:plc:j5qvl6neq3j6rssvnaf3uqox,0
did:plc:qawgaub67xrpj7tpntuun5ne,3
did:plc:h4biynydiubas75ynrmxsw3r,2
did:plc:br2agfdxfs6vpb5ehzmvyzq5,6
did:plc:ntbinoqrxxmz2bxrcqazvilh,6
did:plc:3wbs6awi5pv4vcbgeofz3rwq,6
did:plc:ifpzbxv4tqigkw66tz4yrojt,0
did:plc:jfyk24m2mvaa3tt6jesltpaf,6
did:plc:xdi2g7yzss33w3jwfhzuukxp,3
did:plc:zcbqbro7ekzekzzrtlnaftrk,6
did:plc:a37iaurehaqjdndrqpi2ep7w,4
did:plc:6f7xzrrr5vtotrzfzcswr47q,3
did:plc:34lox2b2gwhcfrt5u6sqbcbm,6
did:plc:2qw6b6go7va54fczjpcopafn,6
did:plc:mhwddaymgynhkca5t2f55ydu,1
did:plc:mf4dy2twvkt2xcwfct3qvp2l,2
did:plc:7r5lo6mp4j4nnmhyrbvelf3s,6
did:plc:ahi4zrwfgxyos5mb3t5fsgen,5
did:plc:k4gemujekywgxdyqlblblowr,2
did:plc:yeaibnohjikqsumezghowzpa,2
did:plc:tyegthq3wuldq7aunaeeymz7,3
did:plc:jmum7zuew3wp27vkzvh27ngg,6
did:plc:vducyu42hthrjfdd4cv3xivs,3
did:plc:wr6esgkuixhvsge3ueraz6yb,0
did:plc:m635xjqc53vn64f36f2hr3fo,5
did:plc:xt3ccjiigjxzktxvc6btjy5g,2
did:plc:tzceq4p2mwsnul7tqg3t7hh2,2
did:plc:4yzvd3djzb4oefr4tgzjhqat,5
did:plc:jzy4pw7i5sa4dojptofjd5he,3
did:plc:jnvjithdvtawry6f4zectieu,1
did:plc:3nqm5ugzawvovfed4imas7jr,2
did:plc:dglf2ri56ldgbgkrzvsbwnkt,2
did:plc:4aoejl5ou72ts4jdxm7jhow2,6
did:plc:sgah5ssoi22jiplyxkjv5wj3,6
did:plc:to2vwjbdnyrcp6pxrbrzibg4,6
did:plc:b7y7s34x7s7y5shazqqvbwqh,6
did:plc:m24rbq4mvqc4jqa5jr33gzba,6
did:plc:y2kfb3oc5k6uruy3ygsccdlj,6
did:plc:fehjsz76tdqzmzmj5bi3l3ir,2
did:plc:jtri2zwuucswhj7ofr5xseoi,3
did:plc:eei7obnswwgbuopig3kuyfos,3
did:plc:fmymax5bb6f7ioemsb2rddi4,3
did:plc:vef5v4tof6av77epqxqat76a,3
did:plc:udttztasqatmyxst4boutyc7,3
did:plc:tbxudwachhuqucg3ptrwhrg3,3
did:plc:cubga6oxmodv77sju4blrf6p,3
did:plc:ej6dur4ohuzhtqlbpk7iu6hj,2
did:plc:k45xahtmq3qsgaqpkcxfwohy,4
did:plc:4ox2af4yvn4tcrt337p4cazz,4
did:plc:mmujeavdypmgnwbo2qybdhdv,3
did:plc:2yq4tj4xexjb4dylsymusmrg,2
did:plc:oncmyszrpo6uc2ksudeu2rlo,4
did:plc:tjtidhhyxopqrmxbkbvqckw7,3
did:plc:5umvtzrqd4boyowvdlnbb6hu,6
did:plc:twn4lkzgnz5dfpw2nuiqozbj,3
did:plc:q3mqxxcr3kowmyuzailzmtun,3
did:plc:by2mesyw6mwp5xqyeipwjzqe,2
did:plc:tggsum3mtnghmq4wqb44bl62,3
did:plc:36codadegjqeki4iyuiib3vx,3
did:plc:urjxod5ykvattm35t77pkvte,3
did:plc:etbr5b6zyfjpzxqdsaoom2uq,3
did:plc:ydlxotlrnzgx2it6ke2wh5im,3
did:plc:ywedkbjwvv6ze4zwjpew2ew7,2
did:plc:dnezo2ojh3g2ye44n5peghwu,2
did:plc:2wnuckidi6zqiaux4j6kk7sk,4
did:plc:gqemgaikl7dosn2zcbsllvbp,4
did:plc:bmbmpv2wggepdivr4yrdhcdj,4
did:plc:6vb2ulayv67kqchkdgyad4gf,4
did:plc:kzbuqo7peiscigqome7sfpfg,0
did:plc:2gx2noukxzwmj6dkxbmh3qt5,0
did:plc:25tluco43nacuajyg3lwju4d,8
did:plc:2mkgbhbhqvappkkorf2bzyrp,0
did:plc:hss3j2uwxdxklj6f3bx7ch5y,0
did:plc:qasoxdtxy6w2lv6sixdjdxfe,0
did:plc:xkj5ahhum5o4uoqx542tzak6,7
did:plc:e4itbqoxctxwrrfqgs2rauga,3
did:plc:fjar45oauoeppfghwonggrec,0
did:plc:745ddjnil4vyfv4ynwdab274,0
did:plc:jwep5xkdr7finbqalaiho5ft,7
did:plc:vzzbw4qz7bbzuofpqqie5cx2,7
did:plc:cvmmvawq5z2qxfhtu3umrx3f,3
did:plc:phod2o7bz2lycc42sqtwhubx,0
did:plc:5wmwbibbyym6nmkmz7b6yyoj,0
did:plc:4djfp3b27soxcfkxhirydi6d,0
did:plc:k2weqoffrljoi7d45jjhjaqk,0
did:plc:mvqgxyogng6i3ki6ps5klhwp,0
did:plc:gnv2tltcefme6vycr2eigajl,0
did:plc:qikyah5ueg75cpongj7aozd5,0
did:plc:u3kjbm2q66tdwlyxyewgbdsf,0
did:plc:l6rxblfggentcsovzlkl4x4y,0
did:plc:wrenb77uvt7f3idufxtkecav,0
did:plc:rkreojkpystqvcsz3gy4mk7g,0
did:plc:fqa4egxacjnt4chxqhq7pexr,0
did:plc:6flda6mkfptuygdlhjyibzpo,5
did:plc:inmwkiodhq5bpcnzpvtgmtys,0
did:plc:35mtfidkpaxztvnz6awf22hw,3
did:plc:gycppcme5226cc2vgp2tgt5g,0
did:plc:ni2zgvdh4se7niaikwd672om,0
did:plc:ts5ajcxetbjh3kx455t3fwkq,0
did:plc:p5nzmikcl2zdcsqzefzxn4ea,0
did:plc:byybywxoagaolx4uahz442cf,0
did:plc:nv3vz72nvob5wwchhibj7ppd,0
did:plc:n2xo2fd3etmw2uvlc5vdtoug,0
did:plc:zskdqqaodqtl4dxd273lerbv,0
did:plc:o32nq6gzd5denpjjws5zizyj,0
did:plc:rjc4lx6itsbu6fpqg22uu5lv,0
did:plc:xslczx23j44xxad2uttat76z,0
did:plc:fbtvg6jxtdroidfvq5z635xu,0
did:plc:mrhpiy24pww3jdsbkc45cy4n,0
did:plc:fqd4rl4hmciuby7vrm3nlsir,0
did:plc:o3b3g5ae47bdrxz7vahmyey6,0
did:plc:k4hbmlkmvgguglbtqq2q552d,0
did:plc:tn62qjcktc2ep4qswbyocm7f,0
did:plc:gcwb4n46jcak54iboua7zjkz,0
did:plc:wntwrud7ydgetlowxn7p7q4f,0
did:plc:65kgbz66upvsypubrj6rfjvw,0
did:plc:apssfu5zqqdhdxsutocuwgd4,0
did:plc:dpqwdfnw34nqn6ytipy6elm4,0
did:plc:edpqxrtcnffoj25yifceea2v,0
did:plc:4eg2mtpv6jgs2ya47sb7dn76,3
did:plc:nfmx76ivain7tiirliszffzo,0
did:plc:pplmknt3ua6bqyqnssi4y7qe,3
did:plc:xlemyobrfwl76jg6lmcvn6ee,0
did:plc:qxzw2woelfadrk6lz2jvcvwq,0
did:plc:flo33tpbdtapuryzc2rokiz2,0
did:plc:ujk32y4r4juj26d4murda4mf,0
did:plc:kh74cf32ohifrgurvedv24v5,0
did:plc:fg3y65oxumcyatjkmowqdr6g,1
did:plc:zlztmjfy7u67uhtovw2jpq4p,0
did:plc:3bqlxrj3unqggo3glzhkwaob,0
did:plc:fuizrn4pftbqynr4ynbqigum,5
did:plc:pe4kfe7yli6lstg7fwb67tyi,5
did:plc:4n7dgofkmdiutvuqy355dsla,5
did:plc:eivn5y3otyarnoleuk3wbvoo,5
did:plc:wjrlfhomug56id3z2v54dk7e,5
did:plc:4jqookzr732zvqeybhmuzg3z,2
did:plc:ydatnnk5x4zsfavgk4l4k27v,5
did:plc:riwpfojapsziitmpkw4fvqnz,2
did:plc:bbcxi2ripwd5xxvuan4zlee5,5
did:plc:jrge7zbb3rgxlnkjuqubno3n,5
did:plc:4m5ewyh3s3zbn4ffvuykwuza,6
did:plc:tefa7fst4dgrb24d7nzgfplf,6
did:plc:spvfbu3rzpo2aajde4j6ommq,5
did:plc:v3n2f5r2qe3bduym3r7x2ucv,7
did:plc:wucumixw3skk7b5262xvrngc,2
did:plc:7h7ntprc4kkozwmmisdzx4wi,2
did:plc:64qk4du3fd6vr7v4ei5l7xem,2
did:plc:cvafrfaycpj5fsuhl5gmzegw,2
did:plc:mx4noq3wn6kwzakpkdix4whg,2
did:plc:yyr3lso4nvfbk2kjrealbm3j,2
did:plc:wtwpcoi6otsxpnh4xjlcprrg,2
did:plc:nu66j4zs6ejh6mrtcz4dwncj,5
did:plc:blh3msx5p2mxj4lxjlbxwrx4,2
did:plc:de2jla5d7zznhgs3xpllurm4,2
did:plc:trwru7nvoht3ljh4zpfxvbcv,2
did:plc:fux2o5c2byf3qd5eqqpwrmcc,2
did:plc:kfntsbhjami25nva6eva35bt,2
did:plc:m43opz6caxirqubeyd3h6nvt,2
did:plc:yhcmnsu5wzqaf4uww4xgwtj7,2
did:plc:gkirkehqmdizhp27kv73x57y,2
did:plc:bpeuqxxvqykbm5h4gt2m73lv,2
did:plc:tpyxroqhzfta74lt4nbkilw5,2
did:plc:kwcmsib635uh2zpljmu32uwj,2
did:plc:ukqk5tkjkpymmv7me3h6rzdy,2
did:plc:qhrat74qkrkqbmvuxe2nrgyz,2
did:plc:prnz563a7aijhoabyinavjo2,2
did:plc:4ibmxiglh7gksaxkjcvjxbbv,2
did:plc:ox4dnvjhgnx3rvzshbtgmd6f,0
did:plc:hrfkwtbsyvogrc2xjkzelhfg,1
did:plc:3vd7pr3bjuyfppp5vy5j4mqb,1
did:plc:su6h3l66pw5rdjg45fzoebr5,0
did:plc:d27dryyspykxvaqpvmmkjamw,0
did:plc:327d5o5oxuon4e32a3rfyamf,1
did:plc:gskh34yjepafnun23o7yx6ue,0
did:plc:xxpzwp7wsluknz6dbi32bspd,1
did:plc:m5rfe3ubaoqfhxu637wgzs34,3
did:plc:6km6rfbtapa5zbxpau576g5l,4
did:plc:dhatycvk3folqid45tih3qxw,1
did:plc:qxwmcmrgozgrb74m3fhblczh,1
did:plc:akbyo6qy776awluscyq4uzpc,4
did:plc:ukz2k2go3bm5bez7emsgvtmd,4
did:plc:d5sxqc4owsxvaz37lnjufidb,4
did:plc:z2gmnlwxcpu5krkirq6ptezl,4
did:plc:suvryhn5aut3qngahi275ju4,4
did:plc:ezguy26iiuld6267uh5dau46,4
did:plc:yr4pknwtqtsnwxvxtraazfz6,4
did:plc:bxaaqjabdungz4dlsmkx2mds,4
did:plc:tb2z6ejkq77ga4ycaaxgd65q,4
did:plc:y734ulpijtdevl66btwpc2ul,4
did:plc:jgxi7qv36zqnkhlkjdl7reu5,4
did:plc:nry7r2m2xf2eskbtzwdu3e5x,4
did:plc:fmrld6i2uo4pvvaks5zai6tx,4
did:plc:gjboo52yuuvzmzi2v5zynr7t,4
did:plc:d3hcjifflnlyzfrfviq2iqqy,4
did:plc:32us73pm6nwtftnrd64cg72s,4
did:plc:r7vbivtefrhcfadchuohroa3,4
did:plc:umxbosgtybxsxgwy7riwyelq,0
did:plc:rnyl2523ekwuuwrzpqhq47h4,2
did:plc:qwr4k2wnznugk2iq4wm7xxnh,4
did:plc:vnnaa6txot7zoslw5cnxdr4z,2
did:plc:nc3sipioubzbzk3hqkw2tk3z,4
did:plc:zcxr4oilvuctbs5gprctzs5x,4
did:plc:2tti5gahlnhtmfhxsxr4rasg,6
did:plc:rss7zor6j5ttwaegrrh6g5la,4
did:plc:ue5cmcuqf6nhadmmwhdlb7ac,4
did:plc:shkfq66x4stviu3ff5tzhl3h,4
did:plc:ad4cwjvjlbwj5fjgur3c7atb,1
did:plc:mzeg6x35hdkgi3uqj4i545ck,4
did:plc:nqn66scaerlqs64xdf726yjp,4
did:plc:ms36vqdjcsr26p2nuxkyvmmj,4
did:plc:c3y2uamg5w32hlr3jcyinmna,1
did:plc:i2mh55bckohcnwv3qju7usr4,4
did:plc:larvht2gwtg5b2ntplw5ix6b,6
did:plc:r5shvwsn2oxbcizezk7dysp4,1
did:plc:nzoweidrs2vk2t5woeo65yuh,4
did:plc:jwlmvv7agmow6niol3r6bzri,4
did:plc:j4pjoqmr7abwpvnbfdwwcv5a,4
did:plc:3ykmidif2vr3gwpd5k4fhe33,4
did:plc:6cqpnzz4c3e6sllzzuyo5gxx,3
did:plc:g34brxijq4xswo7kxvy4vzhl,0
did:plc:nmf6pozkflprhix7sgoabct3,0
did:plc:siclj5jstt2xodsn7epgnqld,6
did:plc:3he3lgaamyif3qs57jmgi3oy,1
did:plc:cqoxr645c72uwyisbj4p66yk,4
did:plc:kwlcpohef6gib7f5tjzxouks,4
did:plc:ai7aruhza3mdswhlschv4kt4,3
did:plc:iyanpjgdfuavx677kn6frt5b,1
did:plc:2njfzvcrglp5lg45bpbzgcnb,1
did:plc:ghsyun36sonb7z4tac7ci75r,6
did:plc:4ksu5lfwkyd7jtb2kjbma6pf,2
did:plc:hjm7cfdws3lzxd64kmlnzjzf,4
did:plc:tpj4tlkhszsuqbql7bpo652f,6
did:plc:rejoxoycc33anj43yv5ndeak,3
did:plc:ayj34vuzllpck6mw6lovkh7e,2
did:plc:n7s3htieohk67fbvbn7juqz6,4
did:plc:wspr2g3jbhauzw3767fvulwp,5
did:plc:t55arpgda3iweqzcpq66fwt6,7
did:plc:px7drz2imcxsdw34enpalc5o,4
did:plc:whiqtrtnf7rzyu6olr5wxsxx,4
did:plc:iil23ygbnznzzbkwerjtwgqs,3
did:plc:yl2xq4y65oy6bqjy6dafiika,4
did:plc:cgitrvqustgcbucdm2u7me6w,6
did:plc:wurwg25i4pvnq3w34h2hldnv,2
did:plc:o7dvi3uxmwe3dh5nbkuvosqh,7
did:plc:h5rx3l6gd5nkezbygg5dan6i,2
did:plc:h6hhambvzxztr6jdtd2dbwe2,5
did:plc:itfb7q3bfciofawqdbjjphqi,2
did:plc:mhj3i6cuwkcslapgf2d2nxgy,2
did:plc:hijeqsnl5rjtqez7qlncpe6h,2
did:plc:4wosqamtkbxmldpqkizjoybo,2
did:plc:sryypfcx4s7eymzjodmjyjtq,2
did:plc:pa36hf2o5kupyyhg5iwwhkk7,2
did:plc:lpzukjlmtfgylkgcrb53jdon,2
did:plc:2pqfajjlp3tfc63qfaaovudq,2
did:plc:efz2xnycyhvok2ijmptjxnw2,2
did:plc:3ah2mynmexbg2iifjdllmogj,2
did:plc:l6neaiwqqszxbgyb6fpfkd4w,2
did:plc:mzebcpezaum4ycsavo2jizo4,2
did:plc:ggm4oha25s6ubfejkzlq2ukf,2
did:plc:bmk6qx2hsuwdyti4z35yai7k,2
did:plc:yzekqtwg6kmal2o7fagphxq6,6
did:plc:ab5mfdox7vzjmtqmohyvyd7e,2
did:plc:zbl5jymq255qxthmvijqk5yd,2
did:plc:hat4pudrqgtaogobxvluwuna,2
did:plc:m24sw4vhle24kcdg4bv4ogqp,2
did:plc:7jevemrmuoyd2los44duvug5,6
did:plc:ymn5qcq7hzp3ctlisdg43t6r,2
did:plc:knki4h26upfdmea5kl3ic3em,2
did:plc:2lnzohxdi7dw7z3e7747qjnm,0
did:plc:vvg7sbrmjkxlr7cmb3adfvez,5
did:plc:evcsm22t72rboij6mmmn4pa7,3
did:plc:3acpob7myd62nxoaqu74wp5e,5
did:plc:c6qbqk4byxxx2g5eafu4mylj,5
did:plc:tzziairu2hlxzzuuif2agbdk,5
did:plc:2bvgtrotv5ud7pdf6hrtxe2n,4
did:plc:4kfvxkuwq56qoud6ixerx7dq,5
did:plc:i6ghtz3pe5uzmnyefjhehinf,5
did:plc:fdskem3vqjbj4nq62ndu4laz,5
did:plc:n2x6lthh5pcubchht4gsr54y,6
did:plc:ywlagohauh5cgwmspgnrpd2o,3
did:plc:56yjnq6iqzvskduydvw5ckoo,3
did:plc:iix6x52yil3zotxq4hcq4q2h,3
did:plc:5vbwk2snexoheapiepbol7oe,2
did:plc:pira5wsxec53iqpkgrjcxrb6,3
did:plc:fq7f5ppnwmgq3qfyen7be4le,2
did:plc:3ydmvglbkn4o3h3vvlicwej2,3
did:plc:75i4iy2w36glealg5oopwr5f,6
did:plc:3ngqmg66wyfkhpz6mu75aa33,3
did:plc:bijzc2v4thmtm7z4zs2l355l,3
did:plc:joixo3fhpsgzd5mrwc6xkdqn,3
did:plc:y6l2rvixdyz7hk7675ualsxr,3
did:plc:3foovpznyupslxlbo5qg3eb4,3
did:plc:l5h5h6xwfe5roieash6ie2ya,3
did:plc:3lpirlut4mnz2wkroqo74yqe,3
did:plc:ph6ehdw4vdgaxfeow3y3t4d3,3
did:plc:nmquy5isnkf5vqgbpbuxomjc,3
did:plc:tk6yavumhhjplzqijs44sc53,3
did:plc:k3372oghw4wvnonqpvgbygae,3
did:plc:jewzg4xrj2zqexfkm36eaxrr,3
did:plc:47ya3jnsmozcxfbixem6dj5d,3
did:plc:wyqv3jcspknvboilgmpdh473,3
did:plc:par4thkpclavveljjgkfo5ud,3
did:plc:bcy4fuudisyxl77jamz7r53u,3
did:plc:lgjtjq4la6ie7mp2i422z6bu,3
did:plc:gircfyitwa6h25zrsfkom55a,3
did:plc:vnfqcj4yngpqyqszi2g352pn,3
did:plc:puaft4gh44tvmn3cw6qgjtba,3
did:plc:wztmmy23sfiyjxh3kb7sxh7h,3
did:plc:p2nrvpevsknpy4unwbv4aqoe,3
did:plc:froh2fvdewu5fpukkfod7r6o,3
did:plc:6vldfwdx2wyaf6dislsorvtb,3
did:plc:z53fegbrlq4e3tfvcas3cgum,3
did:plc:77xdj2b7sq7qlqttmluo3iyz,3
did:plc:d4n46m3c7urwwadykxflxqjw,3
did:plc:syh2wsgkx7tqinu4yiybeg22,3
did:plc:gcyebqepqlljfqy6uwzhjbyd,3
did:plc:5privorqk6ow3yzvivhpemas,3
did:plc:bf34imh4whucujna3p66z3ec,3
did:plc:w32tm5oh4oszwurgnswsubjm,3
did:plc:a6stdmikxep3md2xvgqqispv,3
did:plc:2uuiopquszyrxnzhm2uejsqt,3
did:plc:lryc7dxhluuqjedc3npewyg3,3
did:plc:y7kdroojrfzj7neantw7bjvb,3
did:plc:74gt756ahvgektuuautzozl5,3
did:plc:xdtztulczvcribyqn6bupsih,3
did:plc:dhlxgsm2p7nzfdgqu4z64a34,3
did:plc:2hupnzxlwxetivprs3n4j4ed,3
did:plc:vgq6adf3el2emtp4wmjti7cr,2
did:plc:nqiiado5zwaupavm5ybbxj2c,3
did:plc:y5w5lvpzqccgulglrijp57mz,3
did:plc:v2w57pj5l6awjnpmsl7wvn35,3
did:plc:7allcc25klueq45ha45elgoq,3
did:plc:tjp435k7gkjhzoh5fp74el3r,3
did:plc:asd3cprwua2m4jvjlj6epdrf,3
did:plc:tc3myhltwiszas5a73vfhbfc,3
did:plc:lsvaslz2tf7mfony2r2xyonn,3
did:plc:h6dwch664f3qopntdhw7xbai,3
did:plc:mkt6efwzizdms226rcmj3g2y,3
did:plc:vtcu4ojgqbq3six2jqhsgckt,3
did:plc:xizysjfevob3iniqskeiugn5,3
did:plc:4iiabj43ufejwi7gafwufnjz,3
did:plc:n5ntmtfsujp2kewyngfdx237,3
did:plc:qdw77jofjk2ih5yekszp6n56,0
did:plc:blhors5awc4tqah7zezc5vrm,3
did:plc:mzzehey3iw2ulnthmq2knsag,3
did:plc:zdzj22g5ogqfwdfttukcxltk,3
did:plc:e64mn42fltncjladxa3d3cjs,3
did:plc:zohot2ctog64lah42fsli7pc,3
did:plc:v3kguk3ddt6ruxhwkculs2zb,3
did:plc:wj32csikyt4on2wwtc5fpres,3
did:plc:aonpi67qigqvduzoovlvszds,3
did:plc:lv26i2oswc5r6a22q2mh4dpi,3
did:plc:lrz4wudybni7m63u3kg6td62,3
did:plc:zzkv7o2ynnstfahq6y7iq6fl,3
did:plc:rtbaegkinztp57tixvmsl2hx,3
did:plc:kfo42lujf3icihyogz3homfa,3
did:plc:r445g36ieuzyoozfavhjucp4,3
did:plc:zpmeu3qdtm2hohfu6tbnhhkq,3
did:plc:xtjn2xcc5vfyvpyzz6ab3fin,3
did:plc:cnegme7bnbfyekmmwypwh25g,3
did:plc:lxpncqoc3y7sauzo6usfsnmt,3
did:plc:i56yvp7tv3xpny75jg34zjik,3
did:plc:vob4sx7d6plcj7ulqxqqfbga,3
did:plc:eafwxr472zl76h35r7n5x5pp,3
did:plc:5z6b73y7mlomzntx6qbibeb5,3
did:plc:xjeudjekcg4mykrp6ooqhle3,3
did:plc:yeajw77g3od6d6wvapypb5h5,3
did:plc:4swgu3sqlkvotjuxnvdjrp4i,3
did:plc:htaus22fl5475vjojr5ys5d6,3
did:plc:jtxuvzo7qs27sls6hb767vnv,3
did:plc:f6ydtwhscp6zkcodruxnpvee,0
did:plc:kp5qfcszvb73kuoc35hydd6i,0
did:plc:wni3q4y7ytqtb2ila4ttriev,0
did:plc:kxqdedao6fggiu3hcjcxvczj,0
did:plc:ufa47s4sszfjkjr26bhhkdry,0
did:plc:3aqmne2euh4c4lhgckewsjaf,0
did:plc:eppsmw5nfmdzhfeymtzd3xbe,0
did:plc:5bfpxe7ec3hmfwmxh7sioytl,0
did:plc:a5o5pa6imrd52s627zq63zgz,0
did:plc:wtqij2p5kki7w3cafn6vsv62,0
did:plc:ycckgwet4gstqlk6am4e7lbt,0
did:plc:zaii4nezhhjwjfqlbll5isqa,0
did:plc:5ykmtab4isk7kckqxboy2l27,1
did:plc:p5kizefvq5vhz4o56za7laxu,7
did:plc:umttjwr7e6qwcelzhobucn5e,2
did:plc:a2gwgllfpibsfpnl5n3zppzi,4
did:plc:3kpfe4lmpncuql6iilu35k4q,2
did:plc:k5lfmtqcm4irhrjitcuksjed,2
did:plc:ghyy43efuzwbqweblz65qkmc,2
did:plc:h2gjnj3kybx3457e6l5uttln,2
did:plc:6tcquyo75ycyn7eexr6rip52,2
did:plc:zvqf4hsz6uvfnpnt3bmzq2w2,2
did:plc:pqseaoyhrmxqnx7r4stuvvyj,2
did:plc:olyzxnkxqmoug32suw6dlr4r,4
did:plc:r3vjobpd6zdwqcl4ndzi3jsu,2
did:plc:wvnx7ez2curgjyfj2sfnvtmy,2
did:plc:sbtxxtmiy3pk735asdpipaev,4
did:plc:vf4j77c7bvnyn7lmeeu3byyo,2
did:plc:mpaqei6mkzshecf74cuardws,2
did:plc:c6g53q56hlewp77gmhfntigm,2
did:plc:yukc5zk3du44df4thhinddte,2
did:plc:eylimepa77ndnez5tjggcwgu,2
did:plc:hq6qn6drsvufdn7gdo5lbn4l,2
did:plc:66tvx4ictbvcbe47rxq6vo4e,1
did:plc:4zwm5uzlqx6drrxnrtngyx4r,4
did:plc:qoua6x2ovuagsfhm2hppwsfa,1
did:plc:o5gte6a4zxgbszxm4t62lxra,4
did:plc:6bsu5cwaygnd46nucqyw3lx5,4
did:plc:sldxzgylpa2tzvc2ai43hbmm,1
did:plc:xg7asuz6haxo7jpvunjhbnxh,1
did:plc:34nptum7xkx5jcfo7bnyuria,1
did:plc:jxkczah76nt5tbks5lmoqx3g,1
did:plc:nyjm4ylfid2a7mjm6varxuiq,0
did:plc:m26ui7lbda4vnglae7rq3fgk,3
did:plc:ljltqcof4l45bps3qtgig22a,3
did:plc:wsep3sb66syqkghrlzp6wsp4,3
did:plc:6l66zlbv6a67svubmpvg72iz,3
did:plc:upgwmkhteysqu2n7mar2w4rk,0
did:plc:gp7tue3b4j2qzbdesln27l52,0
did:plc:i7vxurcrplf5gycqc4i7mhhk,3
did:plc:oo7ux7rimpma5mnk7wa4qvgr,3
did:plc:4ntrgq66wj5ja7jthpul2hma,3
did:plc:zgnjc6ywjik5wcoe45ur6q3g,0
did:plc:oc3fqfgdmb3f7nrrrngfvqh2,3
did:plc:af2xdrq4ucpluewzyvnfwggw,0
did:plc:ydoy55nxx67kbzpsregknaom,1
did:plc:bo2iacbu4r2t326ohyljzjff,0
did:plc:pkxe5x2umzikusntnri5qcoh,3
did:plc:sfth2qyk4mwhdbojf4eyq7la,0
did:plc:7xt74z7lwkzfleysuqe4b476,0
did:plc:isaj5sxufveztnpjoexg772s,0
did:plc:fu6ctcpdk33xzgnh3pivkavg,1
did:plc:et2gwqvexrl4dgdj2fbt2ecl,0
did:plc:6n2tkyyzvnit4ntorjru7bst,1
did:plc:msbfr6t54yusxk2kzrtnwibx,0
did:plc:2xzvdgllrjm4oxpdjbqrwr7r,0
did:plc:lujyutpcebkcdr27qkh22upz,5
did:plc:mt22qsiko2mhwov3vntpzq5p,0
did:plc:c3uxhlqdmi4ltuv677spswvi,0
did:plc:uizcmad3cp36bdpbd4f7yjqj,0
did:plc:obalt57atoxc2zooldtuur75,0
did:plc:lf4hf7gpuhvln4yvnqwuchjq,0
did:plc:b5syh7abmb6upx3nngxfbtxp,0
did:plc:crl65nnl2hyck2vdlvz33nlq,6
did:plc:ds23hzqmqj3hmi3aiqwvulxf,6
did:plc:noeyre2a76dl6ba74x3wpmva,6
did:plc:udarsgxkj3seqd6mlogcekf7,0
did:plc:hgt67hbhlx7qptsponfer5q4,0
did:plc:xuvxpkgsvsqquaotmdm4bj5d,0
did:plc:fnu2b4ln5qkvtrxdv6hxiwao,0
did:plc:72kpuow6hkejjhskwbbtoat6,0
did:plc:nbz6ogyivsvxjfgrc3escbqf,0
did:plc:6ztkvtxn4fwz5bmrsydscetx,0
did:plc:6s6rka3exzvpskpzm2uhpbxy,5
did:plc:nbi42im2xzfdjhsipshpt7rz,1
did:plc:jgqc43zvg4ryuc76m3kjfl2y,0
did:plc:cyxvfel3einnyylugjmgtwzh,0
did:plc:ble2wdbuyqxjnrg74velk3iz,0
did:plc:um6fbgrcvogoutaokqnftugl,0
did:plc:lkwikn3hblcame3uxq3wdrb7,5
did:plc:j4q4n6eshpkd3lpkt2jgpao3,5
did:plc:5xrrsxenr3kkcy42a4xrzhj4,5
did:plc:3tysqbxo6s5iwf4bxpncmiz5,2
did:plc:6wwhpkkvea37slgxyfqf6qk4,5
did:plc:lxptwtsaptdmhgbwsnjr3kqi,6
did:plc:ypka26pvouh3olpmoglmwwck,1
did:plc:qpsvctsjj4qf7zgiico2jj7z,3
did:plc:wnzdeye3mzqcfw7epdpzg6sb,1
did:plc:l37cqbadveu3ya5p6prnetq7,6
did:plc:2nx2jw67wih7jmhs5n6yainp,6
did:plc:uf4ksbrjc34dvglmqas3kjvq,1
did:plc:m4v6ruykmiqgft7mi2nzejys,6
did:plc:w6inrjbtqxvksvpovf2nfksi,6
did:plc:5n7e3vwrg5aealn6w7oze3j2,6
did:plc:3vogkesri7dyu3smu3b5orjs,6
did:plc:taowospcklb33wmcpdihpy45,6
did:plc:djppcuv6uvsd7sa6mwavwwqp,6
did:plc:qnfx7lj4ktoaw63bya6yqwo5,6
did:plc:uvpofb72a3yylrroseabb7zg,6
did:plc:4zd3qmrslobbphr6lptjnrn5,6
did:plc:zo3fnmk2qr7jcdtsdjrwhxga,0
did:plc:w2w3eh5pbf7oit3azms4iofa,2
did:plc:q6ikktoalu25o6hfforu5xhi,6
did:plc:agou3ry6de5ieqcpj5jqohkn,6
did:plc:hpsgcswbsmqeo3xi3bbtkpd4,6
did:plc:5ebdwncj67tngy4gw3fbkx5c,2
did:plc:d6zqgjmva2fzrbq6oqhh6n5b,6
did:plc:7vpbnugmfpg2pkm24breadap,2
did:plc:e7jmkoj2ea4ipfldwigjp6wk,2
did:plc:4rdldvb2jec63zpekhthec4r,2
did:plc:jl26qi7yka6iwflg6erij3ux,2
did:plc:jtge5kwt7r2pml3bephfpfh7,3
did:plc:hnhqo7zvpkgpyvc4bqqd5i4x,2
did:plc:ibirb34knu25hwlshx3negnl,0
did:plc:5xpa74q7sm6ajcvoc5lxltez,2
did:plc:adoknu3rxw2x27ksxa5wmnaj,5
did:plc:42efrbvnie2avjjdtz3apgdo,3
did:plc:uv2s6p5eno2p3j43tez2gbzd,2
did:plc:wux7rs62ckap7ybaxhsqbwvb,2
did:plc:4aimr3bamgbzv5ohdbgco42r,0
did:plc:6hpx4wnsv43quvb644c47bde,5
did:plc:7qgvkvj4pswff72dutnjshou,3
did:plc:pvt52xwep6uq5gn6fhva2vxs,2
did:plc:cfa2evn23r5tgebxbpskdxmb,7
did:plc:lkbzmr365dug3avsb2dem66z,0
did:plc:4hotbgttdgwm6offka2rerc2,2
did:plc:xst5q3ld23enflbj4ivrrhyx,2
did:plc:ih3gx5pgs7wtmo64lewjy53d,2
did:plc:mehq7mzcjx53efiwra2523kp,2
did:plc:si2sde5cy7tcsrdx4ngscc25,2
did:plc:46ruv2h32x4jozqsyl6fqs5w,2
did:plc:m6ku7b5caasw5pasqr5atspt,1
did:plc:5abbhulgsbqb77m6pzrlh47b,0
did:plc:r2zkz2hxtbmxcbntteqsloga,5
did:plc:yer52c3tqvwaid4u2ltrfs7d,2
did:plc:yeg6bilc6bktoag2vqwthekl,3
did:plc:u3hkabl5ylamy4xf26xlyo6l,0
did:plc:cwag536vbk3ymgcpqpugycfq,1
did:plc:cnxvbczivynuuo5tv5uba7p5,0
did:plc:xiw6poazuule4etv3t7b3iys,1
did:plc:v42egsdmhajucy44rh6o25t6,1
did:plc:hkkghzzaivixvz2ibnam4qvr,1
did:plc:g6rs4g2vlbr3qllpeeddaema,2
did:plc:qts5mgjhmrj6ujsrmvgbgsvj,0
did:plc:w3ybwczsz7pl7r5t7tuj6bqd,1
did:plc:rwbp2p6rdintd2egnsrudleq,1
did:plc:str72jybh46qro5sy25ngv4g,1
did:plc:7jjiezjebcqz2eerglrju5mn,4
did:plc:syd7set5hz4nhwueas5lz6fr,4
did:plc:h25t6fpdal3uiej3plgoztjj,5
did:plc:ft4i6ohc2256lsjepmdpnzpw,2
did:plc:lhorfa7slxos5yugilqgd3ny,3
did:plc:5j6h2iweh4so7xbo3wnuyuak,4
did:plc:thewvfctw7fh5idcbn2l3ylx,3
did:plc:wlq4ad5nhlfmbbxcumjwzcvq,0
did:plc:lqcwasun55qppkdpdhozt6et,4
did:plc:vks2pbpmw46mx3b7kw5xlkw4,5
did:plc:a3vdweakn4xfgfaf2bcqpajs,5
did:plc:27qk4ztartl3oi7blbvagmul,5
did:plc:ijrekbppas5kwhwqhnajnd4s,5
did:plc:2hziflsvk3larrwn74ffngqd,5
did:plc:iwlotubqaztwjmkg7omukmns,4
did:plc:z7prrchsxl3pb7jonvwwanw6,5
did:plc:jzwzaeeqbotddccz7sksmjtq,5
did:plc:b6yupj2dyaccznl2c3bm6kjn,4
did:plc:x7pjpojm5s3jsfmwwpg6iwyg,4
did:plc:f4t4z75uivhlyws7g4um7wri,5
did:plc:qa3scvriwdd67fo463cclbdx,5
did:plc:2zqtbaf7wqsagdryuwd4zvsl,5
did:plc:gsb4ca7zrb262qza7zdsv6o4,5
did:plc:itpega3thtkt6qebvnwvzyv5,5
did:plc:ijpdhj7i3flkpzzznbypkjfj,5
did:plc:lc3iy4ze2th4qdjimhreim2k,5
did:plc:z6jjm6htk46lodeatg56h56n,5
did:plc:wu3bd6xjfto43cpwo4xfwnbt,5
did:plc:kf3jr5osyroj6gfivzukznmi,5
did:plc:x6v2xlmpzbpk2xjbqkqtddbq,5
did:plc:2jgfmgjf7y2rbezdutxruzzt,0
did:plc:i7fkir7ql5xnk6rzbsxgfjnl,2
did:plc:5u6dp4ed5xyuf6nbihfzq3wj,2
did:plc:bt4vcq7howrdmlyvwmntniw4,2
did:plc:ip2nwgdlpmgwemfxxyky5t3j,2
did:plc:tl4mcs7du2eupfb37osip5ek,2
did:plc:6wor2snxoeg6xqcqo6e4wd3p,2
did:plc:nil4qmehyyilrz4hyyshvacx,2
did:plc:ts2uv4f4f66v7xex3sqfwwrx,2
did:plc:7q3hkbelqk4eyy7m6okdxvqt,2
did:plc:4d7xkv4ccdogjudftcqjcwdx,2
did:plc:5cwlsllivpy4zi6iz37ingjh,3
did:plc:jghqhqnjl2z2n6ad4qpffxba,2
did:plc:463ksx5icg5o2l7hrhte7byc,2
did:plc:6u7jntsiaoz7xxd54kpt54pd,2
did:plc:5yfczijh7ejvbi3zyqdpl5wm,2
did:plc:dkl7ozq2nv7dhmd43py4bf2h,2
did:plc:vjb5bjrv6ciihoj5bgebrviv,2
did:plc:sumc52g2flg4rca6qiv2e52o,2
did:plc:2sksw5c2kovmwftqgco7bhch,2
did:plc:bwy77jqu7eoimppheod5dqqz,2
did:plc:ephjbfc5vizbg7qftummdrdw,2
did:plc:7otentxiuadq7zf444ea7yb3,2
did:plc:ia24rfaobwjkt2dqtl37nwnr,2
did:plc:sxyumipv6p6yiedtmdlrcvzd,2
did:plc:os6opuv5ouf5a7hdvnnuvcdd,2
did:plc:d4dxcuplll6fgaeb2bopyx3i,3
did:plc:orncys7rvyclmefx3qtvzpah,0
did:plc:zsoxo554lg7zu3se6xeevfea,0
did:plc:pyfnvp6cbvk72dsmayxpc6sb,0
did:plc:77uvo3s3d6na7n4isgev5gtz,0
did:plc:mc6cird4ts4ht3lxkvb6qqy2,7
did:plc:lqya3yxrwathznr5by3wew6k,7
did:plc:qhgnvhj4bgghhhnv4ssbv5zr,7
did:plc:biqo7yz42fuky65gpxyfefyn,7
did:plc:ba4lgdkezg7nj7bunknkrzkt,7
did:plc:bk5xyq4rlbjxjnfzalz3kxkq,7
did:plc:u3boqdwijhhbfxbdhsdkwmwg,7
did:plc:wyndsly3bhq6src5qtpulwkf,7
did:plc:ucapjkhb7occ7kkezimr5qym,7
did:plc:ichplmr3xnvlskeughidrx2n,7
did:plc:dngiuxrk6jslgqrfrtidnzcm,7
did:plc:2zw3dbkp4qshvznmhlhrnjrf,4
did:plc:o7cy436ven33664xmzdpitrj,7
did:plc:wmlcgvbzfqeoq3ssutg7uibu,7
did:plc:utu6jazya5lcoojmpq26m7wc,8
did:plc:fkukiybiw2aelb6joafvsg63,4
did:plc:xg236w6ifbwmlyb4ebeihpez,2
did:plc:uhj7obrrzz33rnkyoalkav6u,7
did:plc:hlzpgxs36xm5yqoz5lbivkht,7
did:plc:5y3mejo5q3l2t25svayyqweu,4
did:plc:h4alxymnjxp3plpr5uen6gwt,2
did:plc:s4zfun4ajlayigrucsuuvbdt,7
did:plc:6lejcd7ie5eby6bepfvp7jcm,0
did:plc:gujv6d4u6sicuclocdzwviuo,7
did:plc:wkjnpu3p4sllprqrcoq6st4y,7
did:plc:42l33sv22wauqt6x6ygu25xf,6
did:plc:qwcuixyse3dj3qgtop25xm4x,3
did:plc:rcm6f6vngu6xilgrj3l4vfus,7
did:plc:l3f6io46t56rsw5di42u54eb,3
did:plc:iln2m767otwcxmlougdsx3u6,3
did:plc:txfdtqzqmh6somsl2af552ya,2
did:plc:bt7imfbuinrpnnidop4g7ful,4
did:plc:xyd535xosfdt5kllkdxbmbh4,7
did:plc:h2gbmov23a5agtwjkx4jsygc,7
did:plc:ixqyqwrxvmxomnxqeo5wwagq,7
did:plc:xtp2656pslx6sm7w2n3wmq7d,5
did:plc:om5kcv64w5f6iqoxbbew4fwx,7
did:plc:tbr5nu5abeohdlhnpkd37u5t,7
did:plc:uv4th437lfammvcgk2655enc,0
did:plc:tof3ye3g4givztn6jtklic6h,7
did:plc:hcsqigy7kshlidqbvh33debi,2
did:plc:xjrdq32jgxvxqpgt327vxzzj,4
did:plc:mumgtmu36njqxzjxh7xrvxaj,2
did:plc:2fjnbam3pnrcandrs3t7dfov,3
did:plc:tl7ftqr2sog3bro2mn3ohryo,2
did:plc:rfvaqk5aev3tskkosx4sqdv4,2
did:plc:g5b6lp26mg6xpoweibyjxewf,2
did:plc:ngu6woxosxhzqjse32dxy4vv,2
did:plc:v2eaxqyngn7tazcu2voa3tic,7
did:plc:m6uy5n4namo6td7j7kmiej37,2
did:plc:g3hur63narogj7d6izzawmr5,2
did:plc:rxgdjsiqpizzmnxfrvg2hcci,2
did:plc:tioa7y26eckd55twjbsff3fg,2
did:plc:l5zj2gxr6bncpsfbaeeo6cbd,2
did:plc:y6vj4g3nrippuu37uza2acj5,2
did:plc:ywif33fixuwmfvjmemryx2ga,2
did:plc:2pkovwvdbrz2p5hszqe23v3m,7
did:plc:rr4wn7c5ibawhg6esanezxjp,2
did:plc:hnjlhkkwrbuhtoiemn3nwsrk,2
did:plc:docunvowrtlzgmj42sowcqbg,2
did:plc:ucefjpg4ailtp4miishbnsus,2
did:plc:ww6wrrq4jnkols67l4thbgwf,2
did:plc:cj4tedpslrbwlc3ea44rxsni,2
did:plc:alt57l75dsgimsxfs575g4zv,2
did:plc:slq2uoeajhiai5uuwuzm6eqn,2
did:plc:7zya4iwo34n6ozm7giwwycbl,2
did:plc:tcbt6a3kmtcmwfdryqom7vgd,2
did:plc:gb6mdjhm3lsvzqwqxmifqgxo,2
did:plc:3tckjqgb72wouj4jydisxfgy,2
did:plc:ujtkg7zm5wa3ey4o2e6upvjm,0
did:plc:54mll7wlymjo4curvzer6sfw,7
did:plc:ipfgec67g5muxuv2b7h4mjfr,6
did:plc:yvrsas3galmfgjz3vavzhgtw,0
did:plc:nowykvydgjf6cxfa3fk3zx7y,0
did:plc:qo6dez36pocnczrslitzphua,4
did:plc:2rr5e2kwmlk2qnaf6dhku3tw,4
did:plc:yru7eguortcmgpj3oyfzfm5c,5
did:plc:fr7wblhzax3243dwgqa5st6j,5
did:plc:lwbh3cd2vb3imzzd7w7gajlw,5
did:plc:tj4g543c7kw5ti2timhev5qn,0
did:plc:56v4z36h245viufbdg4yyu5f,2
did:plc:vxiiabk5rb32zjvzwerbfjmb,0
did:plc:gjflbg2pdktgus7xx436nyng,5
did:plc:nlljdyxsmqixolg3mqyge6pa,0
did:plc:oke2hwfme37jtbyvtg3upcst,0
did:plc:auy2qp35r5bkipvygsyynxca,0
did:plc:osg2vzhifd2tjfsvfwua7scy,0
did:plc:6khpbdohhrji2ulnmye5l2de,0
did:plc:qjrcvsj5o6pvwuq5glsqdsnm,0
did:plc:4inhiccvyjf4oqnobfgm6s2p,6
did:plc:k4ukvr5nt2ondn2i4kfnyqw6,0
did:plc:iz5hwvizdehydtcp35lzzydn,0
did:plc:i6w4rs7m3hdcghfd2on6eftq,6
did:plc:6rq5mw25jnbdrglcrhhhucrw,0
did:plc:ozzvabarsztw7vqw3eeprd2w,6
did:plc:35vwjbdubaphainsbiiinlnd,5
did:plc:cz5uoq2emhdgxcnndqq5our4,0
did:plc:6r4tdclnqhbfxwypuvuvod6z,1
did:plc:4jjcsaucoiljszswepevsqh4,1
did:plc:uf4p5nt3fnqrtlebs46kspho,1
did:plc:tmnddtemeiacznaj74xm72tq,0
did:plc:d227ffbfsvzuxuaxr7qiyskq,6
did:plc:cnmhwt5abwhihylwfy7utg2l,0
did:plc:w27deajqhdpwjmdwtxlfk2zi,0
did:plc:4fvbdr5zqt7b74qllyg2vdit,0
did:plc:xsbasynvdphou2wx5nm6g3o6,0
did:plc:ni6hkeyc5algg4n724ia7xgr,1
did:plc:pot3ycjejmp6ndwmjh7gvc42,1
did:plc:yqzr7xcsratjnim5i253yucz,0
did:plc:as2d3pyjaxmuxnmfkdzz564h,0
did:plc:ujlizrqehczybjebwd3ida3h,1
did:plc:uhg5hca7y57yncreaen663g7,1
did:plc:enp7er4fsmgqfv7oudrtnjzv,1
did:plc:a23utge5gk6ckgm3ypx3weyr,0
did:plc:ri2qkcjghvcwv6gsi4vglnfz,0
did:plc:6fm2lhrkemwwzxw6kejxqwtt,0
did:plc:kyhuc5gvte6wtvcex2652v5j,0
did:plc:gyl2gdob6lyckqwi5dwaehef,0
did:plc:cf7xxbieinmsxicdxilikfwk,1
did:plc:uyvymakdputvl4elaol5twh2,0
did:plc:hhdbyuo67zs5tbstz4tiizul,1
did:plc:lzvyelsvc2cfzyvu27ivdolh,7
did:plc:jfhqnrvvqtikjf6nrnynifkj,4
did:plc:rcd6u7olmd3xvokprnt4o3bt,0
did:plc:mayzatauxvfhslrox362dtdj,1
did:plc:y5v6yemxvti7s7ionuebtmhn,1
did:plc:uhby54j3ok2brusrnr27nvgr,1
did:plc:tuv2qrw7gx5utgctzcu73h6b,1
did:plc:7iiuexclicsydmefp5dwcfqs,7
did:plc:7fwmjgkvclvlns522ntrxjmo,7
did:plc:hdjspnglgfoj4qvc2k7vho5g,7
did:plc:fc3jnzr4imrdufapy5zdgnih,7
did:plc:2uxm5ddjemdjwp77nvmrclks,7
did:plc:mifw66qat5mrmldpapriem74,7
did:plc:76hnhwotttgywfnzps4lmqkd,7
did:plc:taenazdzxeoqtl7g55ki5o24,7
did:plc:wn25alrirvxon65onugj3n6j,7
did:plc:djjkscgxaahyjfdnl4y5yq53,7
did:plc:tp77vzomattl4hlhrcalskqg,7
did:plc:ruaybzo4erpzzbqfquyi4x3s,7
did:plc:n4f423ujxkhfdq3yviwe7obm,7
did:plc:klgnq7kqag23qyml43chiti3,6
did:plc:3epc7xlgbmfasr3y2dqq5r2m,7
did:plc:4jjbm2qrj2dpgx2nnmz6ztq2,7
did:plc:qany3c3txotucvqsqad65qz6,6
did:plc:xjntf2pyzc7t2zs7qupr63iy,6
did:plc:7rxalqcft4vbxw234aa7o66o,6
did:plc:424b4ouhnzfxa3xwfc6ekvzz,6
did:plc:f7s36lvqbndkn3bkrxanpj5l,2
did:plc:klvor3tnwwpkvni6byqvnxwe,6
did:plc:7b4a45l5r5btwnp3r6g2mhhs,0
did:plc:eyru44ugxby2ieilr6cyi4o5,2
did:plc:zfpguc6c6ex24rc3oi2jdvo4,3
did:plc:dospatcc6ze77y5xq6jjbhgv,3
did:plc:ple25qwfc4od7jwyquussokw,6
did:plc:fo4co47bhkp2gtregdsg6fxl,5
did:plc:y7u3uzu6m3lebm4iwlmv7h3d,0
did:plc:p32qj74otxzyxn4uacpuu465,3
did:plc:ox7tyovbi5o3rjpg7qe6tomp,6
did:plc:7aieti6cvhymgq24o22g2zdn,6
did:plc:rulka3ipqmwtzrtvvsblwxfj,6
did:plc:4ogh7cfbrwh5xwn73d7mw2aa,2
did:plc:hpaim4nduhlkpiqyyakb2ecz,2
did:plc:my7kn7wauird4ice37akgwlw,6
did:plc:mdeq3w4mocebtoq2cvuopf2c,3
did:plc:5vzrkmu3qymnp77wh6ttsfqj,3
did:plc:dmctkyus5znbox5ihjnxpx72,0
did:plc:m4s2avsmiz7tov37xqokp4mr,6
did:plc:2pwis7sloevkcrj6k7adrddl,3
did:plc:q3r4piof4fav6hl4m7s4nmas,6
did:plc:kxwlupczkc5qxyzckyu4pxfk,5
did:plc:pfhfirnju6xfsnnm5vntl7vc,0
did:plc:6s4scknc5bescr34emwh4zkb,6
did:plc:w2vvtmokts5n7xxpqsuqbyea,3
did:plc:fnqmqfmpkzf3t27wfl4hdbk5,6
did:plc:3hhcz2odf4jq3sscihxa2zke,3
did:plc:oxrwq6fd4435qlvnqubtjk3p,3
did:plc:fgoj23h6yilndur6i6zkdniu,0
did:plc:efty5f4wnrv7bt6zdeifazic,2
did:plc:5drynpaidnojf34owq3twmzh,3
did:plc:jvvw5aomvcz5zq2xbhfhowfz,3
did:plc:czlrgqyqs6bh5hhsvu6qg75o,6
did:plc:xsqxf7polwo4fppunabsacta,6
did:plc:cgnlch52z4hg7mtm4ck2ykgz,3
did:plc:mb3u3ocokjlqn5ule5gzlwd7,3
did:plc:gviwxmojyijgui3f7j2vfmfg,3
did:plc:3xgjkgqjg7ykonaiu2shzvtl,5
did:plc:whwni7petrsc2e6gbeawixpc,0
did:plc:niqde7rkzo7ua3scet2rzyt7,3
did:plc:gdg2l2rkn2wdxczr7daaqqlx,3
did:plc:mdxu3kfxtjzkfugvfigh5q4d,2
did:plc:5336qg6uo75c6zktjt6f7see,4
did:plc:avzq2zflyxqarrfid2mibpzn,6
did:plc:ewvrqkp424by46juabyqe7tw,2
did:plc:3z3ihpd6xb5tyx6cxzqrnhjk,6
did:plc:2tl3bf6u7ujcjvfhaiqzxiir,3
did:plc:lydxxesjjmqdibq5xacb6smk,0
did:plc:lgb5lcstgwitd4izbq6qcshh,6
did:plc:j7ux5r7txuucqeyl25pe7vmu,6
did:plc:y22iaccrapeezeya6nyd427z,0
did:plc:yx72x4xgt6roq3763ppftfxq,3
did:plc:teto357cwtrxqvz74s3l7cnb,0
did:plc:7s2vs67h6o3rv3n7lyswjzjz,3
did:plc:bd35w6mj6u6shnczovfchxal,0
did:plc:yn4pjz7ccsjvikdrczybnqvj,3
did:plc:xzi3xvuoluy22veydssq3hva,2
did:plc:bsoilwablwyjeysdnnoho3kj,5
did:plc:ncslcy7lhcu6acreyeer5utl,4
did:plc:sa76runt2jscyql5wjyslhio,2
did:plc:oevk4wyni74taj3mzziho5vc,6
did:plc:ccicay7aa4qvhg6qrl6mstgi,4
did:plc:jl3x2o5lg4kue44dxabpgaw6,6
did:plc:li37x4ncyiftvpyhkfq5deom,2
did:plc:nm74oijkvgnue3tzpzjpr5zt,0
did:plc:7ututi7lzr4dqgd675dg2lev,3
did:plc:m3uhnr7vfgjniyyp2evzi4ch,3
did:plc:4e4hdk4gytmtqjy5mwaecjep,3
did:plc:apikb32tdevddnvzrljngc7o,0
did:plc:pujeye55ox6q53hdm2vs7otw,6
did:plc:fbboovieoovb7au3nlexmcal,0
did:plc:cf6yav5ixhcmrw5sqcgxypxd,0
did:plc:kaxja3lowj4ksgidxagfgq2q,6
did:plc:xiybkm7x45vqny63gmo7wxd6,6
did:plc:ob6ijb7te26dyf7yc5oqomkx,6
did:plc:3xzuajjta6vfb4cwl5l5iw4p,6
did:plc:2d3imnietibmdr6i4fehn2a5,1
did:plc:fw7i5p7gwsezsjogcaaafo5g,1
did:plc:hqjmzy72heax55r3jkh3iojm,3
did:plc:tzi2zpyp7oufh4rij6remvca,0
did:plc:pbtssp57kqe66hg6q7slmxc4,0
did:plc:cp5lplfkyv2td6aldr75kiek,6
did:plc:3l5f3rhsngpxljnskia73bj7,0
did:plc:5g33dkeqsisyfsz7qvp7bvcs,2
did:plc:4zafyhrbefq4g6go37lv5dfq,3
did:plc:p3rbpxdie5b3v7gkeclucglu,3
did:plc:c3dke53pszc7z6562jkhxwku,8
did:plc:ktzxvqpd7lihpsyet3itnim5,2
did:plc:jju4uddmfe5wgxwcrx3p5zxi,0
did:plc:rko7wbstzlbhtmapbaxkacit,3
did:plc:yafmhjsysdpb2nszkjxzdkb2,2
did:plc:6ylzdk7t3l3arsnmwsfm3g7u,0
did:plc:s44w4yeutle5zwylup7krrvh,3
did:plc:jjdvygwnpghgkcp7mensdy2v,2
did:plc:qnm3s4v33ipxfvfslf5b6ztu,2
did:plc:r52vtmwif7c4mabqem4bxnkr,2
did:plc:kpmwtaknthjxdmbjatkihmfs,2
did:plc:6nrstkq2azwquif5s74cjbkp,2
did:plc:4fxhzel5mbzakrflnoth27og,2
did:plc:ndk3lh7czfrpze6bhvuc37ja,2
did:plc:fbcwmzmjilrpxaxiilbqiaa3,0
did:plc:isapiyzr4uu5xmakobgydggl,2
did:plc:uoydkrp3vssggopjc77ahycw,2
did:plc:emrvjdohjw53kocslzd636gi,2
did:plc:holp27lly7ukl5mrb6umbtq4,2
did:plc:k5vwobjngg43lj7zuw2gudib,0
did:plc:syuzldzqctz7e4syg7iivjt5,0
did:plc:q354zvtrwtenzqizgf7xubyf,0
did:plc:o4xlxsko67vg6rs2i4oe7scl,4
did:plc:2hfnerpvdj3efl3lkgy7iodg,0
did:plc:i4sqj4y5rx726tv7y6wvchui,0
did:plc:7vrvkcb3pfjz5koeqipkkzuj,0
did:plc:j3u2d3f4r4ifvdfpfkyeg42v,0
did:plc:3wbxxy4t56aho7wihhkflwjz,0
did:plc:5bkxybwso5a4r5i266b2kvr7,0
did:plc:b5yxc2nhcgrbtu3twvlg3i7a,0
did:plc:v23hdor4auyu3lldn6esf72z,0
did:plc:mkzljt6pfd2tzf5oj7hz5v5w,0
did:plc:qffxyd6wnxr3b623pnvaat77,7
did:plc:o4c5agt5aajg65oq4r2ulrgz,0
did:plc:lwmnwcca35gu5dttx77xrk6t,0
did:plc:h6creppfqjogsbwh56wwnlmq,0
did:plc:v7ubrffi5i4k7ihq5zxjq6ix,0
did:plc:iybvm2uwpxfrwg7emykdx72b,0
did:plc:jjqtrbnedwe7zybhokimzjsz,0
did:plc:blbptwia77zy5ajzxxyidqft,0
did:plc:b5ug4bnalgpaopf7ehco5muf,5
did:plc:fqo5tfim6krm2nrvcsaxsgvg,2
did:plc:jm732xra2ehq7lbkwdgc3iyv,6
did:plc:xj4s7uqgbhwbdm7hcirk72b7,0
did:plc:tu3mxovmrqa2frnfxz4nsrvx,0
did:plc:hxnxltgeci6x6mll5wlberak,0
did:plc:oemiulhunxbmnbtjn2xlngqf,7
did:plc:tuq4ktqflfiqv2teecm2vhaf,0
did:plc:e7efselcsfzkpdelbq5dt7b7,0
did:plc:45yiq47aa25jp5wq3xnl6imu,1
did:plc:wzaccol4zlvcn4eudzajmpxk,0
did:plc:7g2vztcayu2dkdjfrlx7x2es,0
did:plc:l3lvnqac3azhbpbbyiqxxkzw,0
did:plc:fondzonhxhlrfp777gwvfmah,0
did:plc:euyajapadn6ca6kg64ihclyv,0
did:plc:shu4tdy7t22hies44ad3c6jp,0
did:plc:b27amjbyllcvswru7j4rzhun,0
did:plc:phhxxvd7waxas7utrbhxcak3,0
did:plc:o3fnaobudzwdmahbozsbx2pj,0
did:plc:bvstxskodqzotfcwrsnp2nvn,0
did:plc:m32giiln2xki6bjiql5n4xyi,0
did:plc:dppdt777hcjncapuagaxws2l,0
did:plc:qxf6wp7n33adu5adhqsvk5p4,0
did:plc:mfnmm2fstrisw7ew7lh7x37d,0
did:plc:lsk4ghohydqyjdhfzmwpzrye,0
did:plc:j4ea57csbicjibqgbdfykhfm,0
did:plc:766tafefv4ohua32dvfizje7,0
did:plc:7yt4qge4qtpgbcb3ls3xynzi,0
did:plc:dc7t7gcs5eh2mmxuvkoqnfim,0
did:plc:j2trs4qpwokhay27xfhvpx44,0
did:plc:l3w6632tzcluvd4a2x4a3tei,3
did:plc:kf7a7dwck623lwbv3yii5q4f,0
did:plc:yu4fz4r7ndfjwo74nke5byfc,0
did:plc:jthow2nfd4r4aio4mt2hbv7i,0
did:plc:ddadjas5bafhlgdcspgwbl5r,0
did:plc:64c2erjwtw7t5zookk5q745a,0
did:plc:ey35o7fx7twtmty4kbkol2n3,0
did:plc:i2gft2tatnzowah7224rdcvk,4
did:plc:xfdcsa2krfhlp3qlvhxsso6t,0
did:plc:xilsfms4x7kyyaalgl45neaw,0
did:plc:2ztbaahiwcdcwwdxz36qp4jh,0
did:plc:irez6aotiue6uex355n47ve4,0
did:plc:odcahagyzcr4utdif6pmbat5,0
did:plc:elve7uxp5szwtgrq2dxpcmmj,0
did:plc:f5qglnimickwgyb7c2ui2fbx,6
did:plc:r63juenfni5lyahm4prwvhdg,0
did:plc:gcfsqigmadeqlogm2effdk3q,0
did:plc:uvtyemzapdg2hsxyxu52a6pg,0
did:plc:k37sitjtxpx45owdiaempop4,0
did:plc:x7csabynlu4k735mdeyqll63,0
did:plc:djocx3ujxknp4hahrbccgjgl,0
did:plc:caio7pgof5wycvv7jaihhizi,0
did:plc:ddfzxhm7vgvdpb2zwx7rc2bs,0
did:plc:cvghlt3lk3pbgubsah3t4wl2,0
did:plc:vu3pfgbvbzfegium36tifmcj,0
did:plc:xbzcni2uyddzgg7imieaj3j6,0
did:plc:3sj56j36nzwjjnfb5w3hto5t,0
did:plc:ay4cdoh4tbttacowf2uxviar,0
did:plc:ysfdapqrglckllfxk6yq4cjo,0
did:plc:wikz3yzcooskar4y7w7kvvev,2
did:plc:rxb3dxyn6gaf4u4qds3dlmes,0
did:plc:tvmqr7lkhplvakmsgug45iau,0
did:plc:ckz6ykslw5tyxuvmfjae746w,0
did:plc:zm75lxk5ul47zn6ycswxayja,0
did:plc:mxafqdtsz7blvci3phzfxy6j,1
did:plc:gnn4y7wchj4x34d2tv4fxu2z,6
did:plc:lqi2i2w74aqvhe2jywlrmibj,0
did:plc:uay2eglephq2skdgrdudkrtp,0
did:plc:whiihbqtwdzxkzsohl2gi3bt,0
did:plc:5oudclxhpgbvtbiryfu2wwt5,0
did:plc:n4m4v4ktp6o5fedlgchuqs3x,0
did:plc:hmnqhtme4mv4rxkys3sxpls5,0
did:plc:vlrtkw244mpuokhqghjpdxj4,8
did:plc:xca5awzxn7h4wvqnjxenonat,0
did:plc:qiph4lydr6bn2sixvsxpervw,0
did:plc:kckrl6l4tm7znzqphhridxnh,0
did:plc:zmj6qot4hon2od6gxij7mgwq,0
did:plc:e6m2syhcaf5k4ckmitx3kokl,7
did:plc:3tx2jbbtbt3nsm6nzf4gjdkw,0
did:plc:id2swkx7fahjq2ltjo2lacjs,0
did:plc:jtbc7ewjjtexaqu7tzhgrwbs,0
did:plc:mgc6fgmh4j4gqomhci34blgr,0
did:plc:tsuexertapdaedikorpy27ck,0
did:plc:lmgfen7wfr2ng7bcmuuimjk6,0
did:plc:o35ctq7flvhlchc2nkthbznj,0
did:plc:sbiggn5vgn5dzf5cgt7mconf,0
did:plc:7cxgee2crfjyn2vrcejmivuc,3
did:plc:4bskva6cneknpc3sldklgwzi,0
did:plc:rvf3cbn5gy62scrwej75pvpg,0
did:plc:pt3dox3a4r4xqj6juqrop2ku,0
did:plc:x6ldd7phtshkzcc2zulk6swi,0
did:plc:ywcttfj6nuta4fulyxhuuob7,0
did:plc:obj2wb6nxwhpdjazf3h32ex7,0
did:plc:4rmimz4t3f7eqskm2mmhtnbp,0
did:plc:gddukfaw5ytmclr4savwj45g,0
did:plc:7qqkgcte5de36t6x7vvitku7,0
did:plc:bqcfz3yb7qaiyeilgdxpetn3,0
did:plc:3ibvr5bezoxxju43xtjiy7qs,0
did:plc:6xvzy6qahkukrabjaf2eezq7,0
did:plc:aabhxbyomgpjh7somy2ilhnj,0
did:plc:5yc7nhr63plevrvoaggcprci,0
did:plc:juiylsg67umfhlkx3vu7qxlb,5
did:plc:pu2bg6khdh6pofcianyjztzn,1
did:plc:vkm7zzdigvwf2q3wbrrcrxmk,0
did:plc:h6wnp4nsffurzfah6kfplo5u,0
did:plc:koqy2w7liuhqhjvrdow3sm2z,3
did:plc:x4cgqhyebzqjmeqe6lxgluvx,0
did:plc:np43kjlymgj65p6kjuqkw6pg,0
did:plc:ygwki3juipfhxab6hpxvys7x,7
did:plc:au53gk265ykqxctmavcoljrn,0
did:plc:qpm2agf5ej3xe233jktonelw,4
did:plc:xpcjx7spp6m2gy6ydgms7b5r,0
did:plc:smgh3sl5r5fwcz6l7jzev2qw,0
did:plc:qetxiamohf6nthjrkgo22ztq,0
did:plc:fkhccbk4m2cknsbaunejs42i,0
did:plc:34gd6ou6clxtsmpbbrdpr3mm,0
did:plc:jbdkhcdxvbsklzavwmurgh7l,0
did:plc:4jq7b6wjaa3rpyxiqtr4eedw,0
did:plc:zepraol3lhu7tovgsgytwgxz,3
did:plc:tlerb2puxnjaaopiufnjhcmj,1
did:plc:7q2vw2i4a2iruwdw4jw4gwqn,0
did:plc:a7bcv6a6hzl7hcxexehdtkki,0
did:plc:d57lpwhhamt3gnxdakgeagnm,0
did:plc:jtl7xtwe3xljrlq3od6qw52n,1
did:plc:nzokw766bgg3sdkhg55bjhnq,0
did:plc:u4pu3zqelgi2z63dstnt3aid,0
did:plc:fgfnilrlsr3dlktlotis4tus,0
did:plc:o7unrsn3crhhz6khwnovuifo,0
did:plc:jqd5w3z2xnynvrz5xqoc4kjk,4
did:plc:ktzdbdy6dal3jezx364hlho6,0
did:plc:xhuarm7sq6ydc3upa7kmufmd,0
did:plc:rfywi6wowkafabwsywo4sl3b,0
did:plc:fddu7ywslgqb3fguljlwsrko,0
did:plc:ae3qpxry2ajwd4gyazvdjqnv,0
did:plc:i27sf3bjkripczm7mfkt6skv,0
did:plc:6ftmvmygaesgl6v5coxkxgvj,0
did:plc:akfbivg3gg723uqnchkxe3qz,0
did:plc:pgprjdn7xdfeuop7fyhygd5m,0
did:plc:on2fqp4z3zvvujczdpl27dve,0
did:plc:ixkcsqhkrgzb3jnniujupyuk,0
did:plc:mxk7xzkhqpjhofntcnn4dnln,0
did:plc:k3fxgbbvpemfqotvfqikc5il,0
did:plc:okam73clfnvdyz2uv5aohcqg,0
did:plc:yfk52wf63xyx4r4knubpyhtl,8
did:plc:gxnrjpqpxyjvxgrcknkrbbq2,0
did:plc:p2duw6vxkfq64oznyjz75prr,0
did:plc:sxmt56sz5udhcdhfevk32mo3,0
did:plc:vjilkwi3fqyrnveiilbf3f77,0
did:plc:gyqrj4gr6fqkvebs5gl5q46y,0
did:plc:3o2kzevi7uj6pvb443phq33v,8
did:plc:lcw6gqnbl3o24gzbaiwuftdi,0
did:plc:ruqbjadlxql32vn6uzk7tfkm,0
did:plc:2ozho2d5urdgjoele4pwjsyt,0
did:plc:7zj5aigy4xmbkj2fvhxn7clp,5
did:plc:wehsbhckst3uvbnblcunnp6x,5
did:plc:bqezwox3ohcmsqc2rf5uyz6r,5
did:plc:qpie4ps3xnuiv5ovare7ihbw,5
did:plc:2vfwp3swaunxfuugjxgertzm,0
did:plc:kxr7rjcdvmwrp3ytrtvye5wp,5
did:plc:he6p45y5gc4sk3kwsyfwewyn,2
did:plc:lba6lausxlmawcvimtje2vue,2
did:plc:ro6k5xm56aw3widtwhjujqro,0
did:plc:7rim7u5kq4sththzt6anop2i,0
did:plc:otv6kzjdtrvkpshizuxwptoj,3
did:plc:bv5iygwgcrfkc57s4g3vgkyy,3
did:plc:7wxj4lrswgbhvhcuiajpovnk,0
did:plc:ffh26nnfvmo3cerue6uhqsoc,3
did:plc:etftd5u3cxu3ks6xxm7fhus4,0
did:plc:xdyibnnqf5xljuuydegj3msw,1
did:plc:vktwwdbghja6nqprmx3f4ana,5
did:plc:xt3mxqb6ag3cdadfurvhucyl,5
did:plc:azn2anejycmeb5q5v2k2usnl,5
did:plc:vcxh6n4wf255576clqdp6bf6,3
did:plc:7svswhrhagfyczdy53oddluh,5
did:plc:meorpkegu27gbozug337fuee,5
did:plc:chzq5gqaek3wqrsbakgah4sw,5
did:plc:ztmtchmxtn56kvt3565s3445,5
did:plc:vfpu4f6renepqk4rzvhlxycm,2
did:plc:kisdjl2kqupkdbccofalfvh3,2
did:plc:pxodsqy62prwkpke37etz5wj,2
did:plc:zp5cafktpcsoipzoot7br5z3,0
did:plc:fazaz2wyfw5v5b5lcjavighi,5
did:plc:kypvfq47brjmzot5fcy4xxc5,3
did:plc:nhymf3ulmeazutjr2up2ihca,0
did:plc:zehwplqfq5byliiipf3mgigg,5
did:plc:5tfoh3vexem5tr2yhuapncq7,1
did:plc:7qcqlo3o77pjqzamptzmen2a,5
did:plc:aayy6c4ng2jl4oy4slteg346,5
did:plc:j2dbgle2fksfzjrge2xthfpr,5
did:plc:57tzbyhdc7qpo5h2o5arlebv,5
did:plc:qvkoy4va6gtwq5z3foood6j3,2
did:plc:gvmc5rq3apm5totn4r3b3nv7,2
did:plc:a5z5e5qbvtsqdqbnbevq2y54,2
did:plc:y6msusnvv26y7o3ldyvyo6ge,3
did:plc:rrdpz37dqcflffmsnmhwgy4x,3
did:plc:vdncyk2frxcnv5fvwvykyx4m,2
did:plc:hnwbh4hwdybw2vro3q4f3drk,1
did:plc:cbcnjcqkwvu57335dutljfck,1
did:plc:3p7ttmv3hdd2zfnghjv7lkll,1
did:plc:uoldp7so6vimyu6qwyuwiqlg,2
did:plc:zewqamvuqiuuddmuafrhim3h,2
did:plc:2axvve4pea5epha32qbzqhzi,2
did:plc:zjp5z2ysev745tagnzb2as5w,2
did:plc:cz4ss76rl2vap3f4xchlylxz,2
did:plc:s5twskcg2nrjyr6uxi6dkmso,2
did:plc:okll3kgd7czaoo5hrgpmktgj,2
did:plc:rl22bghtuv44pchvyhm3phad,2
did:plc:4bs7xsiv47bns2ea2f5rsyjy,2
did:plc:oopp7ikv57uzzile6aak2pks,2
did:plc:jku3jtls7hjn5xdfzodabfdj,2
did:plc:fvvqbrynminchmi3oypqxakb,1
did:plc:klbk7u7cayokxcq7rau5pxtl,2
did:plc:qspfsbnuyy7d6i3gxpqdsr7f,2
did:plc:r325xjhfkuzgp2mqxs6lefen,2
did:plc:toqmlydrbhujx3u6btj2xj4t,2
did:plc:yrpt5orwc2frsktbbnebkuij,2
did:plc:3lho2ef3f2fcp2xsxryilixw,2
did:plc:mtxj642a77b6jg3imafwkpit,2
did:plc:epcjdoobv5l5wu6kehbzycpc,2
did:plc:m5cml57ua4m4ktk4iucfqf67,2
did:plc:lx6osgpstbprm7zz6ppfpqdu,2
did:plc:ajxejej3ishjknjo6baiuh2s,2
did:plc:mabs2h4u63wdnj3g5jpvk5h4,2
did:plc:rsi5hymxf3bsmgsquty2jmpn,2
did:plc:j563wsmzxternkc5m5vaheit,2
did:plc:7msyf7k3yx6rn2u3txoxmpgl,2
did:plc:avrqgoqxuedlppgncacmm5jv,2
did:plc:izangdhjca2owojorrrrlknh,2
did:plc:hh6zcsj4uq5cdyv4kvrfyu77,2
did:plc:5i4eagac2vtory37rfx4cytq,2
did:plc:v6guryqyr7xqabq53gstj4at,2
did:plc:7t2xta6ino23zhxoj5ynx4kc,0
did:plc:6mfxqalvhnfunjxagafsrp3b,0
did:plc:nebtdzj5j47aoupvcr3gbyqx,0
did:plc:xvtplogdduwvyn555trqgy2l,0
did:plc:jpkqsgqyhueronwlqdhxawuu,0
did:plc:4jajixlbh346ugyindwqppwc,0
did:plc:twz7wcnipcgr3jolhovonztt,0
did:plc:r2ajrhj4oqjmya4475l766o2,0
did:plc:baosh2m23bgpfaoid333utsy,0
did:plc:dzyvqslle6o6insk65wwtjjx,0
did:plc:n7fd3cmvdti4qtwm4piccq75,0
did:plc:25qgac7nlshp6vpk3iitnldv,0
did:plc:l4r67lpj5sb6ai3zp7fzjbbi,0
did:plc:awqci6ts5vf6hb34677l2qyc,6
did:plc:osi36bcyrvrqiyhcv6nqgpym,3
did:plc:cn2fgqjbvg4jovoeucapvm2l,0
did:plc:oqdw4mzm67fgim5fjq3sa2tz,4
did:plc:c6pejdibxu4etaxxmntj5k67,7
did:plc:db2rycw6inkr2colpfjpawk4,2
did:plc:5776dyt4s4ztomi3qfwlxxo3,2
did:plc:zqmvdmgxqyqmxyi22huvwcaa,2
did:plc:b6ubhljp3qae7qucfdovknvm,2
did:plc:jyd6zfdr6q6phgtwx2sn4yz5,4
did:plc:sjap7mi7jrofqttv2xk7thhd,2
did:plc:d3gey2a2437hwd6vsqe44r5n,4
did:plc:wnbutuwjcarhicys2gc6xrxp,5
did:plc:bvibrh5rcwvuxweow6mmfbeb,2
did:plc:c2bztni7sjn7k4jfwvirsl5b,3
did:plc:ai2mztnqwp3remzq2vo2ushl,7
did:plc:5tsvuq7p73dv6zl4yvy7gfy2,4
did:plc:mon3jn534wswoxro52qgf4j2,4
did:plc:kry6yvf4tjdhsgbnul4tfts3,2
did:plc:a5qofv45yvsubnotzk5mfrh2,3
did:plc:rusnqgvfrq6lrbrr7wzl7jii,7
did:plc:6gvnzeyuyw5un7shpn4svuuk,2
did:plc:opgkt7pai235ovp43vi754fr,5
did:plc:nla6pisfrcyexcmdyws65ix7,4
did:plc:f7czqjcp6evlhet34zxxtamk,4
did:plc:kzzn4vsyqx5hjzbtzzhkf72h,8
did:plc:k6tyghnuicddudfx662mlylh,7
did:plc:pe4cgnck3z4yn7qdumgw4dzt,7
did:plc:skpr43cpo57klploxpqs2uhc,0
did:plc:mavpmejdqrjwq7jtrnuntiy4,0
did:plc:u5y5flwr5ubrtbgeat4hxudx,0
did:plc:7opq7fli7yjjqvmwy4bdd47g,0
did:plc:bu3zqqqnxo25rsnvw3xr3h66,0
did:plc:4pmlu65l4dz27jks4iirb6se,0
did:plc:da3vqxwkqjqetthakpcnqfog,0
did:plc:nkabszsvai75q3hsygqknzzt,0
did:plc:mgl5i62pfzwsuyqessc3ngdj,0
did:plc:izowlgy2cewk7glm6ax6mnnf,0
did:plc:4ybdtox26k5z23spm4ettwq6,3
did:plc:lmuoswjiligotewlrqq6mxlw,3
did:plc:4otvqlecpnzknz7ip5zq6nlt,0
did:plc:ytu5huq36hhe76lkt3gfvpkm,0
did:plc:yemdlplnzpos7ktm7qz3rjrq,0
did:plc:dz4fpv6ljtjxj5qwxpair4ea,8
did:plc:tifafy5p624lh4gbthb4accf,0
did:plc:oore4l63emvyrxyhl4lobimi,8
did:plc:cnmzi5oisljia7d36c4pnpou,2
did:plc:oqqee7lmhqqso4wedwvs3zqh,0
did:plc:vapmbgneougkia6uetifnqkn,2
did:plc:ykefor7jjw3cignoe5vuk4lt,0
did:plc:jakmioqvhofrddzrrkmg6xio,0
did:plc:s7e2pgitidbupzya3eujgz2c,0
did:plc:c5nmpu5wyy4ejdt2uubgsq3s,3
did:plc:asewe6lq4byj2ocok6fp6ppi,0
did:plc:mnkuzinn3jjjytuwdlw265ql,0
did:plc:ubxmsy56g3ua3clbvscpripx,0
did:plc:2dvwptq47r7veu47tgdhjyho,6
did:plc:u45hbi2uq7baiiqeqca2lbex,7
did:plc:3sixvwevdrezxgqc7hsiwkdu,0
did:plc:76gitksjpmle7jkazwzahm7y,5
did:plc:uunvwcrkuxojrexw2tavud2a,0
did:plc:xxtparqipd7he4kwv5m4lsnh,0
did:plc:5jccailimlre44i7h376miu4,0
did:plc:c5fjyb6y5uf6iunfmiohuv5r,0
did:plc:guao7ykoiddehs5b5czz5bok,6
did:plc:h42i7ha77hujbqcm3emeyxrl,6
did:plc:rhd4oq7o2epxl373lq2e36xq,0
did:plc:jopqrvjykxz47e4hwud5iyhh,0
did:plc:b72mon4ln5m6faftk4ln74d4,0
did:plc:vsnyjswhiodbg5bkjspa4hu2,0
did:plc:agtycuntps5hinjbix5gnpfr,0
did:plc:5cypsvd2iqczwnhzhn2en56y,3
did:plc:r76tn53zekrlxcqnr2usl3th,3
did:plc:ahwop5dfpn7ca76cqzmtonhi,3
did:plc:6tr4xsnzj6jd3owojbqlyn43,3
did:plc:q72rngsw3wrqbqo4catcj3x7,3
did:plc:3bffcdeosj7vlbfp3pd6rijr,3
did:plc:t3btwsojdogkrap3g5pwl4dw,3
did:plc:54o5f4wugyi6whlex2siiuud,4
did:plc:h2nnhx3lwslnzpf2snoajcqd,2
did:plc:2lez2ks3ux5nhwko6fso7tym,3
did:plc:54pmxdpfenextbwaipkpzxio,0
did:plc:miinpls2ku7oiqlztrayfhz4,3
did:plc:kdjkfb2g5pqlwpnsehafy75a,3
did:plc:kedbrihpoxy2d5xdd4pj3ein,0
did:plc:hkams7ev6zrn3oiwxd7qhodc,0
did:plc:gvrpdw74kvf2urtwa54qfsa7,7
did:plc:p6jlxemvugkfnzlny7evmj7z,0
did:plc:deyobmkch3s62x6jw7sbv3e3,3
did:plc:ydh54c62zg6nzo2w3xubeixr,3
did:plc:v3fewwkgarhzcpqi2fdwgo7n,3
did:plc:3hpf5pyt6qd2ydmux2fqqghp,3
did:plc:pp5nqb2yxdwe2mmyzl7tv6fx,3
did:plc:bubzjbb2wqsjiklvys5m7g3k,3
did:plc:btapoz4ckccq2kzjen455keg,3
did:plc:v7bq3jc5gckw5yeratnxni6u,3
did:plc:lsurr76agyvyv4vsbt4evfwc,3
did:plc:shzi2zpkevutboipq2txmfsa,3
did:plc:4i5kbz6fmpxfnbp2wda6t7d5,3
did:plc:a7nxssaxawj4edpawuw5gppt,3
did:plc:ztz4cfncbo26ydnc7qgr5qfk,3
did:plc:jxpz3ndybnyfulehm5a3xrkk,3
did:plc:pefcwmwkzpprdccfl53hdcdr,3
did:plc:4dkwrf3z7nm6dhkaavmuis6y,3
did:plc:tyfp4gwdfrkkama6trvxrxxf,3
did:plc:kqirfz3agwabflk6frmf3djg,3
did:plc:laingcpcw2hesc2dthcaqk76,3
did:plc:aorimiovw67rvul277vt7kvj,3
did:plc:232i4srj66jimnxgloteal3b,3
did:plc:nvbtk2jzetbynn7u2dlesxx6,3
did:plc:5sseevf4uzxacf422sqkipuq,3
did:plc:fmigygqbbziwfl7jjxebdqpx,2
did:plc:3res4l4sru4xujgxfzm4faok,3
did:plc:25wktpk2p6st7a53xws77aia,1
did:plc:xb67yulaoyllzutuqjr6g5m2,0
did:plc:il22qgpwleiydcgn3zw3lpd5,1
did:plc:7axagihr4xiq4cbsteo4zvak,1
did:plc:m73sfnfkbyptz7yzxvhvjvjc,6
did:plc:4flm65655awhamzczajxeyi7,6
did:plc:mv6r47n2homw2vza4xdwjjh5,5
did:plc:5nvtpv35i5tcz6ktitlccu7i,5
did:plc:kgpkktwibkiv77sjnvtk7isp,6
did:plc:42alganokazakwswzcx364hx,1
did:plc:we2butxgfrqjxqxztwznhrrv,6
did:plc:6wr72iumoq2leceoacdhouwc,6
did:plc:ckiiyd5te3kmtig7f6cvky2k,6
did:plc:jlpj224hnq3loqabxsdcv3xu,6
did:plc:eztg3nos7tcxfy7cf6reyxvb,6
did:plc:rufgcyhn57hjx6u5ndvlf66e,6
did:plc:ten4tept45jw7q4zhdnumnrm,6
did:plc:2lr6vz6oda5xryr4rnoqw7s7,6
did:plc:6r6xpzxahxdjyslkyxenqeta,6
did:plc:n4ucy3gxj37o7f7rcvknbj43,1
did:plc:vzr4w5bfsdu6b23vavtariql,6
did:plc:54p7tmjjko2ek3yzuvareiwr,1
did:plc:mjbfvjmcsvmaiwqlroivaaib,6
did:plc:ehjcu7a656fe4sllyf234dbp,1
did:plc:qfstv5gxyoluferbo43jqvxx,0
did:plc:hv5txhoeij5e23zna5wwyz3j,5
did:plc:chekgukslstvv7q64hsocfdu,5
did:plc:dqzrp4h5t74jpxdtzxdxynf6,5
did:plc:fupshmmhu445j5ji6y454vbh,0
did:plc:uli2rqyfqasvuawksu2z5jkc,1
did:plc:3c3uyckqi6hawylsnps3xcgu,1
did:plc:rjmw32o7z2ckw4gx6v7d3i7u,5
did:plc:rcbik7pplb6p2yb53oldbcgf,7
did:plc:zjyh6vojziiqq23aqgplobht,5
did:plc:g2f3hqi3ssv3ctgifcenzd3c,6
did:plc:qqu2mzz2uqdqq6fmhao4enjt,5
did:plc:thsljaytibfxokwyj2a3qa3w,1
did:plc:lgb2szmy5apzpcwydyxjsnkq,1
did:plc:3npwvmhygvpiqvh5ghbswbnp,5
did:plc:nqprebywzuqumvx7sd72qcf7,0
did:plc:rseqftqibpjbrw62ebpmp4y3,0
did:plc:izoyc5wwuo6sdvp42jqsd6tn,5
did:plc:dvesysr52bkeedluwpqfm2cs,0
did:plc:xve7u32pjt3gggp5wixkbqnz,1
did:plc:m5h32jmcj6xeutvauzsjhzqd,5
did:plc:7kpfpms7rej3tggpjlu5jn6x,3
did:plc:cb35btbviyffngey6ifig55h,5
did:plc:bcavqlaquw5d5ldsa2rcpbd5,5
did:plc:jue2djcaqbbl2me4iej65odo,5
did:plc:3r3tgm56kjvkv77b6frz5wru,5
did:plc:lrrm7ddxjj4atiibmx7232od,5
did:plc:y5oumhmysxkcpwq7fxmvam47,1
did:plc:7v72jhnhnlh3jafkhzzu6b5j,5
did:plc:7yeznbfgyv4cqejnuhrv5tez,0
did:plc:tggf4vj6gkpnvchbco4e73os,0
did:plc:fmgmqxupacolqij43rsojuym,5
did:plc:2p27vmrtxdronbnxp7dzgkal,0
did:plc:mtqfqruotbsjnkyzitmxzfap,0
did:plc:ki444y7utjjksr7taxcrt2mn,0
did:plc:ljhgbwaiguybvqxtetovf6ab,0
did:plc:5d7w3rg6c3ktwir7i3qwr5kk,2
did:plc:5xemf4rfkz3elbajsmvfbni6,4
did:plc:ypwwjt3qdgesdy6fq4q4gymz,5
did:plc:5ts5hsgpzvwo74mzbf3kk6wv,4
did:plc:fomcd2ojc6kkv6habdp6kskw,6
did:plc:yeutub3v4krdsbktjpo3mjtk,0
did:plc:aokigabbirvpdj5vyudescsb,0
did:plc:ugyl6syayvsrvu5w4uxtlkz4,0
did:plc:kfs7jzwvi7fdopvoq74dmwta,0
did:plc:53rwmbmm7rhwz4poj4spe3si,0
did:plc:ahzuot3wuxc6b4zdiudhx5os,0
did:plc:smc7l65tbwlypexfpw5lxnet,3
did:plc:kgoeg3plorw6nxvp6g4ixpk2,1
did:plc:eh7dwg3j3obbuegxhublykty,3
did:plc:5talrvwomnljxgdvcmpddyu7,3
did:plc:3rbpfr6yj5me7zawky2dxkez,3
did:plc:mg45yacmrndfb5ivnkuip4sr,3
did:plc:aizmhujrektojmdw6mdgifay,3
did:plc:mddyn7xpgneiog4bmk63rtwo,3
did:plc:ia3nzhixpyphutkg4irp5umo,3
did:plc:bsfvelkt62y24mgiflnaz5pw,3
did:plc:bejzjh5x3pjxlep3yonyqtmj,3
did:plc:ydqv3fyfiadfpyxn6cm7xh3a,1
did:plc:qcotwqdglc6v5rotj7ij5x3u,3
did:plc:et4b7j5v3ggqescwt3mdlxyy,3
did:plc:xrqnrjnnanwcujbtuqo3z4hv,3
did:plc:vjdajbkbepptqei5ggdmxzub,3
did:plc:uymck5rz2sj4nc5lfqzg3ppf,3
did:plc:xpb3vhbuxyxedjux7bfz74a3,3
did:plc:254aurguozjzdpwplqrg2chn,3
did:plc:4eatqxkeb5aojn7ckulazwjz,3
did:plc:laj2dznwcp3lpj4hfvgav64n,3
did:plc:56i65o4wupncesd7sc5gojyk,3
did:plc:cyefpiziml7b24sxpd74axq7,0
did:plc:zvdt4rxmuymyxc2jbfsmvitn,3
did:plc:lgmujnhyr7xr6il6rkhezmqd,3
did:plc:r4zpodgtq2h5qjq2nsfjbha6,0
did:plc:2n3xtke7uu4kc5sl26bq3msl,6
did:plc:wt5cnjsnwwb7mxfac5of2pdo,0
did:plc:rnewx4hvzesxaddelnhmo5tf,0
did:plc:43m2ynh52dpltgu4fwogc6s4,0
did:plc:qjrton6bqgt4hgrveju7ppz7,0
did:plc:cdpcpdhjioi4dgx43e6vqhks,6
did:plc:vf7a7kmygi3yy7l7khmoba2t,2
did:plc:zxxn7qzktg7j67xlaonhi344,0
did:plc:e5djhtmj6tbrx7l6hg5kma7l,2
did:plc:kzmrudr4lmdqj4ws4642d6yo,6
did:plc:hzybvzagmffy5cnnouwbevv7,6
did:plc:ndqeidmnffymqbjl6ooatltx,7
did:plc:5yc2hjcjuqocoqn4u5fixazl,6
did:plc:d2niq75todt6utnfrmgyvktz,2
did:plc:brbha4wroztr4tevhgyduexl,2
did:plc:ksza6ey2yn5sdjabqoayizzv,2
did:plc:bv6kvnbdmhprqgjwye3tmzs5,2
did:plc:mfhqzad6qr53dqvsyqtxjzis,2
did:plc:tjs3vd3qpvhqxjud2kk6oab4,2
did:plc:cz4jtqgjui3uz2lxeigk3ynk,2
did:plc:3wlqpk45ozfrffy552fbkmjr,3
did:plc:lkjvcycibw5ncn4d4lnjzdyw,2
did:plc:ni7vf3yjpbdlpee2dtzcykaq,2
did:plc:edgdwpyaq2ebaaf4vxishliv,2
did:plc:txyfrazztopq3em4ivv3hi4m,2
did:plc:ltjxyxakn4tuypnwplhvsyqm,2
did:plc:lr2vpcm7kwlx3zkvyqhdtosf,2
did:plc:q75vdh4j4vuuq6cfq2i5ltmx,6
did:plc:bgikzqlijyhq6g7zofpi56ro,3
did:plc:hsvbbgx3aq5fr6yenqfe4l5x,2
did:plc:vxluqdjhcuwssfppg2buvmxg,6
did:plc:onts2ygxc7jdpw4ruzxdlum6,3
did:plc:bg27igy7mm2oqwe5t5slp7im,2
did:plc:vja7gq22e6nktug7dfi3pzdc,2
did:plc:xnu7mpmeuail2f73tpze6drs,2
did:plc:qkxrzx7zj5qaw2cntcp55hju,2
did:plc:6vmisfdlunc3gv4f4vvqw7en,2
did:plc:vbveqr45envunym2kbmxfept,2
did:plc:u7lqup7hmu6okjkkq2ifud4q,2
did:plc:izzk7c5hz3ab3j5bw4hhkrkl,2
did:plc:tipbcx4t36ridvtlzymqftyx,2
did:plc:5l6r2eylp4u43plmmaky5n6g,2
did:plc:7gzrz2wxyqcmdbvgklmteko6,2
did:plc:ctz5shd3vy77qlyzlf4eirfc,2
did:plc:7sc3x32gnjqpzkonjwfylvio,2
did:plc:zlcq67kkrlw2wgqnvfnvdy4c,2
did:plc:tfolcge53ly3cuskhvvatmnr,2
did:plc:wt6a463ytxptzmqrnrhzso5o,2
did:plc:kuof7m4s4e7j4sh7odhkij5n,1
did:plc:c4aydwxlofd3bvwrbo3rywv5,1
did:plc:muvzh4jnsoxogqainxx4ro5b,4
did:plc:56rvpk3euwnubumbmieuf7pm,3
did:plc:yvanbhgr4a6cqkgulckbog3x,3
did:plc:hoc2kohqwpntqnems3cvo7mq,3
did:plc:w7n67ko3yexpezsgnms7wra6,6
did:plc:rucusw2sqrya55a4qmf7w7ea,4
did:plc:7rfjpx2wra466lbzpscptini,1
did:plc:hlqr6xxdovl6kcl7mqfdn5o5,0
did:plc:ijk2uijbwllxr2z7q3yyzily,7
did:plc:q3oq5mpv7pks7oix4ui4gpwb,4
did:plc:z75tnertmxguqwbdv4cvgep5,0
did:plc:txmnbmxsm2uhx2d4mopmhjr3,0
did:plc:k2q5mhzphocm7arm2ycoz5cm,5
did:plc:galybrzuw2qziiqfagcnveby,0
did:plc:ojrwxuzuyxorav7lbw2pbu2w,0
did:plc:fu7e4tb5wc2ss5ctggph6upx,8
did:plc:rymfmjojigx7b6mzucoawijz,3
did:plc:h2bx4w5zpguhyo4jzjuqdqys,0
did:plc:cfpay6yqcmxlvjjmc3n7tn4a,0
did:plc:f4kb6g3gvmmvnei5o3dausmf,0
did:plc:drmrqnxrw4ksqw4jwjjtej5t,2
did:plc:irxss76b2u6lco3fssp3qoqp,0
did:plc:elzidvp463chgaxvcffogbbm,0
did:plc:mlbeil6cobmac7j6tra4chkw,1
did:plc:5dv2exbazq5mpmijzk2uczd4,0
did:plc:ujrt55wdbwu2452gx7oqj3p5,4
did:plc:augtlujmnwbeg5iit7etcyti,4
did:plc:iudxcjvithuiclneqetqvqre,4
did:plc:76tzmnmbejetjuhovyt7jgk4,4
did:plc:oz37mwkdxp7mxdqr4hmsreth,4
did:plc:wfpcidp5ra4y4b2bu3dblenj,4
did:plc:3duqio7guu2gt7syuef7pnmu,4
did:plc:mr5iarxs63aa5p6sfrhsrnqe,4
did:plc:i7pr6jeirv53rka5eub4rado,4
did:plc:62yaeunhhvcn3zcpl7eddoon,4
did:plc:sv7oeyufhmrqpmp7ivwtfqix,4
did:plc:ws55muaumjgsqgd2trjovy4x,4
did:plc:4qu4htoa2ttolpjybpbfqurf,4
did:plc:snf3v5kkj7xtwu5tpfwfg4hr,4
did:plc:yt6owlpzaasm73y77qa6w7lr,4
did:plc:dohrzwssmsiljhwhims2u6sa,4
did:plc:xaspjtyuzgakjqhjpwwgc6tx,4
did:plc:ecjeinia63tvyju2mt77zo2f,4
did:plc:bdwp2s3y5xbndaaylxbwgagr,4
did:plc:who4gyxzovmpqwgexwmjeb73,4
did:plc:lsj3meiuex6isynjk42pn3dy,4
did:plc:45ni7jajzct7vqzvkd5ps2cw,4
did:plc:lripxdw6jc2ebfh7yjn3ewvc,4
did:plc:aql5pmvkewfzarjtrbdtomd6,5
did:plc:bfybdhq67t53v3c5vagnfhvl,2
did:plc:ys5sbp5bcoe2ei37wtnr7tsx,5
did:plc:xzyz24e2lrwtaa47mtlfu4ct,5
did:plc:a7zrytutsskhn4ohqdllypww,5
did:plc:ugoh2f7qwbzy2jnjzc2hrhsp,3
did:plc:mbzl367y7pcab4duzoj2ksbe,7
did:plc:jkszhisoha7pdyiabi4rxmo5,7
did:plc:avkaakx243fxmkdrshcvdeom,7
did:plc:rcyyuvo2voj4o5weh7nfulvj,7
did:plc:ltuswfjf5zrwd4fsgvx7c5gz,7
did:plc:3bsrzlb7pphzzwo7kxydyp54,7
did:plc:7twkuxslma2ezt5vaklzjqgd,7
did:plc:p2w4gkdtsur2y23bjlxxali2,3
did:plc:lk5hidqynl7bwftkgndb4tru,0
did:plc:o4leanhr6doxmo5fgp7u7rsm,3
did:plc:yaz52url6hpkrdrk6alwpbo2,7
did:plc:mdzujruorybpsdhjrocumftf,7
did:plc:ov5quusd2ipthgj2hfiwm7kv,0
did:plc:37fln5kiugju5notfnfvydjp,0
did:plc:vqo33yykw6shr4er2n3gkdpx,0
did:plc:nf767uc3ilqjoa6r4kgnnvym,0
did:plc:6vn2o6t6tzgu5tlblfkir7ni,0
did:plc:buvej3law2qwlsvttufdu7up,0
did:plc:s3igjof4w7wznlfkn4avcmfz,0
did:plc:jtlp5gwi36vrak3uddq7waav,0
did:plc:2ktazrjxk3flbe6elxn7xwhx,0
did:plc:nbkhyqlzqu76fjy5m4pxom5f,0
did:plc:vz5psamdib3tupirnoqdulvb,0
did:plc:mjggyjgl3sriyrazy7vgeey6,0
did:plc:fpp5sj4ev3h36kcsmj4ttgmg,6
did:plc:77kyw3qxuwnajbs7553pkzj7,0
did:plc:464zcbsj7qwfqovlpwqlzmmq,0
did:plc:4jktt5avsgvrx6z7g2bhkjzb,0
did:plc:4qkjfskztkxa56picprk54os,0
did:plc:32kibsnp26xcpwm64odn2i7v,0
did:plc:yg5zbpcwdahiz4slrjygeuyo,0
did:plc:aby3qyiqbkiva7zo7eyprv25,0
did:plc:mr5rglxnqahqfj2ksg4vtnzx,0
did:plc:mtewv2sgyjtk7spfiqbhpz5i,0
did:plc:pcpoqlym3nvzbockwmrmobwy,4
did:plc:666cpy4ica2k5ck6somsmyyh,0
did:plc:7g57glajrmqgw4zwxvf6hwlf,0
did:plc:so2q5khbujerjjrpo27ihkhl,0
did:plc:mcqhzw7dk25zy3ig7owf7y3t,0
did:plc:rydqxte7vrli5a4o3qb3lbxi,0
did:plc:o7wy342d6xohhtzc2wx56dcx,0
did:plc:3r2smmvhdraalky7hljvp4dn,5
did:plc:gy7wwpk27cs2w7b7axmt4uku,0
did:plc:5y4e257st2ukclefoyephmxf,0
did:plc:ctu2izajf6re3sb4g6ahc4u7,0
did:plc:kh7gmikze6mjqfretqpm42cr,4
did:plc:o4ljbcfduepqlvhq7ui5mr2d,0
did:plc:t2rul4vbiues4n2ou63kd5t3,0
did:plc:kiwcectc64b37wtb7iedirfz,0
did:plc:xlu735eaiymz7yzkfls425ne,0
did:plc:lkgvo4d7jmntogphq2ikdpxl,3
did:plc:sm2ktnaoosusqxqkvqiipw3t,2
did:plc:hxkss7c2v7qpqebqkbc46jvq,0
did:plc:7txyexwtjn3ayaglltvuhogn,0
did:plc:vmpnshho4zdfaqtgugcmyzx3,6
did:plc:mgd52wbnxxm4mpormjlgl56v,5
did:plc:3cm5eyyyps3k6kti53covcbu,0
did:plc:cnjcmqwyf6paaxqjfizefvks,0
did:plc:v7pruepgbc4byf4hszptayhf,1
did:plc:od7a4y4fudwn3tpd5ly4z7wv,3
did:plc:nnveutsnjc5lrgi7e6mqplzf,4
did:plc:wukb7qu5ostfoztzzzwarhtt,0
did:plc:7hb5rqigzjhludr4tdbq6lju,1
did:plc:mpngfs6ffibk7udfzb5jhvrq,0
did:plc:ucbfcoruwphxvpkqiurq4bwo,0
did:plc:w7sv7kmlqtjwuxtuhhbaqf55,0
did:plc:xt2yn2kp3p4fxwcvmbpkgzm3,3
did:plc:y4vetu3wdstm6r2bscmycsi7,0
did:plc:ohpylpjohpksptwtoix6dysz,0
did:plc:565vmz7aj3xkejfuyab3dt3l,0
did:plc:spyqczb7qyhjnfoygskllm3m,0
did:plc:nk4qxotngpjkuxfzf4tfnjmi,0
did:plc:qdqys52n4rcxe7bqfziiozcy,6
did:plc:kmhbk473vgtakqjq6bd67ngy,1
did:plc:kg2iuh2432oeivlroe5elizh,0
did:plc:vjjxrqppd552f2yqw6o5aalj,0
did:plc:lbafa647izcb3vq7nypqmch7,0
did:plc:ndrlmcyiya23vt2qtyi46bvp,0
did:plc:wo4idf5eykyxtbcs5gu4cd6t,8
did:plc:sevpcra3rjb5r4lqshctkf4k,3
did:plc:lfrsnacxuhankuzwb3b2ww7m,0
did:plc:nstff5hpwxul2m42q2x26wsy,0
did:plc:jolvdl7whdeudpvvfkepdd3m,8
did:plc:ff4ml2zi3jnypjf667iw3dnn,0
did:plc:nwjpkib7s45vwf5ahqgptinq,0
did:plc:d7notdhpkpd7icqpjopkhgbp,0
did:plc:nqn6obw6ldulolwroxmykaxo,0
did:plc:mhalxk55rb5metman7pasd6p,0
did:plc:ktrmqcvcidfgmubix4ncigpe,0
did:plc:vpkbyz2iqjpjtbpfrhtwhcmr,3
did:plc:apw5bbq2yqda3oy5tuhfetsi,3
did:plc:n3pt7e253d5qor5zygq2myxp,2
did:plc:a7qtbxzc3eh7wxeulw7w2yxx,0
did:plc:2wg4ljpvtwfzufyp63p5ai6p,0
did:plc:7u3gfnsj4ps7axhch5ei75n5,1
did:plc:vv5kbnbll4xx6jhrfu3lp7lg,0
did:plc:7xzyrdkx6as2544jmvflucig,0
did:plc:vlwbxebb4wqrgh3pnrxdk4qq,0
did:plc:w7bki334fg6tt5dza4qzwh4j,5
did:plc:5rxyzb4fw57umc2fabcdhirh,0
did:plc:d4oqov2cpjzgrclsz7bd3scy,0
did:plc:rcyihocgycxcr7vjyq3zo43b,0
did:plc:pqxgi3upzaaeuvylcc2v4sfu,0
did:plc:ntexakgxjzbrv7hav6npzy64,0
did:plc:2wykpnli5vwfz62dcln7wz6m,1
did:plc:qtzckelov7u3bxfxptrzd22u,0
did:plc:yeiibh7v6kguq33togt6coqi,0
did:plc:b2cqkzvpaosiotkdpv2ujvix,4
did:plc:gkjh7mwtxa6cedttksjg7vp3,2
did:plc:ufb3jmpzwsua2z472ztfprky,2
did:plc:gw5v5ur7kcfjlufu4ceyrgfn,2
did:plc:ti4r6gnsnd2dnc7vvcvu526l,2
did:plc:qdk4bzolyqgdbfekq56xoozn,2
did:plc:cvkeiro7st63hrejmp6tryri,2
did:plc:fypr33v6gxusfibtdpqyar5a,0
did:plc:rfwlg53bkd5e35usdny5iiev,0
did:plc:gfdtg3ckapzbfzrjxt73bre2,0
did:plc:s2xjhqmjyvk54jw2bat5yyyt,0
did:plc:z67tigovzoimzdjb5tliefsx,0
did:plc:eet3vczcqhphxnto2pnoqq54,0
did:plc:eqfccn54abybtovvs5ww52up,0
did:plc:vztov2j6mar5fh57mssmecqf,0
did:plc:e4tqkvdjxqapupkv6rnb6agp,0
did:plc:lezke6oxytjpvkeqkaq3thfv,0
did:plc:rw2f5q5qmscsr5k4adslkdb7,0
did:plc:hv4rslnyatgnojaplmj34sp6,0
did:plc:ntgl6vxskbmofng3elaqqn5j,0
did:plc:ag5bbsbkfw4yl3wyrqgfh3zv,0
did:plc:y4yrp4f5n5syxohz7zwdigvc,4
did:plc:vlr7lesvdmgxto2duexuzibr,4
did:plc:6rcuiszx4wr4bhdjttgxd3gd,4
did:plc:yr24ymxy54ehjgx5uhj7o675,4
did:plc:67fmhjqlgmo2j2765ll2gt6c,0
did:plc:efplypgnalcsjwptwwx2g4cx,0
did:plc:rptblpgg4iu5ef6puyrmrl2k,0
did:plc:hsdsr72x6mi4uznqgf4trtrx,0
did:plc:2w3eicjzblwvqo3nsxiivwgb,6
did:plc:etollpbjshrnmzvff5fsgibr,4
did:plc:7g4jcu2hnnzmhetespjomtt5,3
did:plc:xbwcqgvpey37tpqwcthvg3ev,1
did:plc:olnuvzhvozlvi4dfuduk6ta2,0
did:plc:pip5wxi7otp4gst25up4oq5a,2
did:plc:otnziqq7co6it3lfimpoozs4,4
did:plc:6kz5gttej2noe223y3u35s64,2
did:plc:225knvvwr4zm2uihwgqwgocs,5
did:plc:iivc74cbc5ab4p2nbgi7w5tk,7
did:plc:54gd45zu7ifoln4c3xfioaxw,2
did:plc:m5dlnewvny4xmk3xlfnv7efs,2
did:plc:gi7mmvita3f3tb2szpcisu4o,3
did:plc:q6yfcufyjnodwuaonizj7x2t,3
did:plc:agodmn2s5dxdanpogsci5q74,2
did:plc:rf6fndy43pjesaqyjts23u3v,2
did:plc:i5qxflz6np62k4ccce5b4tn7,2
did:plc:jrtxesozdm2ikkq65rqto2so,2
did:plc:eyh4zu4ylcywyaobixlbusxh,7
did:plc:s7igvl4b6yhmen6vmf6pyjdl,0
did:plc:74vij4tcrdk3hmff7d3u3mgx,3
did:plc:zfrpbi4u36r6izbmfmf57egt,2
did:plc:kdnld3s3deccn5ugszpxys22,2
did:plc:elpqq5i3h3enm5ruxvidr7jd,3
did:plc:ens44fihqd7ncsvnnrw4jv4x,2
did:plc:6k4w4zon4odv5lzhyjbncn2v,2
did:plc:uomnp5fxni3xusp3ogvzgebi,5
did:plc:fsgmpf7tmggadspz3dg2xekm,2
did:plc:y2ytmktanuusaawhiezrhawg,2
did:plc:hv53vcqxac4gof44v2lnuwiv,3
did:plc:6lkmlcuqqf2zlst7hd7qus6o,2
did:plc:4jfw4hovmf75srbdsraxsliu,0
did:plc:ppw7zknfvm6rffdghmdpsa6g,4
did:plc:rete6mbjk2nwcqkivymcd4gc,2
did:plc:ctg7v2lmhyl3yjplqswvbhol,6
did:plc:u6mcecjctq5kzh3zzq2hxxhg,2
did:plc:hr47mqrbdczte4yab3igtx3r,4
did:plc:nzeozv6uxwg5uzxz57wrv7sy,0
did:plc:jasoga55bbon6ac2jxjavift,3
did:plc:4i3wnfnqejcs74ca53ze3phn,4
did:plc:a4at5gabohkzdhzz7smye4si,2
did:plc:yxcmmlqjf3kcbobp6mq7iu7g,2
did:plc:ej3dwkan4zmttocb3okedu7v,5
did:plc:a3nrzoc65whxwuu3y32wiz3s,4
did:plc:3bamb4mj24oeuqy5rqbnxpc2,0
did:plc:dw4u3ndfqww3bvpth32uueaj,4
did:plc:22v5x5vozxjyxwwkvcgcxtwm,2
did:plc:azoc732a2uwicmitkvxtgdp7,2
did:plc:nfb4rhvuhpvhrfscrj2k4t3f,0
did:plc:6vnn4ha557fvpgk7xhzx6sro,2
did:plc:6qabpzly64rotm4rqe7wzbqg,2
did:plc:ivu2ld3krk7sy2y2x5mmy7zb,0
did:plc:2xmtboysauxxrnxmy3rapmjv,3
did:plc:zjyt642rdn5j5pt5lc57wedq,4
did:plc:uti7ghr5cyk47siykbbhr2en,2
did:plc:omk4hmvnqlagxhsfbxzkjxuo,3
did:plc:kmkmzojhaemrepm3wxjtec4r,3
did:plc:fnf2x5vpgit3luntuoigyjze,4
did:plc:pxzgxfnjhgpctoob6q2bq3xb,4
did:plc:piscffhkhmaadtnu6zppaivl,2
did:plc:bag2ssev3nf247errjwvvtqk,6
did:plc:ijptr5as2yxx3iikknwliazj,7
did:plc:viblykhveyomvkxikdlpwjp5,2
did:plc:4wy4v7avhvx46572htz2g2mp,2
did:plc:r2vism57hha2zs3kx4v5cmzp,2
did:plc:cky4z7z4nutiyseg5i2rxkj2,5
did:plc:snmj5xcj57vfdppljxr74v4o,2
did:plc:6ydqwlgvus6wcwobke2x6dwe,2
did:plc:jazffdg3p4swvov5rvscpvdm,2
did:plc:o5slya5y4it2bakulfaolrhl,0
did:plc:fdr2haji6ettpvvl7kxlxo77,3
did:plc:a2eyc5e3kuvpcyfpcmjtfneb,2
did:plc:6hesnd7rj5ktjbs4m7umfmpc,2
did:plc:jyczapxqop67ua6rfkcmjwo5,2
did:plc:f3i5srxcngudydl3je66tfx4,8
did:plc:rnstaowur3m5vrx5lcpuxdbt,2
did:plc:ps22in5zgrmsxewf4hrvvyzv,7
did:plc:kozmoyhiweyon5fhlso7qdvk,7
did:plc:3kqv4wrfia55oncplfl2uzpo,2
did:plc:6iv33hnfyluiu3cgc3bkkuor,2
did:plc:hf6sgmuezooo2eycjbq2bhgu,0
did:plc:iwrtvnwsevtu2oiq42xitohk,2
did:plc:csjfk4juehtdkaxgxfh2hnq6,2
did:plc:dcllj42w7obdwukktl27xzrh,2
did:plc:zywf6lmyn5m37jtszj3atttj,6
did:plc:f5rz57ucfsg5r5pnknnzcc6g,2
did:plc:dzba5v34evr7yge64v6lr3qu,4
did:plc:fdvwkplvuc4inz47yshqgamu,3
did:plc:bfx3rcudfkam7t4ciopntxf4,3
did:plc:wbycwdgghaeq5rindchubl67,4
did:plc:gulcnuyl75orklbabjwhmr2x,6
did:plc:2fmconnc7w25sphwiseu4ina,2
did:plc:ewfbnrnyjocqsuma7yyzyo2t,2
did:plc:qiyd6a47etci7el4egzjz5fx,2
did:plc:6irzdlfcwszzcspubuezzw6k,2
did:plc:5qxilq45vjml6p3dutb3yuis,3
did:plc:o63rrf4pb7mxctibq3c2lbgz,2
did:plc:mkt26gsulsikwvc3wnualfts,2
did:plc:eqoimrewhf6hcgeq7t76buo7,2
did:plc:6e2vxzucjzwsdk2qoyoey43q,7
did:plc:3m6x24md36fj5xy4bovyykix,2
did:plc:75de6atqh7njlk6kson2rigz,2
did:plc:kusktxehu6mbrrwgu574c5iv,7
did:plc:sqm6cuub5c5v3kul3agz65mh,2
did:plc:v4wxpwtovdhrwazgflg6jk67,7
did:plc:zzo5tdg2gu7giau33aoojtoj,2
did:plc:hypwws7rhvc6va5jyh47mvo2,2
did:plc:fawdoqtlufrhny37xfvmaedi,5
did:plc:dixfsuhpexq2aapofame5fxk,2
did:plc:rldjwbmz2jmqevaako742noe,0
did:plc:ocs7bkuxrof7s3xqpyfbya2t,2
did:plc:mwsgwy2kax5nummtvrqmogaw,3
did:plc:dpl55pb4evtyknx5qmwsfk35,2
did:plc:bvbrsqreu7wp7yvkfaibzbel,5
did:plc:npzdqw4prjvbrsfzloa3tdrl,2
did:plc:3j33hw2ywbgitpd3kmpxw52q,7
did:plc:uv73tmixxf4msiuoj3rsm6nt,5
did:plc:gjpepvnes76xsyovl5bjp6kz,0
did:plc:jxd3yecbof5nk5hq4qzpiljz,5
did:plc:iwgwajo6hldl2mfpnjxrluiy,1
did:plc:mm365wlzbee4fmyx2bkvp6a5,0
did:plc:k65akkgz2hmqnwwonldumvrc,0
did:plc:drcirgyy4xsdpns5hrxx332p,0
did:plc:7e7dz4seef3okjymyrf746ht,1
did:plc:elnmw663vas7iqnbhubvql3y,0
did:plc:uoriarhou45jcmumvczzx2tx,1
did:plc:4fepnpts7y5ucufe7wrpqrbp,1
did:plc:jxkgsudtq7jaitszthjq4hpc,1
did:plc:7ze4xi5gk2mgccfwpjz4ie4m,1
did:plc:denfo62ytig27ppavaer5prz,1
did:plc:hdc5sc4du4wj3vued3eun2gj,7
did:plc:nodb2n3a2saghii6dkacyden,1
did:plc:qty4biw6z4mvmhgcz4xauutk,0
did:plc:yxcp4vl2akrv7dlhzrvprxfj,0
did:plc:szfranvpcsglqyzj5ayuqnmq,0
did:plc:iyzx4hhwaqsjbqxukz2a3hve,0
did:plc:tqhu67damvnwheunrnca7ebb,0
did:plc:rtxilcy6fbyjtblrioz3iobn,3
did:plc:reu7q3altx5gsonhu5nxcfp6,1
did:plc:4zfro7k46y44inws5imwf4xj,2
did:plc:b5kylhkpzn7z44gdyxsh66sd,2
did:plc:y2vrb635qvwidblkf36tbzls,2
did:plc:xkg6yb3wsoukzwioij3s7fqv,2
did:plc:ddw6ew3fjprts5g4iqc6ujmk,2
did:plc:dzotegdsuoq4553w5ec6zq77,2
did:plc:aldxr74xjdz7gfwwtla2eohi,2
did:plc:6kbtqwnulthydvzsxj2glkx7,2
did:plc:qesnq27wlgjttpozqoba6bqa,2
did:plc:e3ahs5ihxi7dj62aslzwhn3h,2
did:plc:zrsg5u6abgzycdqofei3plcb,2
did:plc:t5rspnm2swciotekz7igshel,2
did:plc:p47iqaaq34srefj7eaqwc2pm,2
did:plc:vshhuu5rfkxiupfqzgvrwfz3,2
did:plc:otuojkr4qtmyxjtejr3nlcmn,2
did:plc:7pft3ikxo2e74bz4l7g7vcro,2
did:plc:fxjvd4v6yitbtrtqurzedibt,2
did:plc:65m6kliuejdd5qqnlgi5gkkc,2
did:plc:m5a374iqvripaso6fzt5wgnv,2
did:plc:r7ppgsx6lvuxmemvo4mhtldz,2
did:plc:mxb32hmaujd2x2f6atwhgfcv,2
did:plc:2jlswcw744y2mf6hrli6qt3u,3
did:plc:uneymv5tz6kytm4dypn37il5,2
did:plc:dh4y3ou275xj6dooz3lbn7ka,2
did:plc:ikczhzb5tro5xi4ilrrta5xi,2
did:plc:eda44xddrs3q6zckadjtflca,2
did:plc:6ytqs7raf7sqgjqwapacrsha,2
did:plc:76izqxnydbiflmezm7tdxuoo,2
did:plc:c5bgbs5spjgry6fb2g5w63ey,2
did:plc:h2jltgmxdamkaslktgsx7qrs,0
did:plc:qk2u6vq74hrotezfnyich5w6,2
did:plc:4j7z5xat3puu2jhay2wy5xlj,2
did:plc:ry6wpaktjofdtnjposa7xvnl,2
did:plc:4fhyrt5erq4tsyip4yc5abei,2
did:plc:mkoyxbu2knt37jvh5rijjnx7,3
did:plc:v24wbxapuwxkmxf6ov23cu6b,0
did:plc:2eb2foskc4zler4fail4jfkb,2
did:plc:imy4qhb6eq23qvqg74rqhq2n,2
did:plc:xpnq2wfji2eoz4vxddiv74lg,5
did:plc:qh5kijci2vsybt5xy4ui3oy3,5
did:plc:px3rjj3utp3bkfchk2vmqm5p,2
did:plc:ympb3cll2wdrjs726fkfnv4s,6
did:plc:qzwfghldvahm4ioqtx374zj5,2
did:plc:b6i564kxuxmxlqgjlsgnahuf,2
did:plc:xhtkzwekglt5y4r4yuqkxiri,2
did:plc:6vfyxvptjqoftwodoyj4q2ns,6
did:plc:6psqsqxf764lkorcems5jpgi,2
did:plc:5rhwtv4q47xcy4vjw4c76u4h,5
did:plc:fkuzn3ka3sm44qxot6zfkigv,3
did:plc:2chnvlyx5nyh4umnejnxdc2p,3
did:plc:3skgqlmihunzrjomv73nj7zh,4
did:plc:whciqqnfgulo7bqlyfukyi37,1
did:plc:z2ickjafzhsrdn26t2uubpc6,0
did:plc:hildhxwnuwy6vqlttiv3enlx,2
did:plc:hgjfy2rubh2kb3rihrcwohsh,2
did:plc:njvkeu2xpgppugdxltket5k3,3
did:plc:rfammikbm4xwfydr62rdt6iw,3
did:plc:nblg4xtejgow2hvvzzpd7tx6,3
did:plc:h3crhnetbg2ok7scspqd2sxo,3
did:plc:fq2hsa4dzxxzcyn5n52g5uol,3
did:plc:4aqqtmighh4rohsvxsimd3vy,0
did:plc:257wnu5xauic4ia4mlt52tyi,0
did:plc:yshfnih7x7uyqrbcifsrwifl,0
did:plc:hdeso2xnwit5j7x6qgj2d6yn,0
did:plc:pgpd4pojwkqikmjyktdjkmot,5
did:plc:cfula73trpsesg6me4nztfjy,3
did:plc:6ipzkakhdmpjod5k5wbqjhfu,0
did:plc:trqdmjmr6dx22fsr37kn7amr,0
did:plc:cd7hym3oc6m6n7hswf2cj54m,0
did:plc:s73w22ylcjzbcz6owfsh5x54,0
did:plc:lmzgptnps4754np5zfghv77s,0
did:plc:qia4bnapnogunf7jjl5fopac,0
did:plc:5c7pwg7d4f2rwwsefngp7525,0
did:plc:5swu7mwhi4orj346gfdi73lo,7
did:plc:tiarzo656tgiz3s2oies4juo,4
did:plc:e26qlvm363juxk5n72yn6r4r,0
did:plc:77rcmqvsoecqgswcrgxuzryn,0
did:plc:3m7ndgnyvmrkk62pm4ifcm4x,5
did:plc:ntebhcmgvbbmsgps4iiuaqft,0
did:plc:pvgihwnm7zxsw2fx5aev2rfi,0
did:plc:fopsli5fshyyh2wtojawmsre,0
did:plc:tz2mbeciygifilnnojl5j7im,0
did:plc:qvtlily4gshk2unlkrh5on7t,0
did:plc:ne6mcddt5up7k3pbfpz3px5z,5
did:plc:veah7ck2lhzvzqysr5bn3uw7,5
did:plc:kwg6z6edmn6nzvt2uwa7use5,5
did:plc:bxewr4n36gx6ywqmk5q6j6at,5
did:plc:a5yzg3jkonqb4bu4zvbackkc,2
did:plc:rowrfhspm5bxctyphsfr5n2d,0
did:plc:7oa4fw5rhxmav5n33v6llbko,0
did:plc:b4gnv4qipl6i3mtc5kkxtxgp,5
did:plc:ern2dpy7lddgyjzeqe5gqqhv,0
did:plc:scgohqpw5lwm5akyd2m7l3p3,1
did:plc:bkbotfpzhtftflxfign4feid,3
did:plc:3vz2tpd7nk2k3zthkplyc6ua,3
did:plc:6fgfksydckslitcguirndqxf,3
did:plc:tovsyimm2gglkwwxhpkte5lj,3
did:plc:cdpxefajbovtpaja4jzdhpbp,3
did:plc:3arghlx6bbern7ncaeqryjhn,3
did:plc:nimlnzd77uzs2hnvomgxymwx,3
did:plc:bkddrsrh7tbpnfvzkomucfyf,3
did:plc:w5vip6yt3hphqhkllj3phloo,3
did:plc:ghsqq23aqfgtvtd5aa2xxfv6,3
did:plc:b3eibiunzhl6z7ajzcjp4kbe,3
did:plc:hsb743cv27shgtbqorayaw2b,3
did:plc:6rljk625s3ysyc42mh36becx,3
did:plc:rc5vu7rgptcfthha5lyjsya3,3
did:plc:rjvz26zoi4if3yj5tzdykkov,3
did:plc:bok65xy67zvxi4ubk4pequyo,3
did:plc:jog4th62acw7k5lmv5z7icda,3
did:plc:mv5moglmtea63ykqmlpqkpnw,5
did:plc:yllqcfu4oy424rlfpnzj32ka,0
did:plc:2egpzsea27fru2vkrjgdw2ob,0
did:plc:x4d4rtgmqksygfrfqzwmsqre,7
did:plc:o2m4gz344w7pzr5tczcdfclu,4
did:plc:zqblpcouq373wszumy7snzf3,1
did:plc:kmvohxc642kkk3bgah7cvyy3,3
did:plc:umepeqsnhukbbzlusdiinri7,3
did:plc:cxzjdhxbthnrb3s6462o45ku,0
did:plc:nlf3ebxrnk3m353mop4wtvyj,0
did:plc:g2beyqprx6v2bdsyzivgssgx,3
did:plc:c6afwekjokbcq5rnfvs2yoqg,1
did:plc:bdewyyrdq4j7nhofyzcsl2zm,7
did:plc:iq55hs44psmf6qo436hgnvbd,5
did:plc:4ndbtbdmeoebrwef3jlomuny,1
did:plc:2zja3f7n4vee5cw4ors4ruzk,1
did:plc:aprpsx4fgqqikggtwkcefznr,2
did:plc:4o36n5mvv3533rktbpwdzzr3,2
did:plc:nirgjj63jfbweyh7vdf6r6bs,4
did:plc:p3dh5rpb23vxei55a5eaqk3x,2
did:plc:rkmusjya5sdqfcsu4qcxsiw6,7
did:plc:qpwnbjvxkm2vu2wywjvst5hr,2
did:plc:xbla3mzu5ty7vpthxctm4pqj,3
did:plc:3xp7nr5j2oqjuwa7rwbpsono,0
did:plc:3licnlqu7fpqutiabg32am5r,3
did:plc:jcrp42ynv7inveqgtc4qxoos,7
did:plc:dihasaujyq7m2hml4k3vk6yc,3
did:plc:u3pbf6ewkvh7gbkgu4lbkt5n,0
did:plc:ejkfgu7db6g7x7ttffhviqmc,0
did:plc:4cbdkfts5vqyesfxbhfdoe5z,4
did:plc:h7fbrkvwnaqb2f2pyal2kjoc,4
did:plc:2wscxoxxf26bj2t772flfelx,4
did:plc:nj3klet6rxjfuhcbig6qttbd,4
did:plc:xcib2suq35s5rsrbuvn6zq7l,4
did:plc:i5w2vzzuu5abp7btizbc5pjv,4
did:plc:vskabyh3zx4oj7lpjf2f56h3,3
did:plc:fjnpbowhgkxwoym2itc7bxlw,3
did:plc:xvowf7zueup6j4ucncy2pjzk,3
did:plc:rz6ifhxvbmyxrvxtvxvq55au,2
did:plc:eabkhesv46wngebux5l37pl6,2
did:plc:s6zlrmcpavy4pdi42ncfyblk,3
did:plc:2njke2cbduqcm62cqsfsjgqy,3
did:plc:gqkhodyzzhld23pc7jsqlboo,3
did:plc:q5ty2uwud7z47hpnq46v5nz5,3
did:plc:bsgndpgv44daa3z6rzpzrek3,3
did:plc:pstxcfuzntl4ow3s2eqtz7ox,3
did:plc:ip5fegznberoo37gkuzoub6b,0
did:plc:ap3kad6xk5xaqtml3ctot5gj,3
did:plc:eqozpk66pluu6kzpex4utpot,0
did:plc:u6giv4yete7c7pbhzzfmnigj,0
did:plc:i4g6rvyclymbvwgwkki6ioq7,1
did:plc:5v6g26w6r4acqtp4cmxwtjvc,3
did:plc:xrqpdlro6gdoiljqwx2ba7lr,0
did:plc:h6wpldaz5q6zsphxmt7lyojl,0
did:plc:tliss4bmy4sbbmslzpjfvduk,4
did:plc:akiihkwxdg4aaeab2prgbxt7,0
did:plc:36oqp4zivfuwc4xk5xfgazqm,0
did:plc:eoik65catqqfa767v6lwu6cy,0
did:plc:xda2d2yudh3tefridcvmn3mf,0
did:plc:mbunhsbz3uldkxlvwg6oyz7r,5
did:plc:hqaj6wh7b3an6vr6aiwaqwpg,0
did:plc:pkigdiu4qxo7kxexn3fzyhtp,0
did:plc:fvlyrgjetugnd6scclnbhbfu,8
did:plc:fx7qowwy5mkqfpub54jejlt2,0
did:plc:zrmrg7nebme3ygzcck6hf2go,0
did:plc:tkspefzlu72575kljanhe3uj,0
did:plc:2nhjeiwmwk2xccjgbwrdf3nk,0
did:plc:qzaobnslwz2vzuv3zntophrp,0
did:plc:7jg2sit6wvhwjsipmgn5xaxs,0
did:plc:q7iggtywwxvr7hr7axinzt6q,0
did:plc:ofcbdfefwkw52nay5goiqaxa,1
did:plc:3r4firk6osm7ofal3gnvlnkm,0
did:plc:y43ydxwhuqgcjg7ov2cgmo6z,5
did:plc:lcvhgwdhddbjg5yhuvxy2owe,0
did:plc:dmxlvjxtpdpf2zif2qet6mvu,1
did:plc:gqxh6uor222dxfotsivsvc4f,1
did:plc:zbcioofynh2yesfposfx4bih,1
did:plc:k2stuxgqusmktbwgzo6vew7g,1
did:plc:4evifree7somquv5ljrjp2v2,1
did:plc:2a37vipjopebirlcqgq5p5jt,1
did:plc:glv7asgpt2bvgpy4hitowq4z,1
did:plc:yjtxn5qghpjelwuojaihcz34,1
did:plc:jpn3m5veadokm2ofjb3qmnnj,1
did:plc:63o3qgefvrtuavou464pyyd2,6
did:plc:coxr7rzov5xh22d3vpl26pdw,1
did:plc:nic5hz3rux5wzbgwvggwni4j,0
did:plc:rwe6u3loveqphyv4rbn6hga4,6
did:plc:hxejdfxlzp67e45pxyjarams,1
did:plc:yifpqamzwvp3g4szr44mz37r,6
did:plc:pm7a3il6rfx734lqjwrxv2wq,6
did:plc:aem22nnino7fnfexbxilbpng,5
did:plc:pcyypjr4eldjknhitntklm3y,6
did:plc:6pgopgzz4dd53ehcnomxrcwt,6
did:plc:mw6lpx7exlavyyb5syn6armt,6
did:plc:dnzk6yv5bgbsacqzis5hizmx,6
did:plc:xv3rq2d5rvd3txhppbrc4q5n,6
did:plc:exe6qwc33mdpdij6c3inikqo,6
did:plc:beom4tdkuiw64d5urlbyajx3,6
did:plc:dlgj7njmcaowmjuhvqwya7vn,6
did:plc:4sbtia6j57uysmdl2l5v6h4e,6
did:plc:okscpe4k74hq2jgvma6yvium,1
did:plc:tbd4li245o333b33tngli2bb,6
did:plc:u2vjaaehusnmiegll3bv3kek,6
did:plc:eay5bbvyxip5w543ndsjrard,6
did:plc:rgku4s7bpobjj66vqluq6vw3,6
did:plc:2lu52775uvmbucnibkv5f6tm,6
did:plc:eikzppwkjnsv2hydpj2bsehs,0
did:plc:cyl2lbnmq4tdhbxemjdn54zh,6
did:plc:hbolond5dgqwhruuk6h6vjy6,1
did:plc:hinhg4szwpmxgwwl4whjlxgp,6
did:plc:gvo3vgzo476ake2kpphdjaco,6
did:plc:ethsjgbvjccw2oaght4p5zdm,6
did:plc:72yxx3zvqvgyjrawlcqmixju,6
did:plc:plvtvmuulsgvjg4oridqvhnd,1
did:plc:4mgnbnmx2suj5wqiro5jlg75,6
did:plc:d46niy2li2vumbs2dmqfz4ka,0
did:plc:p3aliiuktp5ohfegc4cbutw3,0
did:plc:tq7grs4h4pmptxgoul53x6rm,6
did:plc:wfrugmgxsa4zcs55ml7mpxqh,6
did:plc:ryvs4qghgdxcehszmairzilj,6
did:plc:kbekbbfballex4hl65m6aufo,6
did:plc:7cjhvqe3edhjgsctlysgwr6e,6
did:plc:hdssnxcrvhyakvxnyo4su3py,6
did:plc:ze3x63rvvy54wpkbnjipayit,6
did:plc:xbk2ioojadpu7ayiadkqi5bt,6
did:plc:ennfxkmgifne65wp6litknor,6
did:plc:o2gmrc5e7adj3pb6vxlmvgk6,6
did:plc:epxuazkzphhpf2xsxdafejpx,6
did:plc:xpnbll3tkw3bdl2a47llivxm,6
did:plc:5kieljldmffzahhbbivhttyj,6
did:plc:3io2g7afbeac76ea3sjsrmmd,0
did:plc:yk2ob4ydibn43kcqckn3nvlg,0
did:plc:wc4qdtssyyeso65jjj5lrxdj,6
did:plc:5mt5ni4jxeid3iwob2lhi4ja,3
did:plc:cjrlvpjl4o37etvfjany3x4x,6
did:plc:ks4pxw4dgkrhszowd2fru5xl,2
did:plc:2ywpdnqtytxyy52mqghc35fc,1
did:plc:pjf4wy34eb2jddpkecfpqt6o,2
did:plc:wieul3tz5vd5uwr4eciuyjom,0
did:plc:fmzdlk5vkwnbpsti33avtiz6,0
did:plc:vi7nfoms3n7jfam35pjqsv7s,0
did:plc:2zy2vvkx4xsgciwmvn6b5e7c,0
did:plc:udnac33pmf2iwcblpeai5a5p,0
did:plc:gauscwtsazr6dd76tmylawdi,0
did:plc:4ozcdhvunf5se5s4s7r6p2kc,5
did:plc:mijrbhdtfaxejcrm6sjuk2qp,6
did:plc:vjicpu75dw6cqmgf63k4s2ym,0
did:plc:b7vj6yi6zy27rfvsqgbl224w,0
did:plc:yszq3r6es46yc3vffyhwydq7,0
did:plc:6ncjlo6t5zhuqiuzg3bhrrsn,1
did:plc:kn7cwws4nnmkdodnwwxsrb62,0
did:plc:ndcr7jd5ugla7dvlx4ckra6e,0
did:plc:emgwvc6h2iy4vp6kij5jbm2w,1
did:plc:dkzm3egfealmrw3aku3cslam,0
did:plc:64wqxwi66lsrjsy32ri77z7h,0
did:plc:xw3zqmhrhvv2p36vgwapaahe,1
did:plc:lyenk2h7az32sm47w2gmrwra,1
did:plc:rvy3ooqcob6bytidigjk2o7y,0
did:plc:iht2f2bb6kqiwltk27yls3m6,0
did:plc:w7kp36qmp7ydfcofa5rgndjv,1
did:plc:n2iszvfnqhiey3qheue6iy65,0
did:plc:37fk3tzmmvqip764tkcmfu4t,1
did:plc:4av4hivvinu7kjgjtyefhmby,0
did:plc:untwheuip2dy6jxfzgd5awv4,0
did:plc:75ybkrbnd2lnqnzzntcmkumr,4
did:plc:fxgfym7p7hlv2ptx2w42fjec,0
did:plc:npb3wu7atsn7io2chsgshyyo,5
did:plc:ktoezttitu5vvpdt3ytexc44,1
did:plc:iqyo6hg27vupbc5k3ouyvkb3,0
did:plc:l5ubox2264vtrpl2lla2drdf,0
did:plc:nsna6oshe5vfkq23jbjru5y6,3
did:plc:nwsxaewey3kd3omqn7ebnupr,0
did:plc:3pbb5q6ie7ypt3oorfef6v5f,0
did:plc:fufx7fyyi35uk4lo23gdoufa,1
did:plc:hg5nydevk7dzeagekvrmbvhj,1
did:plc:ndglohgidzmlo5vbjt5breli,0
did:plc:vvoobbmw5do2c6croyatlw7w,0
did:plc:wu6kng7zvv3dibu6i5iryn45,0
did:plc:l4tg47dgpvtax3gpvrsn5k7n,0
did:plc:ucw6vpkxxa2cml5sym5xq7qo,0
did:plc:i672drviaokakcjvorvhxsbz,0
did:plc:lvicne62sf7xm7awdtsqu63a,0
did:plc:bmpuioxyap4e5damuyijblqy,0
did:plc:woxwniwtnvlfy6a4n6emwtzv,0
did:plc:g46aixsshdlpobidhc7z6osx,0
did:plc:dtxpexzdpm5ojjr3w7bnkiov,1
did:plc:dxfcr24fcykuojxjor67b5t7,1
did:plc:qi7yy4gwuuwmgt5eriu7sqy7,0
did:plc:jhafilcckejcoekfwahjkjop,1
did:plc:tbell6knps5pg72puyapci7w,0
did:plc:bgcjkf5d6y2v3l2tydgdktdz,1
did:plc:2dspniebk3n22k2hun35gqnl,1
did:plc:ezflutreoogu3ywwrkq57fdt,1
did:plc:udo2qnbhiuynbshxw4gkcyl2,1
did:plc:25embiqaqforsctkebscqj77,1
did:plc:nb5b47i3q3nyoyv4goqkpyz3,1
did:plc:llliloyylzwyg3ib7er5ttwn,3
did:plc:nl45ntdoiidvkdpy2ldidxkq,4
did:plc:bj6epztbrubmkloj4ethecvy,1
did:plc:attnocvalehxlxrw5rwp73m4,3
did:plc:hnw73zyzchyrpeonzowjrnab,3
did:plc:f7eizql2dvri3fchsyq2l46x,6
did:plc:gvfez6iaxqojh5l7gmjcvs6y,1
did:plc:bpb2ytjxqbuvk6hycurzfpdp,3
did:plc:nixdscrkpr7mz6eehr7ztcov,1
did:plc:hm2zffi2bsekkpvebcskhpmk,3
did:plc:6grajbzaohrj3g2k5l3g2ggx,3
did:plc:jacx5z537xirbgsollo35fp5,1
did:plc:b6sxncvkvkdh4xyvp6jrds25,2
did:plc:56hs3v3twvfwbrduog7aip6y,1
did:plc:i4bo7iulh4hqzty4ic4evk3b,0
did:plc:6zesfxemllibny4swr3wim7j,1
did:plc:6ffrwte6iffwxmmiv34luhrv,3
did:plc:ycqyqrun3gujy7wf5ymftpio,0
did:plc:o3vig7pqcke7jn6f2j4a56ex,5
did:plc:uuyrazyxbwt7zzlhyemz5bk4,5
did:plc:4ajnewepp6z66oc5o4v3qij3,5
did:plc:66k453grufsejvg7n4c4d44r,5
did:plc:7uipf3bozn4ozwb4toedmfse,5
did:plc:q6rketqgeir7nkiofs5wgrux,5
did:plc:lu4d4ul5j3ixyr7gvf5mxom3,5
did:plc:oh25cz3lsvgx4fch6qj7zrsx,0
did:plc:rh5vttwy4ippnacpunpvsran,0
did:plc:dpnxtgjlhia3ga64ls3mrt4b,0
did:plc:gsl2txra7m2h2yporvq5dh2i,0
did:plc:fvqrdx7c646n5yycadyfy5tk,0
did:plc:27whpfn6fj6ud4j22brqa2mg,0
did:plc:zuzhrr6siupcgqshedk7o6bv,3
did:plc:jkegq3qyumxzjobgjeos7sy7,0
did:plc:bpe3z2xjsgsqo35va2vrrkbf,7
did:plc:ljztouwkhdwvs2m7h4xfufeg,3
did:plc:jptq5ruc2tm5356s4f4e7yj3,0
did:plc:mphirghjvzncefwtra72ixs2,0
did:plc:y2srnkc3ze46n5ils3ma55qu,0
did:plc:wgmcfo4247cexflihkyrgwvg,0
did:plc:6dbazijkwdf3uygfxd63rdui,0
did:plc:j2zmofit7nzoy7p3rrh7xjvi,0
did:plc:zwxhok2d453dwupx6ubv6bqe,5
did:plc:qymf5dyl3esfrckpvrx57bdw,6
did:plc:ilybdyjuuhmkonrsselgf2l7,0
did:plc:c37vuaepyqiguespxqmgn6cj,6
did:plc:u72anysu45a6xpcqv2aecxr5,2
did:plc:sd3mm5dljkdfck7w2feupr3j,6
did:plc:l2mdjnwjrwpns76ol45t66sf,0
did:plc:3dnkqymfgax3twqfrtnf4gxm,1
did:plc:nkdfyls2ihfkbtasr4aankek,1
did:plc:zi7tswb5tztz7ytu5xbj7cq2,1
did:plc:iqjgok2zrmbparvrakx6x3gi,6
did:plc:mjaxogryguxfk5nnk5egnz4f,1
did:plc:sblzjcdfixpvaym3bd5fyjd3,6
did:plc:wjki6t3z6bafzdk6wackqkdt,0
did:plc:trdlxa3go7wav5usbgckinag,5
did:plc:22oaybah277kptv2i4wbpozo,0
did:plc:ezikxwpj2nxo45c7bcbiyf2z,7
did:plc:txwh6p6lvaec6bbq7juzyfdz,7
did:plc:4shbh4nnmgzhz2milefhtejb,7
did:plc:asrmwajhtpcg36tlvglb4ipa,7
did:plc:khp3tkfzhaep2cmfuvn532mr,7
did:plc:ehsscrr27anwc7ztgb2wu36w,7
did:plc:fd2duak7v4gov2hw4kp27bah,7
did:plc:prksue77hnodi6ltkbzene33,7
did:plc:c2ufo54nqczirul63n6vunlc,7
did:plc:kho4liswx5obhvfz27xpjduf,7
did:plc:h6k7rgvjnesb5tcgh5h6vuly,3
did:plc:oy7tipv4xyer4e6v6tw4xrbh,7
did:plc:htrk2dd5npsb6kieuauzurct,7
did:plc:gwkyrusunaldwqohtul7zyy6,7
did:plc:lsfjnfuarkzzcuomykec7px3,7
did:plc:aqqu7yfbrw3fren2m243zija,7
did:plc:r3iq5ojhrh5tys4cn3jwdhdd,7
did:plc:zomnm4k4djuguhxguy7ks7dw,7
did:plc:6z6ynmlnskh425iinhlg6cx2,7
did:plc:5raisxkws6n6kojcrcjwgyb7,0
did:plc:fttd4zvjqyqred7yoa4skbva,7
did:plc:utwhlcl4mgmbw3lxxnhslvhe,7
did:plc:ogymx5nnw52wzvkyl443cbr3,7
did:plc:jnsoeujvyvwzj25423dk7vq2,7
did:plc:rpntccddj5ontjqxylqp7fzk,7
did:plc:jwenzbufnomfhywgkwfep5tc,7
did:plc:hrale65s5lrhln5c3niw6o5j,7
did:plc:gpv3axkeepl5tzqxcrdcgdqc,7
did:plc:mg2l5yprj25ve5mtqd6n3v2x,0
did:plc:r6dws24o3wnbs7k6gwjz5aan,7
did:plc:r2rs3onb5q4wq2flo6whxwmj,7
did:plc:aaeamamzcseg6a2tx2ls5uj4,7
did:plc:bwsw7bbo5m5pdno5nhfcmfbg,7
did:plc:h23vjju5bieskrlifpjis66f,7
did:plc:luyspucx7l6vzr4slq3lmt2f,0
did:plc:ncp2luxkmmeoxdryopu5ysw4,7
did:plc:eql5eiqdgbccdy3noxce375w,7
did:plc:zdr6tidq7j4ywkwyno7bnujc,7
did:plc:bt2o6tl6tfb5npqny65svbst,1
did:plc:d6jndmyeehzzicg3fi7la4be,7
did:plc:ibdgzynv7nes2g2euamd6lac,0
did:plc:axa3xwcglpnqcakyyuldglux,7
did:plc:qmc2cbajthpuldxkk5gcg6dp,7
did:plc:f7jsicyefbiap7nh6kvdv3jb,7
did:plc:azcg4xm7milqim6g23wr6rz3,7
did:plc:2zxdqf3gikagyblyotof4c7f,7
did:plc:gtcwsp2peqq2k45m4zk3su4u,7
did:plc:aufc7oezdyaiutqhspblbaan,7
did:plc:xt35h3xxfajcjygaz7fuj2jc,7
did:plc:mbm27n7itndc453xi2zljm5r,7
did:plc:jqqnhrif5fqn5rayexuokbee,7
did:plc:yg56rspx6opv7w7mkjchsswv,7
did:plc:33573gvqjviarx5mbrerhh3f,7
did:plc:vdvocgedrzfy3fctroac4mmv,3
did:plc:vszolx3jxk2u7htmpqtmwbs6,7
did:plc:boiuxsncxonlwtgqur4krrqy,0
did:plc:iddh2wqsv7brsxvdrg4ihult,7
did:plc:tq3bt6vma4blyrco2flg4ic5,7
did:plc:ziiexa7wlbog2pt7khq7xzyy,0
did:plc:mauyb6lpeigsu7ddlvjs5dzg,0
did:plc:zp6gc4wtg3bpw6jpflwqubwl,0
did:plc:s2elixzxoofh44oyo7dzyft7,0
did:plc:yx2nm2thsiz7w6tj5nm65yc6,0
did:plc:b542cbibwbfhdswwahlxvhxo,0
did:plc:7edrklnt3jsdsznexps75itg,0
did:plc:7lr2xkdjq4zmjf5vdcu27esy,0
did:plc:rdteho2z5xhtn4xkokow7wqs,0
did:plc:s4mh6c7olsyig6sztmam67xm,0
did:plc:movn52m7eolpemw2tzha6gmo,6
did:plc:py6jzhk65osbm454dh2ckj2v,0
did:plc:jrvyafmyzwksf2fmp7gfol2d,0
did:plc:dzv6csullhfpfwqsykjb3was,0
did:plc:v2ro4utbnjevjbvwhxz3mmyb,0
did:plc:564sujxopjcrwgxu6tx4q2z6,0
did:plc:2slfqgtrwt346ck7eubrpqby,0
did:plc:4rpl5e3tbiiwbweeslenbvl2,0
did:plc:kbitk3u6wu5ifwlcwj5we2dd,0
did:plc:2bpvolh52rgmnmbfssjizeri,4
did:plc:hj2llraelw4b43k67jzivo5z,0
did:plc:ekc7aqz4kt4ffxt2jev765nl,0
did:plc:4mewgfw3xt47jqvzrsydfyot,0
did:plc:ndt2b5guc5kqmddydiwg5vrp,1
did:plc:udggb2ztym3kx6faxwqydgwa,0
did:plc:adt2t66n6pcg55oftczqokxd,0
did:plc:rs6ad3tn4bgvv34pybt3z2yr,2
did:plc:5ieca4hfjnfempns2waukplo,4
did:plc:qd6cyimmvwneo7mx6jjfe6t4,4
did:plc:tehe4htfhfxvotshod7snn7x,2
did:plc:7gu73apkjw3oemkzrbimpiyf,2
did:plc:xo34vgqjl6mrmsnpkvtid266,2
did:plc:ze4ljdk6e7xogo3r3dywmsj4,2
did:plc:ezpdyxyrfc7ccvjdqasrrqmx,2
did:plc:ioedztzncbmujzqvpa4w4736,2
did:plc:g4fiq66j6tugfbbkcntyfvhn,2
did:plc:xsygvxtyezl3ss5cccpwcxwt,2
did:plc:6h4wa2nhpvqsprpmzof7fjdy,2
did:plc:bmbpcnka4xopcht3hlte5nkm,2
did:plc:2iorcwtlvqgsnjkssi6bmyyn,2
did:plc:kqcplrbpvjlyqlz7v4xu2hrn,2
did:plc:by6e5ffia5kzhuf33zyjbdc4,2
did:plc:44ftk2eroy3aaj6z454xglby,3
did:plc:owaiz3df5x6fflpnszj26bei,3
did:plc:pig3qk3qjfrcpusxf7wmfq6t,3
did:plc:yf6yp2f2xvsenpex5kweefau,3
did:plc:wdky6gtowo73oyzvbdf6f6bl,3
did:plc:aqpr5kfh7oku5kzwji4gu7b5,3
did:plc:3jow24jkvjcc27fgzk7zrsb5,3
did:plc:vhxzjzubaemwwskaexr7xlxz,3
did:plc:zjqzjiboue6iuai6j22e7bwm,3
did:plc:4n7usvnpqbf4cr3xkry7qzoq,3
did:plc:tyz4rp5jjnqb6fownu3lnoet,3
did:plc:ky54jlpsmezrtf67wj47u7w7,2
did:plc:xbbtxecaqsaismw2a5bgslnj,3
did:plc:2yahztfsrb6e7apclyw6wm76,3
did:plc:rdfwsozjzorjmebssodxzeqk,3
did:plc:mqnrfisu2akh26ggydggslna,3
did:plc:hnxoxpsdycf3ilkesfub6ayl,4
did:plc:75rasleln2hlzsxt2runqjc6,4
did:plc:ndl27s4qmmo3fbc76jjwaxvu,3
did:plc:f2tdovvfsfpyhvh6pvom3pnn,3
did:plc:dlwco7mi4xnv57hqi56k7urc,0
did:plc:ciydkr3gx2wdoufjwuwufw7d,0
did:plc:iw3xc7ilnq75gcmofnszlkip,5
did:plc:qh63prxditfzgolruup3ftc6,3
did:plc:5y5mgzgs2kx63mqc5gcz2n3v,5
did:plc:4p2civbp5qvabihjsxaquen2,0
did:plc:67yrefm2a3sc74dounzv6zdr,2
did:plc:kvnc6vhgebnzak6rab76lbmc,2
did:plc:mw3xxekozafxti62swe7tnno,3
did:plc:rki4jqfuvxoujjjuz2ueq244,5
did:plc:gqak67txeabib22emk7skecl,3
did:plc:v6qjrxfrp3pykgtvcohr2yvo,3
did:plc:i2xseueicywmepzgo2x7olox,3
did:plc:uxxcf32eewjtxzdrqqkzuqmj,3
did:plc:brafnrceacqtgbigzhxeakaf,0
did:plc:m6ms2d625ikjjt5dco2qr6sg,3
did:plc:lvopcluwoi4ejpfna6ljslxl,0
did:plc:fmryobinrcll22xy52hjjy5b,0
did:plc:na7s5f5xwuvvh7tnyld6jv6j,3
did:plc:5v6ci3deh3idn6xvacm6bnj3,3
did:plc:l4u5xv3mrexwnw5ydmspfccg,0
did:plc:dqulef6w74vwai3dx77jpe5e,3
did:plc:2zvgytqmwtwmjs2v7qbesdck,3
did:plc:6oj5vvrdnyw77g345pvebnns,1
did:plc:k5jhy5cqyjfqvjy6kzdxlk7w,1
did:plc:umlrtpyqgvf5u4q3gpel26do,2
did:plc:dyzcxvw2osf76iakatehpow7,0
did:plc:seo6yyjjmodps4imawf5xqpp,0
did:plc:mnni4exuqf2rvvsvxc5q4pb2,0
did:plc:wpphl45sidhu4sj7m25pnbyy,0
did:plc:ht2si5u7oyvyby4hrj6ou2cf,2
did:plc:5iyl4btdgxrgsjy6ujfnujym,6
did:plc:pum74x7o525u6i2gcj3yktm6,0
did:plc:h2rsz5lkizvt2c4l733j2tg3,7
did:plc:v3yrxhxdeazutugc4ldeavos,3
did:plc:3sy5xxsz3alvdny7x6s6accs,3
did:plc:wjqpx4kz65tqrov5ctvhz7mj,3
did:plc:nnnp7twmnqdeck5ruzssyl5g,3
did:plc:rochlpl5km5szeztqtkwcgll,0
did:plc:66suowvsp3gvqse3rntitxyh,3
did:plc:die5pd6joprsd4c7udpcyo3i,3
did:plc:d5ibrbaydcsoacvj76f4pss6,3
did:plc:lzdvxlzeuczltncwiwqfdvro,3
did:plc:jp5vimxh3oppi3vafzxz3evo,3
did:plc:ivlazca4ngy5w7luvszputxy,3
did:plc:b5w5sdlkxn3dhpajxbg7mvnh,3
did:plc:inv4svd3g24fv2zxnsfgprbn,3
did:plc:zhzpmbvs63hcispwqzxad5ys,3
did:plc:fy5v3tnraj36a3xktrkphxnc,3
did:plc:xa3yu3enpvqatq523mhmun5y,3
did:plc:i6ukx6ob2cxgoysacdhxjo2t,3
did:plc:4qqd3xdoen3dudgglsvqdoym,3
did:plc:zy3eqgzwwtkzd3yfsn4235qg,3
did:plc:d2brimtymqolzfj6zdvy62zx,3
did:plc:pf4oagetg5zjduigkrytyng7,3
did:plc:fixlw2zz2hopmoz7piqzi3k6,3
did:plc:qp77zewz4hyo2v4plbgt2mmz,3
did:plc:3ry7nytitywsfqruezr2yqzm,3
did:plc:5o2jit6q2npxq7dgxpetih6k,0
did:plc:vckf3haopb3yncclmf7o2m3f,0
did:plc:hxjog26osgganljznqrh2oxj,0
did:plc:iyurswgsiwjb2xfue6v4ebuq,0
did:plc:fejwj2mq5b26hnz3ve645vv7,0
did:plc:ii7hmjxr7twl6apnmf5wdwm7,0
did:plc:gl3xultyaxwitlx5r5qmlxvq,1
did:plc:25fdxiklxyiggjyjizbrfq3i,4
did:plc:kr6akxkrrx5wtihze7n4o244,1
did:plc:ras5lew3jq55i3fj3amygojm,4
did:plc:au4lpbstn44fjnvffgenybk2,1
did:plc:rgolz2eb2srsr7mngguimkb3,7
did:plc:pylgbthtft75zxwp6hna6vdv,4
did:plc:7qnsbe5ra7ghremcxrur2fr7,7
did:plc:niirf6uauyayydbhjh4jc2rp,1
did:plc:yhv2tkoditvvbcdowesq2imr,7
did:plc:gvwefthvb36r3n5fgewgirap,7
did:plc:ky46d7steenhwtgk6t6eknoj,7
did:plc:fnw26yu5qui46h6o4kn7xs5h,2
did:plc:2es3de5foopkwuzojmohizbl,4
did:plc:f7sd6umsq3yd5h6sboaflop3,4
did:plc:lk3cuqjpzgybccws3wjxlxki,4
did:plc:xdjgtifcj73nyl6o5acvidmk,4
did:plc:4f5nyqtdrryr2zp3gmdbdjsu,4
did:plc:xhz4ohttwpiu53eql4gz5oal,7
did:plc:jaxj5mos527zwtmxdlprakxp,4
did:plc:xoikt6ydjzkp2wwqfq7dytml,7
did:plc:6zanso4edgk2irxhvf6ssush,4
did:plc:fr7oxenos6uxjhgirds5nkko,4
did:plc:bim4kqwqlnihnflt3q6ciaym,7
did:plc:ghysoxzl2l25x6b3rvs6pig4,7
did:plc:6kwsc772nhakhxjiyo6zfmrp,4
did:plc:dfbbrowlzydlcklsfrq5p3zd,7
did:plc:l55sw6k4xw5mrmce2k5eesye,1
did:plc:f5yrjrmprxgopxvvehwkqjgl,0
did:plc:3sh2qvekhxipqjgb7eetdz7z,0
did:plc:cx4ohyttdtkcrqgfgjxg4775,7
did:plc:nhotufhdm6w3vxpk3s4m2g6n,7
did:plc:ca5og5dzdlmoedpdbpbtkkeo,0
did:plc:oei6to2uko2rxwcfcsqpcyuj,0
did:plc:trm7yqduwa7zhdosdckzlfqf,0
did:plc:afbaak3kppx7m5ifgwyrdfhf,0
did:plc:pmhyscv7t7incelmoevkijpr,0
did:plc:5up4ffeu3kwetj2fhyp6nlhe,6
did:plc:rpiz57w6jpbs2prth3v3e2gu,0
did:plc:nhbkuld6mb6ekunp4pqgwoeg,0
did:plc:pmhgc7dgvtfx47o7harqcy75,0
did:plc:h3kobjgnf4ts43xcymhdnycj,0
did:plc:z73k4jlt5v44ww2w7yuog26z,0
did:plc:wj42ralg2ydyly7a2kpevkjg,0
did:plc:t5gwnbtesbfnpqibb56joigh,0
did:plc:yjtdsdjwyydyakz4n7r3e43o,0
did:plc:w3pwt7mwaodiio3kgekrahli,0
did:plc:72wv27ztxhv7jn5yao4odfcl,0
did:plc:nejjrrh63vlwpmdcejtk4lxf,0
did:plc:aetpe56lbwusye762yumgphq,0
did:plc:nhdk2mw6mesclztxzcc63i63,0
did:plc:bki3uolfcdythfnhvxzses64,1
did:plc:czfybsubrwtk4mpzmg4cj6jx,1
did:plc:akis3no2g67wftm3pasgz6cm,1
did:plc:a7vur52vdletks2r2gnhjf2y,1
did:plc:xv6igqgiragmsxiareu25c3s,1
did:plc:cdib2d23fmnyb4hiivkavjge,1
did:plc:hx574sifmwmeexvegkn25jdt,1
did:plc:5gd6kxgizu67u7anjmodlij2,7
did:plc:yul5vmt2s2mmyi4jd7lrz3jm,7
did:plc:wln4abcehdwgg37snks734l5,0
did:plc:o2h7gaqhnz4hxns6htq3emdd,1
did:plc:nzbrtaqe5eprtvthhaxpqplc,1
did:plc:omvfgnjmslmctq4j5uv3evow,1
did:plc:l7ynmwhcmglmgqapd5u3i277,1
did:plc:ftm2zjcd5jarhvm665flsv2h,6
did:plc:5a46cbhnjrqyrn4mww55ebaj,0
did:plc:vt5i7v6flr66z63vtbuwarsh,6
did:plc:bbg4yi62hgcuz2l2q5bfgdbe,1
did:plc:ibzy6brclm5abyqb2yg2h37g,6
did:plc:ayttdfsmcwesgesd23y6bwla,1
did:plc:asuqnl7ho4cjet7u2cfh2qfi,0
did:plc:56nezhlubdej34zqpgoujjcl,7
did:plc:jrqtx2xgknaf4d2cwbv7akld,0
did:plc:xi44fftoll66h7tc3fdvewwa,3
did:plc:mwbzv2jmw6nbianxpgli3vda,6
did:plc:nqp2iq47jw4wveiva6x77tbw,6
did:plc:ohgogqfx3pvfiwyy7zmoe42n,6
did:plc:yyz6hbqcg2csderdiy32qerr,4
did:plc:ih44hufhc3nzvbbc6mxyvtix,1
did:plc:ach2c5e2qsupxkiqh3mwjsau,4
did:plc:gtbd67xtv2rpxwc6hblilmld,1
did:plc:iczuti76nhkj6s4nkleoqro6,3
did:plc:e3qc4l2d4grfmuragrb4di5i,4
did:plc:3m2syudl3galsmvht4cxipvo,4
did:plc:gzjuag4ii7fohk3tlpalrnsi,5
did:plc:ffemnz2s7e6mx7mrxkncomqy,3
did:plc:2gk2apauyynwvt4q4wrx6tle,3
did:plc:sxww2u3vvjh2mti5z7otb7nv,3
did:plc:i5lsyw762obvqvhrjb6mrs33,3
did:plc:pesund73gzmi4skufhb2mtye,3
did:plc:ysd3shq4tnxx5twbkkkfv2wf,3
did:plc:px75264p4anvmdftyhzgatp3,3
did:plc:excndoxmilcwhdqrei5qevuq,3
did:plc:xj63azslwodrkp26cw6cjq43,3
did:plc:2zwbikz6e2ze4zshqxespnu3,4
did:plc:nro7kx7qz6fe4j3mezfqhd6m,0
did:plc:7b7uejsumjvit3afljrkt6pd,0
did:plc:pspn6vvv3n7zhgiys2f5tjjr,1
did:plc:ep7m5hs4p7rhp5eti6orcueu,1
did:plc:itc4gqypu5fvtvhi6gj3tlfb,3
did:plc:g5fyvktzo7pyimo7dbimt6fp,3
did:plc:rkxqe56e476dy5gz3emmaqpf,3
did:plc:swq6zrjee5qhh3t4vvowjawc,2
did:plc:vfqgbqc5lxhpjwwmv2rzxvs4,3
did:plc:cmnpiaguwiwlumbh5aeupk6u,3
did:plc:2ltckf5tn5dpvzav5rth77cf,3
did:plc:ffto74ulvgs7tpvl74g2et7l,3
did:plc:fb3cavtquwkzsgcq4vr5km3g,3
did:plc:jouph4fajen6gomv7moneowy,3
did:plc:32h7cvbrmzxcxr2mktl2sxwk,3
did:plc:mnienkrs43txaqxhk3xeagjb,3
did:plc:n6a6ldqbblbcmn2soc5ygyja,3
did:plc:tfffyrbltg3reliv5wq35on3,3
did:plc:76wqklrshmndg6m7tdwm5uti,3
did:plc:wwgl7qyuca3uyccd65lqyyjb,3
did:plc:ebayferwtfoiygjaslqr7tt6,3
did:plc:foizftsy2qcg4fmolgghlgl3,3
did:plc:gozsld2y4uh7tfeliauhul2a,3
did:plc:anng2jjwifckjr32uia2r7ky,3
did:plc:nu3ra5hgpadmmngmx6xy3cnv,3
did:plc:wnfbunxo2xuhbzi7e4slfqpy,3
did:plc:za6cz3qdycvz6hxybg5yv2pz,3
did:plc:xznrbyjb5eexwo3ppwvib5rv,3
did:plc:x4g7nbnzj7x6t25ynhjbl7g3,3
did:plc:fc4dgs3yrblawxzywvbtpbzg,3
did:plc:j7dqrsqmdfyuv4a55cq4ybnu,3
did:plc:tapgspv22nq2vtk4sqi46nbt,1
did:plc:vuc3twagxgyzxfd6j7y5sfgj,1
did:plc:bt5jgjzgsk3dpdlempr4lm5c,1
did:plc:rweq3wfclngf2eoslpk477sz,2
did:plc:fyxa6k5icnehogycqvvel53d,0
did:plc:fodhaq2ynprryokktyuiubam,0
did:plc:mkzst2vnkth2qo6aos2ihicq,3
did:plc:v3n6lkw2q2armayd7ijyzal7,3
did:plc:zhllcjpl2zmoh5pxz5wqj6ow,3
did:plc:vtxg7zlh55jhfl6y3v4hvrpy,3
did:plc:sak6f5kmtl56f4cagopygavr,3
did:plc:ztvo5ral5kqjjhydrsnrtlzf,3
did:plc:7ktm6fidiblmtqsr67yrieyc,3
did:plc:fvppxcz62buomptwqd47nb6f,3
did:plc:ijbyqysnoesidemqlbnvpqoj,3
did:plc:ydglb4m5ivngzetfjl5nbs6c,3
did:plc:qsfzitao5eohsx3fiddfivhy,3
did:plc:3a54qokyrugzs6trqipwcwbj,3
did:plc:7nfzpq34ghdv2k72sxzpuena,3
did:plc:gyge2gpkplf556luiy4h754a,3
did:plc:bncfauqpfkyvmbkij3a5h3mp,3
did:plc:kbhoanc267isjdndtia6pymh,3
did:plc:zrxznwffkoeikhknrlva7ju4,3
did:plc:ja25bzlybaihbyqvuexqwo3k,3
did:plc:uhfnyt6zgsm5l53kizglmqez,3
did:plc:xkkj5jw27l3ncojln3z4w34c,3
did:plc:tqvrcc7aknfwklvaazhz7pkm,3
did:plc:jgt4cgzqt7bcd7vity35mew7,3
did:plc:qe3ju4wozjcdseh4c7dsngmc,3
did:plc:ugrylim7zgakcv2yg6kjcdfg,3
did:plc:xcok3mzty4pwxsc7pmokxfnj,3
did:plc:7ntxfwfd3qmdzmkorlzd53n5,3
did:plc:xbnmnjacvworfxcnecv32wk6,3
did:plc:mkoutpyn4mdyo4q66nz4wa4q,3
did:plc:3333lpfcxdtg3okk4f7dwxz5,3
did:plc:ppxuj7gba446pfg3ik333ima,3
did:plc:mlpdiol5llgmdhtjr2thf5ub,3
did:plc:nwbbwtjbeszeqdendqrfekrp,3
did:plc:6flad2p4bqk75v6wzktariut,7
did:plc:t2kobxfu6qp6duwjrsfyd4az,7
did:plc:l4dcuxn3os2bmxt72dv3qwrq,3
did:plc:3shg4bernxpmbc4nq5yrscoy,7
did:plc:gyawqlenj55hhthypdmyy6gr,3
did:plc:4ilzk2ackkz6sszuws7hdd6h,7
did:plc:4zsemgf243p6afbqqd7xzokb,3
did:plc:hlk7m4ihbhpwaiabe6gveokh,3
did:plc:hfmgobmtzwz22si6oeodwwuh,3
did:plc:w66tjuq6y2f4tqofc4ivowic,0
did:plc:sheukiftgdv4h6bu6ktxytsh,6
did:plc:m6qv5ucsldlqmugvrurg43jh,0
did:plc:uq5nn4jgjmbw6gklrniufwse,6
did:plc:spit5p3phejxyncuoy77m2zk,0
did:plc:q5xin6k4youi7lwwdazfhqdc,0
did:plc:jjtt4kbiznf7jivxbihwwfgu,2
did:plc:amlobi6ay4xdx77fztadzfk3,5
did:plc:rry2opcdimjiyltyykyjquoo,0
did:plc:eirfeunhmfip5qd5zs6qttab,1
did:plc:sd7m54gkjcsmzy3k77gxqbf4,1
did:plc:d4ciaiu2brjuzpnapa7b6d4e,1
did:plc:lz3czbyisnkzy3i64mzihyd6,0
did:plc:chqrtum4aqpjjvzdefqwavsj,1
did:plc:zdffktd7lhtj2zc3hxzajxsn,1
did:plc:khquhjbajtcnjygbacpqnjjk,1
did:plc:dkyfczxbnc5d233p7xcg6zkf,1
did:plc:fiirnbek4y274e5uizf3omqm,1
did:plc:7oq6qcz4dz7nvc7zkz3iszg4,1
did:plc:3xqvyhjjwii4eomupr6cvoq5,5
did:plc:rmcm5w5hkd6nq3ugr6hcesil,1
did:plc:q5qpmtr7dzsvin72ukqfiohe,1
did:plc:elo2zileillr2b3srlxkhm3j,1
did:plc:nuk75bgo42hmpjkwexkps4k4,1
did:plc:k4wvnek6indbv43omfpqez27,1
did:plc:bhskpn44oo3d3nnfaou7avh7,6
did:plc:s4pnowd2sqfheaa3lks54np3,0
did:plc:kghjom62mywa2wmjym3s4pdr,0
did:plc:jft6cccoy5wagehdu2lqelxw,0
did:plc:vchovgjncam7hbfw36p2jjpf,0
did:plc:qxbounqyrxyvby5vtaaxuubl,0
did:plc:eunwfrzklx75mgakob2hsfmc,0
did:plc:afmqbjilprvwue2qmlhvyfno,0
did:plc:bn5rqzkc5tqby3jyzpmzbxhp,0
did:plc:iu4gqyqc3adpxbu32i4mbitd,1
did:plc:yf6qfnusbqoaejh7gqfj6j72,2
did:plc:quajlhsflqdzt2yeimadga7b,1
did:plc:4x5l2h4kg4xal25eiyo362ge,0
did:plc:ila3b4abwzqetmlag2ma6lda,0
did:plc:eabxtxcvkym5udsc2ydx23th,6
did:plc:xpjlviirxp2tuzabjv2yjj6z,0
did:plc:4wv63ojyrktnrobvm4hxh5bt,1
did:plc:6r2abaavlnspjqhuf4snrb2w,0
did:plc:7r2nwx6p5cxlqbgik7sjvzxj,0
did:plc:7ifxuyrk3sphdl644plv57kx,1
did:plc:vk3yw6nkjg7izo5gunfx6ngy,0
did:plc:v5xtahw2zmh25vb66ovfy5fw,0
did:plc:jxo7acyvjo4su6xj5zay4h3n,2
did:plc:nxrh43uhgc3htydwnlcekett,0
did:plc:bby5dido6okxzxrk2xnxs77x,1
did:plc:n6a3ds6jfvexbi2zkbtmyplz,1
did:plc:rynn5fx4dkz3xi6tujek5tt6,0
did:plc:drh6c5whuai2uif6duqg655i,1
did:plc:dimn7twax53aqktntcaljdih,0
did:plc:pxsqpcmaybk654nbfc3az6co,0
did:plc:lqwpuhbtv5u7zwla4r346ryr,0
did:plc:mimfgaztidajua5eluhwdjgd,0
did:plc:mfdqzw5soxteozvn4cutg5lx,0
did:plc:3vxpkionizf4z7yqdefcwfjo,0
did:plc:rdaahjgelffs7itp5prw3un4,1
did:plc:aa4gxvuplgl74lv7upzgwn44,0
did:plc:ybrnrf3d6xiiik2xrvijx3jt,4
did:plc:plktvmsr3cl6dosihl3awvgh,5
did:plc:jneoroiriy7ew2zwk6bvxkfe,0
did:plc:oz7nasp5gfgokhww7x5xabbu,0
did:plc:fqottwn56ubppshcnbnl33ss,0
did:plc:hc6ybavid2i34femennvlpqo,3
did:plc:zdctl3zkgdkn3guz7ja55nj7,0
did:plc:p74v46w53bvenanpunaaskm6,0
did:plc:3ngi6dykznmtplvulzvmiog4,1
did:plc:kewryl3hm6imwbs5z424dhjn,0
did:plc:wwr3fbmyd3edqiqy42jkqbku,0
did:plc:kdbnqxxsqtx75s7nz3anh2ji,0
did:plc:gt4ozpui67npmardy6fziwjp,0
did:plc:7kxndvvuc6cnhvrlf6c4tfin,0
did:plc:vogyshxhxa2wilbbdwjs5jsm,0
did:plc:i3vyd5miqfbtypfjhoi66wla,0
did:plc:umpg7vwezjvw32t4mkdjnd2z,0
did:plc:nwkubpa5yh7ql66revr7tob5,0
did:plc:m3cj5hnognlfzzlac646iae4,0
did:plc:trq6jfnxirelpddbkyjxmpz2,0
did:plc:znknho6aenzlyrhaitehaoh5,0
did:plc:tjwo6giieciz332tuy2u2or3,0
did:plc:g54lxc5vtg25aqokycqb7xa6,1
did:plc:sjxx6rvizaplotjvvti6i2oj,1
did:plc:7v7mznxyttfb6dtkece3qvln,0
did:plc:rvql7aysdto6uwiky3hbu3vu,0
did:plc:r7miqv3yrbgb2eg4u6sclxbk,0
did:plc:5yxmpb2zbnq5gdlenynzeg4q,0
did:plc:pbs62uxethd57qgoqconyb4o,2
did:plc:dsuyqfw3a6hewsfzada23msg,0
did:plc:xltcqczp5gytwokm2n3nrn4m,0
did:plc:h4g2o6lomq3wnurfy7sjwlp3,0
did:plc:wy27nu34xif5gl4e5pdnv4t4,0
did:plc:fwkiybnxb4bvuidurqnj7vbk,0
did:plc:lhxr2hwvdz2b2ecnxaznwgva,0
did:plc:pgmrjvw53v4d4onzpprebt7l,0
did:plc:udg5gelzpx6ioisuirpgxyuq,0
did:plc:ghtm5gfsc2qkxdakkohw4zyy,0
did:plc:2ba6sagy3oaqyfpmmlsnvmez,0
did:plc:h4pmylz7xdi26g3l72odm2lm,0
did:plc:p3c4jjod7bbiylsx6vjmgor4,0
did:plc:fic7awybuxpuhkc7nmf5gw3n,0
did:plc:a4binpigevz5teg54y7amfix,0
did:plc:2nysounv4zcpkgaftlgrq2fk,1
did:plc:2n2ixnvyvsb4lloi4mixatu6,1
did:plc:aqlbhiuq7kupn7y5wey652sw,1
did:plc:3jhhctkcinqodre6jihudhfq,0
did:plc:34luzvs4xvo4cqgahhdw5zbl,1
did:plc:lbnenddaaqs4g5vxfvaljjno,0
did:plc:x66ma26jh5wosigdofxo4hev,0
did:plc:5cq5x6ahvco2uqujo7iemi7w,2
did:plc:ynysmyd7k2cuhv4s7txlieaw,0
did:plc:xc6yrgoekxhy2426as7qvmmh,0
did:plc:2r5rfcxmrr647nzw5zzaqzjz,0
did:plc:i6pp5few4gnwck4ylw3rwwhd,0
did:plc:5fefsmxxavueyjau4zuve36h,0
did:plc:lsv7bn2gymnccssfcrnuyuxt,1
did:plc:ultcwqjucqole6b55wiy7ylk,0
did:plc:c35cq75k6whdz25p3ed4h5g5,0
did:plc:lzqvrndifztqp3gepdgtbaje,0
did:plc:tgoy7g7yuz5gdsy447ynywsl,1
did:plc:np3ika4nw72g4lucbeiuv4bv,0
did:plc:nue3a4qhd2wheedhsniw66vu,0
did:plc:ruexs3h2kjfgguz763gjfuie,0
did:plc:57pxwn6oynpftwac3bdeqspy,1
did:plc:56suudb3rcmki7qz4djtikcy,1
did:plc:524wks7dvkpa6q5mducox5uo,0
did:plc:zu2zr5j3yuzm3fq4lwh5pbay,0
did:plc:en6hccfhnxwyn23dclewyucd,0
did:plc:gg4k6uqtxmujiqciftzl7uh2,1
did:plc:vrkyswd2snnhg32fmq4e7whd,0
did:plc:mbteofguzvzydhrjwhyztpwf,0
did:plc:icccbwfhyhr744hp46kccjqe,0
did:plc:vjf622zqmhucus4s65xxuiru,0
did:plc:j2b5p52ucgfwopdperhogpbc,0
did:plc:6losw7idbesa7zjkhgbd323f,8
did:plc:kfdd33l3i3miaxwjimyprsxj,8
did:plc:omvykskmd4c6iv5ibcfmqq7v,8
did:plc:apnz4bl4gnrvpvvb6pd3ltjv,8
did:plc:5s5xsjzwjer3pg5iaqhwza4i,8
did:plc:m2wwmbfhkhdgoodutwqfjktt,8
did:plc:n7i3av26fnrhb52lutkezlk4,8
did:plc:6tg7i3fpa6jxcdzw55kcp2km,8
did:plc:a6e4iokqrqesqlbumueeja65,8
did:plc:qtzxvtxpbxybvhgpdhapmyfh,8
did:plc:knuerestmps3yixlkz6bvcd2,8
did:plc:bdgtbmzua3t6mspdexcu4vs6,8
did:plc:yvpnsf2h5ah275xxlo4wbyo2,8
did:plc:u4dpfpfgj5ytnrrrmsp2xpkk,8
did:plc:lrvbw6d3undrqmhs6rwzfk4u,8
did:plc:wbc2hrbtyqq4nadbrxr6psdg,8
did:plc:45vus47oj67dtm2rjenk3fjb,8
did:plc:flklodmu3c5vdptqvmddrrpo,8
did:plc:qqtaoybukqyee2yekymw2fly,8
did:plc:a5llnurpnp6diglj6cflqcol,8
did:plc:rj4roadolqe6vyebekbiwi5l,8
did:plc:rg4a56vuqiou3jb4563zlbo4,8
did:plc:7dvtbw6ez7kmxgfqmkg25rd5,8
did:plc:iq3vbuvkhhgqybkzbmbza3lc,8
did:plc:ywmti5wnxe4ymdxdqxpg6bqt,8
did:plc:5xjvs4a2q5pgc7jako5cjoh5,8
did:plc:6wdazgrh36xvycisfi3wax45,8
did:plc:tyz64s7l4ub3hyr7oto7mjcs,8
did:plc:vmlrdyspeaagrgvspeacqm7c,8
did:plc:h2bkarevapzgmmdlb564lscz,8
did:plc:ckrzvok7vbjirv45yyekjg56,8
did:plc:p426jhmorj66g36rsxli62e4,8
did:plc:yezw42qystwotzs52qvovw7h,8
did:plc:ffo22bjyav6jgiia3lfwihf4,8
did:plc:fwkil7wwdlxoxxdedr5msur6,8
did:plc:dpmqv7glq4bo3yzdlygjb2ho,8
did:plc:fdicepwr2gk4nmgoydslp5ax,8
did:plc:7srm4ljhstwvc77gxm7trg6h,8
did:plc:2uyohlkbyuho4ukvpobdq3ce,8
did:plc:mavylreko7zi5cy74qjx23fx,8
did:plc:yflckkst4onx5n7uiw4ionwq,8
did:plc:pegshlzfhaldbcqucaec5qrj,8
did:plc:vwo7jkdtbfkate4i75tdo6ef,8
did:plc:zedxszh54co3nypxqegpyji7,8
did:plc:jspkp6vviwlc7325j2lom43m,8
did:plc:u7y5smtp6zabkpdstccqowtl,8
did:plc:dyqw3js52bur3x6fpqhrhcbk,8
did:plc:6etg66tjfj5te3i34pyfbas2,8
did:plc:453itvxyeu6k7a226k7emzup,8
did:plc:uoejux44cug55rgwmbuhecml,8
did:plc:65nn442544w6oudbvfnmnedo,8
did:plc:vtnbetwr43w2czy2uuwxj5p6,8
did:plc:s32tyroxiool6m3jbkqvjkkl,8
did:plc:cmaoiv2s3uwkzdsh6hwu7dbu,8
did:plc:i4bvw3oh2hdk2htxmtk7fc4f,8
did:plc:4chdwrz7yqhacdtdf7qpsqlt,8
did:plc:mwkgbyz57mz2b4ojquxqn2pe,8
did:plc:7zdkvhaa42cizzrpr4afl36f,8
did:plc:hrswdyrnreb4e3dluktvsiwz,8
did:plc:w7rhmrqci7c4abeh7mjdu6rv,8
did:plc:fskttzn5lcsx2ivugmcpy4h7,8
did:plc:ayjyh72boufulok5osj77skk,8
did:plc:zmxidfrtndieor2gihjcsxhd,8
did:plc:2vryo7p56o5kqdk2pfmptwwc,8
did:plc:r76e4lgwr5kccngs3h2ogpyt,8
did:plc:zccmynzd5wwld2mfem6lsxux,8
did:plc:p5rjixbpzopeoi3fdfik44x6,8
did:plc:3gym6bsc2oqe255bllioeu3h,8
did:plc:6uoriihptlgxcbnnc4tlxy37,8
did:plc:efh2xtgdjt7qojxk4sobqkja,8
did:plc:e3sc7asqvtvx2h4dvzexmqlc,8
did:plc:i53cq6hkxjsjqtm7o2syfy7p,8
did:plc:xnxiq4qw53ew6rokrtbmayrp,8
did:plc:7ptxxglt7lc2ispydbwcl7q7,8
did:plc:ujzt7dvakfff2o7owto3v7wp,8
did:plc:eih26fdryxoojrys5aezfyvb,8
did:plc:b2rtc62zqu7hwjrezgqgfmez,2
did:plc:2rnucl5ib4k2gfxddkwcgla3,2
did:plc:x7buuiwe6enpcubwryurgga5,2
did:plc:w6igx3bmanr3rpa76mchtzu6,2
did:plc:kpy6covmxj3pd2fzji45twd7,2
did:plc:ntyv4jnnyspb3tesj6dacta3,2
did:plc:jhe3fy6jagfrzmj63gsngghh,2
did:plc:rfnx2uw2lxftc4fu6pgeud4y,2
did:plc:7ej3m4qjegkwcgzarsneyjrz,2
did:plc:r3wz2qimmbpeacfr5wggjtbe,2
did:plc:bi24jnn7b25ufdmi5usnx5po,2
did:plc:kypoibbtd5um2ifaxjagkc7a,2
did:plc:w3fqr5dyne5e24dmbqvpmr3k,2
did:plc:mhvwikrnc32o6ravtghyw67k,2
did:plc:bcar6bdcfqiypwqplypzxiso,2
did:plc:to3urhljvanys7ezr53xcm3k,2
did:plc:afksvph5j6n4qrlz6rcfbtr7,2
did:plc:hq22pymq7gplri274auxmpni,2
did:plc:2dpraczf3pekzimob6dyqive,2
did:plc:3r5mmrvxlndil5vbjdcnepzi,2
did:plc:brddjsyxk4xqgm5r5qrl2cn4,2
did:plc:hjt7wdvhfaldsqbp2szo2jcp,2
did:plc:gyiklbcxrrfgda35iidgssbw,2
did:plc:uysqs6gfi7yk2kr42by57dpa,2
did:plc:oqrw7rcqv6ya3h5xmmkthcwf,2
did:plc:mlbgni7gy3uaylzzksdmqgov,2
did:plc:egcrj5g3oslkgckczzw54eb6,2
did:plc:aws3wjkt4l5fenrippab5feh,2
did:plc:rcw43kxs7kvxiyhuvtrixffu,2
did:plc:m3o5yiuzjl54uux5pntqmjrz,2
did:plc:tepabn45newg2ukhna2tukib,2
did:plc:7rd5cdppsswsgsswx33uc6w2,2
did:plc:x4x4b57d2tta22c3zmgybrre,2
did:plc:b77zcdxdjcqndg4vpbyzuybj,2
did:plc:kosthu6jbsf4vik2yddjbuvm,2
did:plc:wq62zo3vr6twcytyrxynvgnb,2
did:plc:pdfsyskf25copoyai7i2kudi,2
did:plc:4kcb7fw2ol77pto4qhn5mxcf,2
did:plc:wwkk7bayzuqf3kogx7tbnip5,1
did:plc:645nifhn6sngketxodx67lb4,4
did:plc:mpurbf7q3ebtkoczlqaj6j6o,0
did:plc:3m6b7wlyrmev6dvyvdjpwanx,0
did:plc:olo5o3jwigtzurg6cmpiga3r,0
did:plc:o252pxpjhpovgcnplxafs2ju,0
did:plc:irjqz2dzmgpjpz7sumhpk2dd,0
did:plc:buxnha35qvthys4cqonntarn,0
did:plc:t4yzbk4ktwz7y64dur34w667,0
did:plc:cjcztefw4jko4rc5wizt46jp,0
did:plc:mwfmfdpp54o6xhx45mppkgvx,0
did:plc:sf7ww2deamlqatkpcgwspucw,0
did:plc:jbckjur2flybep2lbtqlsx7e,0
did:plc:5akenlejkcmjkh4lzrsx3lsk,0
did:plc:pjbwvfdwzh5t2kld4upqoixh,0
did:plc:fammzy5o2wdksfw3u2qkls7m,0
did:plc:l4dknwhp4uiue7muaz33luo3,0
did:plc:qqrtzav3ldwup54o6f6zczfe,0
did:plc:q5o53woukcdg5jrjkhvvlceo,0
did:plc:e6trdf4ulbcq2ludk5wdqyfg,0
did:plc:bzyxvnlzfjfaa2joshdnhxda,6
did:plc:7tvymumxsrpkiwsrbdmdspgw,0
did:plc:sb2kkroqkqbzew5dsjxwesft,0
did:plc:jvr4u4ozmrukamdr7iwobjel,0
did:plc:izslfqjva5fpcr4enhjtjwee,0
did:plc:r5l7sy3fwbv47sbashyi4pns,3
did:plc:cdglgzk2ndzoxofk4j5zkce2,0
did:plc:jzsuhgaw4om7js4ffkafw6qx,0
did:plc:ckl2awadafjbyvvaazsfwh32,0
did:plc:kour4kcnkpvec4frr7h6wyp2,0
did:plc:4o3trnn3oubqr6p3eonkqt7s,0
did:plc:5hwbufrup2afjz2ocjgitlcx,0
did:plc:ioysj26hxqutqzwz7geimcu5,0
did:plc:hgnrzmkznkrm6yxuwuz5d6a2,0
did:plc:aejcbxkcg3oaddb6h6zedb5u,3
did:plc:mjjprw5ri6ohjwy6tekk2m5f,0
did:plc:hqpzfbxjgoubxzizsiykmgze,0
did:plc:x6siktwbaltdp2v2bzvkjsq5,3
did:plc:fgi36ah7u2zb4nyarvcxracb,0
did:plc:waeh2azqfmi6xk2wwst3olso,0
did:plc:worr7zi6b572lin5afw7us5i,0
did:plc:lwsmic4fvtzizgyujtgczkgv,0
did:plc:wjn573ggo4uqrqn5gg7bfozk,0
did:plc:6uxp3rsscwiewzrjs2sqgx7e,0
did:plc:k6jeszer4wmcvmz2bvdrxeal,0
did:plc:zqij6fbtcoclt67v4m5guyam,0
did:plc:vnihpdxxk3nhrjcxkvjv2wfh,0
did:plc:yfe5obp26nvckj3mcilbxvpl,0
did:plc:aq7pg6dykzfvnyl7pa3ovkjk,0
did:plc:xgug3ulieyljsu3arpmebnm4,0
did:plc:qpogvmddwjbydicmwrzybs6i,0
did:plc:kwv2vcmwbwmgir2fyt5bqxsy,5
did:plc:uykthkejbuixfnefbjhklupr,6
did:plc:st3fupfspyos5ctjhci6db3f,0
did:plc:ofq24qvbzrs2rpr4whylpsxb,0
did:plc:qwv6xijl54quagp55wmonxda,0
did:plc:mpfhqxkq42p3s7adxfbadlxl,0
did:plc:tjn5yipuavsedthba37uvcou,0
did:plc:dwfdln2p5jpwozjbymxcghri,1
did:plc:skb7k2bljnmzjkybhnhwnw7p,1
did:plc:donui3kbxb5q7psfph7jzzug,1
did:plc:c3fnkovntkpw4k3yl75uvfqx,1
did:plc:jh7thssz4tjewyvb7hjbp32r,1
did:plc:qlbow3f5467gqmmfnrqv5te5,0
did:plc:ypqaflz6o4hdrtssduquen2s,1
did:plc:y3u4s5hzezetxghfyu4u6s7a,1
did:plc:x4oiktp57l6zaxzxj56ndemp,1
did:plc:mducgeqgwur26jvlgrhdbipk,0
did:plc:prbz2xdh4bgs24okrhgnnpvz,6
did:plc:ybcphnk22fhidr3bbbv246l4,5
did:plc:xfl5ujgnkdupesvgyvwy5v7y,6
did:plc:x3k65gwzlwt4md2omt6ou6bf,4
did:plc:b7nzefanq2ocpnwe4dkq4qsw,0
did:plc:5pabrtmu4gfiwi65gvvau2wt,0
did:plc:jiye7zrvgrpghstm7gcpb7pk,3
did:plc:6q3zsz3s3555sxopumkoud7w,3
did:plc:5llt5pj7sjira7v5jm3rcv2g,3
did:plc:hmisan5emme7glkjoesdve23,3
did:plc:l2e7xiqwdazt7fdehjkicx6m,3
did:plc:f2blruyqjqghamni6n4hu7t7,7
did:plc:tkmew4tom6uo4dcn4visvlli,7
did:plc:zndrl4cjxjgqkyy2ureaque7,3
did:plc:ry7pdpvp4nyccn4dg5kqsegk,7
did:plc:djwzoynfhypxkdu3gzcnnnbj,3
did:plc:g7ghqtv3fwcbrucbnk7ij5hk,3
did:plc:o3lzdi6q2cqm4j4hflluh6om,3
did:plc:6gvq3oiw2fbvwxix3llshpcw,6
did:plc:cfn3x24wdctd5bflgx6i6oc7,3
did:plc:5mwq5zqoguvznbni45ahugg3,7
did:plc:ioge25k7m2wchajt4bw4yeib,7
did:plc:ftnbimeleakjcwpyxryy5zjb,3
did:plc:svua5mv2hhrpv4cdcfy6vunz,7
did:plc:7eso2gr2pochgragfjbcpydn,3
did:plc:gytwmibpimqhphrcxoheqo64,3
did:plc:6f66pnm4enokgw3xwdw2it2w,3
did:plc:hehik2le7d6rxc7bbt4qbef5,4
did:plc:iwemdapmc67nxurxr7y4ntjn,3
did:plc:7n6krclzvhybrsr2vqxyi2yj,3
did:plc:75inyomofempa2axllj6wfrl,4
did:plc:nhqrlee5qiw3txoe6yfulqlr,4
did:plc:hcfbhjgtsdvfaguxy3lhnjpj,4
did:plc:f3pgiuytept6eopg5lk5hkuo,5
did:plc:gopsyxl7h53zecg7o3h5wbot,3
did:plc:t7jbj4w3uo2sus4bc3znsspa,3
did:plc:x5d5cf3iu5kknhpil3vt35ds,3
did:plc:h3uyeubx74qi2xobxrjymwh7,4
did:plc:un4pybvgkdftw222ro7d3bvj,3
did:plc:yjxtja7munnukwnmzhqemji4,3
did:plc:xoqyv4a7il6ntvlj75taim3r,4
did:plc:un5lphyagcwspznzyv63bzqx,2
did:plc:dlpcnolpifn6sgs57wsbooli,2
did:plc:qyepwp6ce5enpjxb5i3udwu4,2
did:plc:g33cnm3fehljgbbzhemekrh5,3
did:plc:u7mmwe2czexw4cmfyjhcyk7x,3
did:plc:lkx7aq22qyvkgxmxdje5fj5t,0
did:plc:pbnu2km2oc6fb5kch2crkmki,3
did:plc:ctxntauktikgtxhgr26xzcfl,3
did:plc:mkityqvycgj7soirtryvd43z,3
did:plc:3ezp6hkpykqzyexh2kzjybij,3
did:plc:5frg67tubjph2nw3orxtww4c,3
did:plc:znzhly2tvizx3jgcad2sx2nz,3
did:plc:xkjbdh2appoz6i7hn64issye,3
did:plc:hr7xalma23eh2wmgewglexbz,3
did:plc:rmowjmf7lbn2sjxq74ous5eh,3
did:plc:nq6wqr5lrxwwrq63kfdnn5bj,3
did:plc:awet3ota5gltdv2r4gecjmhn,3
did:plc:73v3pregvxkp3xlfgdqpal7j,3
did:plc:2y3otxiynzut5u2gi2v325s4,3
did:plc:z64vinvqlq35nda2vreyawua,3
did:plc:5bncp3vsrdupnikkk2l5cims,3
did:plc:crbarlvonidnzxlq3gcbyajo,3
did:plc:nlwhxo3pyupf2p5ydgtpokkt,3
did:plc:yo6c7jipajhc5rm7o7y6cvjy,3
did:plc:74zbsv66sg3oabhp7bg6vebd,3
did:plc:oova7vwntfjwenxmcrt54xap,3
did:plc:y7gziqyw64eav425ghm732x2,3
did:plc:6qrh6eh523e2npz67m34lz7d,2
did:plc:or2fcqma6vv5gultaeno7ow6,5
did:plc:77zlfcmlablrez2l4w47jrqr,5
did:plc:p55aybsnv2okl6j5ibu5l7so,2
did:plc:pf64o6snkidm5epsdggd4as2,2
did:plc:y4fy5hzb5mxhe6ausihj2gfz,2
did:plc:pyepdrloakyg7g3wcvud2l37,2
did:plc:oqootuijkal5m5spc3vh5hsr,0
did:plc:lfdt433bed3gkgoti475jbzc,2
did:plc:tl5cump3z4hsqmi5x5lnedtk,2
did:plc:xshsb5beu4hkat3rd6kjdabd,2
did:plc:ldhmrwmfy3ufsozxlqpjph5d,2
did:plc:nl2gol723aycmaaym6gn252e,1
did:plc:eluc7axxjc7mronqduj7ned5,3
did:plc:pb6khjo3gfzmdidxqawusng3,6
did:plc:wo24sa22tyexur747zmrnfpr,0
did:plc:ttfclpiqszbeqdupwhgyidv2,0
did:plc:33e63bsx2e2r6sjyyxn7fo3s,0
did:plc:yjonicgkt464fsmq3os6a462,0
did:plc:7qtphhlvc35amrxb6cjdb4bz,0
did:plc:b5am6msciwi6dooolqjbokmr,0
did:plc:gjokf3kwvsn7apyyslneqctb,1
did:plc:bpubsvjdqrrpt4muqiv7cabj,0
did:plc:b52hww6hdw22xe72bfphicej,0
did:plc:mcru4t7annkziniqrw4raaii,0
did:plc:vcypwqmm5t3ze4v74hgqxtao,0
did:plc:wzs54end2xijy7rgtuesboz3,0
did:plc:rhotqcfl77udxtea46c6zzdl,0
did:plc:se6g6jd7quoycyfq3i3d77ae,7
did:plc:thnubp7mmecnggg3z22n3dyn,6
did:plc:qb6wwcqdtd5qlop3j2negdxd,0
did:plc:7xywtcwwgjdtz3qdxddqvdxv,0
did:plc:edauach476sgwimq6l4r6a5l,0
did:plc:tsogwzqm5myndwchbswpprgr,0
did:plc:dxtu2zhzxyinvqr4ugubye2v,0
did:plc:zdfxqin2sdxjsbsmrcjuqbw4,0
did:plc:w6a42moznuma45g5enhcvrrp,0
did:plc:jvoznm4ez4ham7kqxx5ztov5,0
did:plc:2eez4bvy4i2pat3al4yhebfs,0
did:plc:od2pdj6qmhny3i2zhdg67cbn,4
did:plc:jaciai5q2piia4vn4ywqmxrn,4
did:plc:sq7wafc4o5nnjlsxnrpta6vs,4
did:plc:o5axoe4asbxkso3qklcejm6i,4
did:plc:ijj6bemqpkgzealxt4ppzc3v,4
did:plc:j23pjxwhxcz2d3fetdqslkpj,4
did:plc:gubnwf42jr6dyyygfk4ohlci,4
did:plc:yn3s5syd6psdlfizfnv5zohm,4
did:plc:amf7qgeks42okgksb7yzzd3a,4
did:plc:s7tghl34hovzpgk3erud4dll,4
did:plc:oi7ekgrzjlxuno74mftcvweb,4
did:plc:vjlkry5ut7nooy2oaqtkdqex,4
did:plc:vy5rfopqjmjaizyd3yg7u4wa,4
did:plc:ykefm6u7kn5x3x7ibsuicz5c,4
did:plc:ut2av7nmgad4qf2oe2yi2g3w,4
did:plc:bizmpwjbhzckh7zarjbcfutm,5
did:plc:ph7zqg566reoju7hkguq3wch,3
did:plc:zmcpojmhuv4jnzaicjcgeu5o,3
did:plc:gy7vrolhm3o2v3go5ym6mkgv,1
did:plc:jzhuvhjtfzzezqmrghcahkqq,1
did:plc:lsxmqim33rrwwwpaop33z7fy,1
did:plc:663fyvjqq7jscwgkwliufaob,1
did:plc:vqwfbeedypqphkh5uhprf3ug,1
did:plc:pn7qjaaqnsifjvwvwssj6aqu,4
did:plc:4tzigkcuuo2iuxrm43xdd766,6
did:plc:zxnhptbgfwptlt6j4nqri6zr,6
did:plc:pq2sejjujzvctjb7euwmaelo,6
did:plc:7jf7zz4dqfhvh5o24etdjt6z,6
did:plc:b2t4k2n6jarsitwxlkas2d3s,6
did:plc:auvt7ojo6vjeunmsh6hnie4z,6
did:plc:gu264c2i7rpogcn27xrdc4nv,6
did:plc:vlfbct653cwtoffwvmorixae,5
did:plc:ijdzxlmgobg7n67eigzz3p3j,0
did:plc:tfcawkdipcjayj22baxcseyw,0
did:plc:tka5tpnlmcqgiueawrwuchvp,1
did:plc:kaa335xu2faa6osm5xlcrkiq,1
did:plc:mkgagag4h6gpzpwgycqoiy5i,1
did:plc:6bv2nvs2g36ogjbvimedejqm,1
did:plc:32raqugumd5ybbm3j37tphrj,1
did:plc:6zqxf7misbiduub4qpotxwcu,1
did:plc:w2brfogtggr7nm7pest5gc5c,1
did:plc:s3lepnhsgnulauaclmj4hjbz,1
did:plc:oaq3urxle6lbkltb2ei7p4fq,1
did:plc:ckz5sx5hleeckgt3d74eetny,1
did:plc:72snna6xvqad73opheemutzk,1
did:plc:m27swwk6lwtkvp62yxkgzrhr,1
did:plc:5kbxgp2vkzni7ysmsgwql7e2,1
did:plc:twneh7sp7xpvjhczuhgil5ue,1
did:plc:63k33zojbyh6t7ajgrj73byx,1
did:plc:omtls6mpf2jy77z2abe22ffm,1
did:plc:y6pr23hub2kc5hm6uaj3oois,1
did:plc:r5qqbgz6n5huvcsvzzm6fsit,0
did:plc:ahrerkp6526b6b4gpwb5mw3s,4
did:plc:e4wvc5qkukj4o72aurlnzqp5,5
did:plc:72dqcxi2roxuq7cormpqelv7,0
did:plc:naoyg4l3tki2uibom5z2y427,3
did:plc:zyqqdlcvyjvph5hpv36dqajy,0
did:plc:aq6gop2pgq6q7r455jmiltl4,6
did:plc:n37djirswhjxebcexpbgtacx,0
did:plc:v4owkbzim24knj6plhznm4bw,0
did:plc:ezvb5ipjmok6drbpafbqbqx6,5
did:plc:mio5icpu7roypkpez33h6ipf,5
did:plc:pn4jlkst3wt5tqv5y2zoz5db,0
did:plc:pvtp7iwvl2j2q2tc2a66uwf2,6
did:plc:lnhfqv3xhrsqsjqiwb5hqsd3,5
did:plc:en5ojacvcbxwvattygvxmxxe,4
did:plc:2grokd3vjhaurutlh2o352pk,6
did:plc:6nyfmewlkuzb4x4o47ylahkm,0
did:plc:rzwssbbh2royppm6lulh42t2,0
did:plc:b7mvau5gktkhm63p6s4l7x56,0
did:plc:tit4hofcb62envsfcwvhvsua,0
did:plc:wixly74chglj7h5tulltpstx,0
did:plc:uil6fz63qllrirpxgygqvgv3,0
did:plc:ifzmelichjvsesc32ejc2ryv,0
did:plc:d3ilzlrhuvsfrjmb3cqoazbb,0
did:plc:hxpdqfw7xrplu3sda5vrmbt4,0
did:plc:bx4zl34mqjen4lhm273q3ecx,0
did:plc:5ks4grbuokzkvwcukaizvtqo,0
did:plc:jsd7wntr6jqm5rqta2sdktpx,3
did:plc:5ea4frdye42ujl2yk5btalns,0
did:plc:2ae25imdvspklbqwdekxuznb,0
did:plc:cf47pwkyp4lvy4rjab4m2ws2,0
did:plc:zkl2nlldjyrdfcu4ygpfmwpe,0
did:plc:vzam2fymaefu6g47zl3yjsns,0
did:plc:fgkm6ynzalz2gteqxpaadb7k,1
did:plc:yhtj4mdrwezosmutsgzrlxeq,0
did:plc:2yjbduypvnhqtrfbkrodjkje,6
did:plc:ugzoywkyknethph63mqpie4w,3
did:plc:qcpnd5dlcugj64oqpeepvzwc,0
did:plc:7iln3hpsxghwltsfjq2m7fnn,0
did:plc:ska554zepwvfffrlmovhxsza,0
did:plc:syek3wuosv4wiupqmiqjjayc,0
did:plc:zeyy2kenzbt62crf5tjxgc54,3
did:plc:tslk372qi6se3md5wxgxdwgl,0
did:plc:ch57xxahk46vtlaf65b7yuc2,0
did:plc:zahpozqjxl4liocol7bqintr,0
did:plc:vpvjvas3womj25slmzmecivz,0
did:plc:5yuuvfkhsk3dmn7fhppqy3ah,0
did:plc:hb3hxgt6hjvethkazr4kj4vg,0
did:plc:evt2nn6wdtr5ar5qz4f22672,0
did:plc:egsrotxe3pdaap7jg46n77cn,0
did:plc:jrggvajqw2n27cvkmhbwv4zo,0
did:plc:s5dqj4tz6fiqqbk3vlhvicsb,0
did:plc:jxn4pbprua55ow3a66lz6ipj,0
did:plc:v3tw6zjpqovybk5sx6jsobwu,0
did:plc:qjiklzmwo7wbd33b5afp5gbd,0
did:plc:zpa2zck2q2rixwioiqndi6rt,0
did:plc:3qkwxblqlxoqgtepwi3lg5k2,0
did:plc:jrbr55saxqelu74mifhihri3,0
did:plc:xjhlhcmgw65jvnkhsnb6fqml,0
did:plc:agphyp4thqhgwdufkquiz4z4,0
did:plc:wzeum5s4mfmepoba234dlzl7,0
did:plc:e3bwgswz6lniwjadqqfno3c4,0
did:plc:mbxm4wdmklezjotcqa3g7uto,0
did:plc:x4kq5wkbme72y7yhjat4dkgq,0
did:plc:vftbw64k2b3svip44pn4vaom,3
did:plc:obgitq7heththpwy2rsp73do,3
did:plc:kycdyth6vrvgsxhx7kocf4bd,3
did:plc:k3hrdb55mhvpf6em3pti2gwc,3
did:plc:demox7uohv2lrp7qmo5acupv,3
did:plc:wulzvvjyrbv5nngruofubprr,3
did:plc:xf2nygbpoa4hocvkjhsbgjdh,3
did:plc:yzlkirxqpviyi7lqkkujbbbo,3
did:plc:pgn63iyuyi6qc5cv56epfxko,3
did:plc:jddholl7pzhdrv7e57tmup7x,3
did:plc:opcetztzcjummqtuikhp2gzk,3
did:plc:5zglnjvsppkdlv7cbc7ig23b,3
did:plc:ht4f3itp6j7knsr4wc4rfvak,3
did:plc:npmo6mvkjucm3llpn5pieqqb,3
did:plc:h3pazuybxybk4vz66hfdjlbj,3
did:plc:5b6a3tyb7olsppoewfwl5flf,3
did:plc:vzwzvueaz7l3wcw6plvkxb4x,1
did:plc:t5oogep45taiaflh233p4bss,4
did:plc:p45vss33nelofxbr5tu5ijor,1
did:plc:muftkfuqerncr4xkmhqiuch4,1
did:plc:runlprwktfw4mkq4xmokh5du,4
did:plc:5dultvohsihpu3t7trxdxnfd,7
did:plc:3223c3ca6o72bav6gyl2snoh,0
did:plc:wzhczj633fqzrcxbsgd2ssj2,0
did:plc:245zljxu57hx2czkfwhd4447,0
did:plc:xxqyk7wci46rvz4r7oaklpb7,2
did:plc:qtbgyftw3wxylhahnazdy7bu,0
did:plc:j2bnsypeqvzudets5vzsrxoq,2
did:plc:edvu2clwdc6ve6dpuyo46b6p,2
did:plc:g74c2kkrz3zcxvkpfcuf5qrq,2
did:plc:x3jmjydpn2povhz5loedsclo,2
did:plc:nsdoj4eijl644g2rht3zfaot,2
did:plc:t47x3ntsk7yiuizx67hdo46a,2
did:plc:pchwdnpmzd7gpockqydgxral,3
did:plc:3hopw6xcgdxlbt63a7nelbqh,2
did:plc:aytusng5uqf36aupdw7gre6x,0
did:plc:j4slxeuntvqc2covkj2z7nyk,0
did:plc:upeoyam5mpawsxn22wmxezfk,0
did:plc:236o24xb3hqa5vv2ydagay7v,0
did:plc:a4vzqbxgf57l5xv7fzzstwwn,0
did:plc:qvaurzg6bbafa6kekq3ybjl6,4
did:plc:73h4ar2mu5dcbsyhmhvrq4z5,4
did:plc:33cykgonidyumd6ukwtevpfj,5
did:plc:zmcnreuzsmeursqalmlrepma,5
did:plc:uzfwrpmibffag4rxsqvpklt2,0
did:plc:nweb7ea7vf2nqnqv3rnrpadz,3
did:plc:d5lmmde7jltcrrjftlje5bsb,3
did:plc:kpo2sorx2p7jigkhgdoj4yd3,5
did:plc:fd4brjhc52vtlevskyfovaib,5
did:plc:g3iwrdxv35j6elx6t2edu5t5,0
did:plc:clvy22pqeh45gl2ryo3yxphm,6
did:plc:txmu6k7qb4pi3nkkufj4lz4i,3
did:plc:2nyj3ga2wphkpyivniek3pic,2
did:plc:tb6vkesjdwdgvm7hl6e5cudj,5
did:plc:jmw4z42vp7oagrxma4ylbykm,3
did:plc:mrizz4oocq4hg23kde4sfyrh,3
did:plc:kzjntm4r2talj5rrpplq4qeb,0
did:plc:22pon7kiunnynxuzjuojbc6p,5
did:plc:5bifne3izaakpggdl3bsnzsk,3
did:plc:6shscawlrv5cccutefj6bipj,3
did:plc:zlybfu2f2sz3ej2p2e6ke376,5
did:plc:yxicb5j56zjli56n3zjrqud3,5
did:plc:nv2zsbex3b473yo7oyumsdn6,5
did:plc:kgzbmer43s77t4iemaubi7nx,5
did:plc:cn5ms5fedxrqulzop32hjuy7,6
did:plc:kos2rncg2nc4v4iosbfj7ryf,5
did:plc:nisurt4ji27sra3c4st3423b,3
did:plc:2ckxxst4ftrqrxqxdygaa7mi,3
did:plc:dckbkwdsgb43mbufglwajh5v,3
did:plc:sguwho2yylvxa3daieof7xdo,6
did:plc:qilj5opdwy7vqcuest2hzba4,6
did:plc:yhkxalw2aunn7cui7yuzeuuo,3
did:plc:vg3thtvfbgfrr3u6pf6hy3yk,3
did:plc:6porwqpbx7z5ltj6jeu4kjut,3
did:plc:ihrhxzya6p4v2wb3fdadwyqq,6
did:plc:g253sa4fmaej3iq7zybhv6b2,2
did:plc:y77hmt4ost5n5cnwyvy7qyk7,0
did:plc:jkbd5uj73eaqsx4we2n326mv,1
did:plc:bhdap3w2bseikypfnjmaskzf,0
did:plc:kxzeslj5en7gswzyha4bwu7s,0
did:plc:lcm6nup5bfiti57uhrfu37vl,2
did:plc:tyyzqlank7n6hctr2qqnuxke,2
did:plc:zsuakgnp37j2djmp2sqavyzl,2
did:plc:cyjoqtrgvkznr4pbivnwbydd,2
did:plc:qpvqdbj5vzymzi7t3exz326i,5
did:plc:phryek6ebah5qzu6fqo64c56,2
did:plc:begbudti62uoubhes3bgnnq3,3
did:plc:ddgdervori73nrsshrfhhyxw,2
did:plc:p54ed3lfg6dyq6lzqcouj6cn,0
did:plc:b4lmxu27hoaw2sjtlqeeplsu,3
did:plc:vlbpdban632brzgecx2wjol2,2
did:plc:mihk4uzr4yf3qmu3rixwczqd,2
did:plc:sa6dezmm3qzx42bxmfpfrmfn,2
did:plc:6umh5gdfwtnjeqzeetglzway,1
did:plc:dpvfcwrckeeb6sazwies2bqq,3
did:plc:mcvwg3gimajomxlbkzbhecgn,1
did:plc:4wnrbwhdl6pdhp52m3kpvm5z,1
did:plc:crmxtjj4blt5re5wxf7ak3q5,1
did:plc:4cqzy3ec7n256xc4xznqo2rr,2
did:plc:tslalkz7cio3cyxrcluzch7j,1
did:plc:kpzgkpwezlngzibmv6jzzjmg,1
did:plc:o743tvi6vuhvp7vriosfp5vc,1
did:plc:72y2qjli4df475pdg5soqofr,1
did:plc:25si7jgnzak7ajawwexjh2qa,1
did:plc:xp4l2qlx5i7t3fnfshvvnauo,1
did:plc:z6ntn2xjafpizjvfwnwmjknz,1
did:plc:upoywi7akpwvsaxlzdoy7rbc,0
did:plc:m5bmdejmpengexkk3hlr3lsa,0
did:plc:mtqpf7fesb3vw64joeqnofjn,0
did:plc:xd6ccwmihzp3vacv23wqhtpz,0
did:plc:lohubs4fsbcz7gz4hkbci63k,0
did:plc:jlww35sc3tlcwtqw7ahbpazg,0
did:plc:tinnwcfbhuczypdwqtbl3pac,0
did:plc:npcwlywgtrtpcuvftzrqwwcv,0
did:plc:kt4ldnvqz6yl6ptu7cvi355x,0
did:plc:kx4ldj5k2kqkzywteg72agvq,6
did:plc:ob7bklfh5onn4pbx47utsi5j,0
did:plc:azfmy2wrhadog2lpg7cg45jz,0
did:plc:azbljxx6rmxhztjkob737pyn,0
did:plc:6xd3wvnq2tyoybgo4nx4tgdo,6
did:plc:roexl7vkeegkefzmjufigen5,2
did:plc:nibzejigcy7cfuux6qn23nhc,3
did:plc:bx5jxhbfwvs4xlqvwg2moi3c,1
did:plc:a4eyor3ipwrqv7ba4xundaum,5
did:plc:7jke4kik2o4wdrqxzj2dnh2m,1
did:plc:hppum4l25hcczzffastsicpq,0
did:plc:zghooge27vcyvdhthcl6swsa,1
did:plc:vcz5qi3iezlp6hx2zmgz4r2d,6
did:plc:efgvdec66cp6ycqby6lcqojh,7
did:plc:43xbsmlobn42usbesekm7de3,0
did:plc:utquhcc4joauxjrhhhryvzgh,5
did:plc:nm4z7vyopx2vde226kabb4ei,5
did:plc:czbj2xakojbgpssfdoxiy2ds,5
did:plc:3s3xqeh23wnqvwhjsj3xlnmz,5
did:plc:ed6qoqp2rzdwjopz67lzrhbn,6
did:plc:olljd7vsqdvg5p43f6hzhgqn,5
did:plc:j2e3etalu6otgeecfcpddbju,3
did:plc:2l5rntbimqs6aidqmbhfyvgi,0
did:plc:uiqkqq7reu2q2mhb2g7nvdxg,2
did:plc:2jasxunhkuvviiw2o2zaj55w,2
did:plc:iwvoynt3fyhwi766zst7m4nh,3
did:plc:rfzli37uoyzucsshish7dmwa,2
did:plc:xvczb47od34qewhgepjxeb5u,3
did:plc:y77qpnhfdcxljma655dwnyuj,4
did:plc:h2z3wyudyibz336g72yq52ti,3
did:plc:5er6rvbfvwxpsggpfoerq2mb,0
did:plc:7z3sxpd2sil33dxo4t22psmd,6
did:plc:rc2rfckfv2sf7ufs3vus53cz,6
did:plc:vkwmmusnminszj6oeyiat3bp,3
did:plc:ivdigyekreithuv3yvlmy25k,3
did:plc:lxlt2glf2mc5vuc7v2k3qrbg,2
did:plc:ffczkb2jn5ceck4dfmvigv7u,3
did:plc:argzjkbaawxgwk2an3aru6re,3
did:plc:gp6chsvrco377a5gimmjhzub,3
did:plc:oyywiwginoongwvcaxdh223j,0
did:plc:jmkrusn4vgtq4m2h23iwdmuc,0
did:plc:5uwrn2ces5mq7k6wl26s6hzo,0
did:plc:vdfzchjgo2ga3bwgf6vmatrj,0
did:plc:5w7bhdhxh3rnjsm7wde74vhv,0
did:plc:3gr72vkifs5mnxmkmzqubiwl,0
did:plc:crb6pyosee3b6pczm6xnxfvk,0
did:plc:55x5knzyjjjnhsa4g4f6hyfg,7
did:plc:ssmkwsd5gjoixktzfj7hzwxl,5
did:plc:cuzq2hmk7v4sh4utu5uv2gwo,2
did:plc:qkinvvmhbq7b36zxc7oig5am,0
did:plc:zt6426eiiq2di54goktzcnhf,3
did:plc:scjtowxzogrwzc4563usf4a6,2
did:plc:i5u7tdcmqyyt7cbs4utuqwol,5
did:plc:xr6r7lqhgvz5utiacpujb4c5,7
did:plc:hj6n4ktyvps3emu3htxjkf5s,4
did:plc:md5jfkdi2cr5unhjvwunjmic,4
did:plc:7swysgqknn52f2kwsdlkmqdi,2
did:plc:4rvh267zqdjbydmv2ynjygyw,3
did:plc:e6pwblself2cokmy5ogmf2sm,4
did:plc:6ut7jprdbjpi2kkptrhjdmvs,4
did:plc:gkvuwwqep6ju23je5zcbpgxh,4
did:plc:vacadpflletjw4wjaz44iobc,4
did:plc:rvhaks7oysp26in6abllfp2s,0
did:plc:ytclddjm5b2nk6c7onijbgfd,0
did:plc:dbvba344gog6ewgtx75qqukj,7
did:plc:qtfealqxitbhxdfl27ikv2wz,6
did:plc:qi6n5zhbzx5d3tjtj4bogczw,3
did:plc:lgij7egmamep4gihdes5tmmu,3
did:plc:nai5fbf4q6g5la7applshi2a,3
did:plc:yd2pbgj562euces7i4ezwtzb,3
did:plc:2iryf5cen5ijdhh7tcnuummr,3
did:plc:bfbzfh4t74yr63fok66tz3fq,3
did:plc:wkuiuig6yvhiuafmuowswqv6,3
did:plc:jkmcb2wiljucyjjjzwhfuyb3,0
did:plc:wraqgxzs5nujtplwb4msgv3b,0
did:plc:x3v7jwickkzpc37wed7ckyyv,3
did:plc:zsbwcse23cuh6oe3igsbwmqc,0
did:plc:thwvulch5v3ysz45qbloosx3,0
did:plc:tjbpsljmu5vpq6wtr6knuiog,3
did:plc:2cav2jyfgfpl2ahd6spouwng,3
did:plc:exblabc2urlabi4sq4ukdlae,3
did:plc:e2zwayytpthawgm72tqky364,3
did:plc:zcoh33577awtqezl4ppiauuh,3
did:plc:mgcvbckyvxm5rm2xayvb7yqk,3
did:plc:mwcfj73equnh6ouwcird5pek,3
did:plc:kuyoj7zcfwy7dujpnryagjxm,3
did:plc:7nxnnnfse2f7adn4vjkbvcu4,0
did:plc:wnumzunzjibrkbkg4kal27kc,3
did:plc:2tsd55kfxutxhe6jomay3mxx,3
did:plc:wf7vnehkkhuwnfbf3vaxfti6,3
did:plc:bf3hwgpg4vsa2uyvch7niv7q,0
did:plc:vidoybsk7asoc7v3fd7hwlpp,3
did:plc:7vbbdszunpnveohart7lkhkx,4
did:plc:x7fttyvj7n3agoqlsyn6pvmh,6
did:plc:xng22bjofc6aaho5pi7fphrl,1
did:plc:zhut4cqffjxwyxb3d4hnp7l3,0
did:plc:msrejcwznkdddry4lsjm46xg,0
did:plc:uyzubczaip2px55iqrljl2ui,6
did:plc:ogfabfyevn5dfkq2ydrf37bu,6
did:plc:7pvn6t5uktdonotantookzsc,4
did:plc:ymsgwxvflyda343ea7hoh4wo,4
did:plc:o45eqxqpoos6le2q4wnuk5ja,2
did:plc:xe5ip26rjnjaqjgwq3gqpz3v,4
did:plc:xwyjfkh5by4lwui6gsn6wauw,0
did:plc:76nrf6hcsaci3tk7tno6bing,0
did:plc:qnljxd2ew2boonyafpsn6mti,0
did:plc:7p7znq55uljasgmspafp35yo,0
did:plc:kox6enipdffihsjyvukmqgga,0
did:plc:d2xcbd4dvfx5ddtzwkrustzd,0
did:plc:ulxhb72mbdrc73rnexdpfral,0
did:plc:kndlfdydnssan2weck55rv7p,0
did:plc:sewdxxvbjg2izcv5iqpndytz,0
did:plc:dgnrzbuhab43o2kaaljaj33e,5
did:plc:5dg6a6t3a7gs7iycygpmpeeh,0
did:plc:x26iektupnygiutgzhfircxl,0
did:plc:dmw5mpzo3xsnitq3mhu3wrzk,0
did:plc:lcvusrfng2u7bdycmmfrp34f,0
did:plc:gxocugo4nweuxrqzwxzcycfw,0
did:plc:c2xzotwdx2bxipeq4tkdqv2k,0
did:plc:qukbrrzrhh7i3oxdhyuj4eoy,0
did:plc:ndrkvvs34iun3tmwmrbetfh5,0
did:plc:hgtl6yo5inc2yhjc4csmpdm5,0
did:plc:sydgpvanh46u766n536r33oa,3
did:plc:jm6fxyuoh64ybzdp7ckgvp4x,4
did:plc:6lxlbrzmc3uxbmk25eo2lj2h,4
did:plc:2ezliadi3idbeaxi6kzr7qvc,4
did:plc:frd7z25i66vcxhl75vxnuzx6,0
did:plc:k6icdendy255kankozfy3ezd,0
did:plc:7dq6rvlszjrkm2it4xfnf7jt,0
did:plc:w2ed5pn66xwjhxsxd75s4yic,2
did:plc:pratu7hmemczcnfsfaus63gy,3
did:plc:ivjcwor7duiezshkicf2pvcn,3
did:plc:hqvkw2j7d6kzjr6cynqekaaj,3
did:plc:57xj6plsge4jcafsw4man7fn,3
did:plc:vatzbz5i2wef6bd5x2mhgyay,3
did:plc:3neafkfl7mcl4rfnbbz7tkgc,3
did:plc:7nxeqvcughernk3zqnegmcrn,3
did:plc:42yeoo6zi42v4jzhhoidzptj,3
did:plc:aduwcslgp5tjfrqwwex4vyql,3
did:plc:nuewsn6um7iaek63pjwg3qtu,3
did:plc:ylmreq33wbobqjwd7plmu56b,3
did:plc:qh45xdfleilwsvnockypzgnj,2
did:plc:rfanxcgngrqhli3idec4yfly,2
did:plc:grno66lg4monzcslad7ulp57,6
did:plc:r5r7bk2bw6dlmpfsxyucfqo4,0
did:plc:ubkxmgqe7qvaitbdk5xdudvc,5
did:plc:45w6bjnqdazzfz6wzz4emjom,0
did:plc:4rpaxirqfwqkwoxmaxvky3np,2
did:plc:xgbhgeevmkjs5bt5yzu2hxbx,0
did:plc:xgfbf2dpzafmxy2qzs7ysmz2,0
did:plc:iomaakkfa7tzzajx36duyrff,0
did:plc:6gdyilyfrpn2l727gxoytkau,0
did:plc:dwnnpzgyxtpllhqautbdvs73,0
did:plc:6ooho4knnmfcsompzr4fj7b5,0
did:plc:j2u5fsld36j6ofaruay2tdgt,0
did:plc:4bmtbktlju55roliayf62lld,0
did:plc:6ivqs63s7glmcswb6j2fzemm,0
did:plc:xghsolohp7knu6h3obxmvjqr,2
did:plc:pjcl722dcpnp4s473nom3kw5,2
did:plc:w5ddfqp7ww24td7g4qdksnor,6
did:plc:u6mzcpvbpy2xf5hx4imilhkt,2
did:plc:gmxopts2kvwedtddq5ve5br4,3
did:plc:j5zncjurmctgykcekbjycvp2,2
did:plc:u3k6qw6btljenkkw7ebmb2ol,3
did:plc:67qay4rhvux6in32mp3lfw2i,7
did:plc:a43dynolszyup4qbdyfizyzy,2
did:plc:z3ao6ykf6pihzfcbibccxkwa,2
did:plc:fttdfcyhc4j7bca7xqxeomwb,2
did:plc:okne3le4ajtduvmq64sycgu2,2
did:plc:ebynbmctkmhko7budhwqrkgw,2
did:plc:wclfqb6cit5qaj7wjkkjnkco,2
did:plc:b6cbo3egprlpbighlnt6lany,2
did:plc:iolxtxakcuyi3jmx6eaagviy,2
did:plc:ztadprh533ve2yw2xv5kznuq,2
did:plc:mtdr5eo4goquqx2dv4z6akal,2
did:plc:pnwudxe6jub3fgbdz7m5own2,0
did:plc:gigzu52xrmn5fbydwglmpisa,0
did:plc:krihmuoa6onfabqk22dlt2na,0
did:plc:mrpolyck7go73uhjb6gakvij,2
did:plc:w5qg4vjiu4chmk7e6tclnwdt,2
did:plc:d635faxkb6i247ome2z7gqry,5
did:plc:vopiput76fgwhhbfzpnkm3fn,2
did:plc:vjj6qam76km4x76kksokmqj5,2
did:plc:qjfbryoacq3sm4qkjcfv5tvs,2
did:plc:aewvpnupvicpy5l74zwyu37c,3
did:plc:eoqrl5qwvab4i72pf7opuc3i,3
did:plc:fx3k2tvsaonx4o3k6slc3fbb,4
did:plc:jemiwsecyhadfze2z3vwrrqv,3
did:plc:52eh23yafhyjuuldtsqfhpu3,3
did:plc:76ld7wdw2atvsg3xscsgd4zs,2
did:plc:w2cqvcwfhn74ss6ry4yhdo4d,2
did:plc:kqjk2ldhjpy54tr4ywyny3ly,2
did:plc:7bv35a3ufr7po2if42qrnpdv,5
did:plc:a5bzluifrloedmg4j4bvnxuf,2
did:plc:fbsqzeh3ym57tkudtokpn2xb,7
did:plc:3meydcdcgqzjtidgttqv6vng,2
did:plc:qhzgav527wvndvsvzzhuzob5,7
did:plc:u75wc4xudo7g3f6lapv7dhjg,4
did:plc:3ivcmjiprwgkojocdr5a6gxn,7
did:plc:it747eyahy5dwdk3xbt4hwk4,0
did:plc:xyvzpy5iau4rkvvbql43gdpa,0
did:plc:464z4fpqk5edcvxh6zmxgdsu,0
did:plc:esww64ahvx3an6xirwdgnhz7,4
did:plc:oldn4bppv3jdcwxv4xjygwwm,7
did:plc:qacx3bghxrlihoervdesjfzy,7
did:plc:yfhwnmzryjffs5vok2oyiq76,7
did:plc:s2shlfl6l5j6wfvpaa2rruss,7
did:plc:64e7ugypftzwcjmdnsocr53k,7
did:plc:jbafugmpdflqfx4isrhy5ooy,7
did:plc:p3euklm7ocueiwzy7dsmbe54,4
did:plc:ee45dgduew3mkcxrqvt6yquo,7
did:plc:nhmo7p5qxxdfs5blmw7pqicj,0
did:plc:dkfjzsrenieaksw4eleadq3n,1
did:plc:tuwsa2264kj4hrbsuvq3xr7g,1
did:plc:u2wszg3u6ltisuhrgszhb7pc,6
did:plc:3ikureiocqbd2jifeibm5jtm,6
did:plc:opezvkgca6khjjix5gv6aewa,6
did:plc:x2f7jitcayr3launrzl6e7ui,4
did:plc:xyutovx23h64urawewit7mtp,6
did:plc:4mlhgfwtc7vme64yu3tbkhsb,4
did:plc:4vbpx2mcgj4m3qoqcsi6uk65,4
did:plc:ing6olftmr3ygv7zueugphbg,4
did:plc:74blu6peugsvypx7535s4x3c,4
did:plc:6wnqregnlq67zguper6h6ctd,4
did:plc:iq5xyktlgbaf3s6pthtuuxs2,4
did:plc:kmqa6ybu75bsrh2a7ccavy6g,0
did:plc:itti6sif3lprfuukni2xeufq,0
did:plc:7rukc5yxpxl32kjib7prfzx4,0
did:plc:hrplwolz4q724skkl7pqcr5k,6
did:plc:ktmgp5ka5zke7csvvv4g444q,0
did:plc:tlulka4j6z4ho7gku6rqijrt,0
did:plc:usbvkjg3wta3bo2pnmucec7i,0
did:plc:ii43zgvrbgrcssm5tjvftxan,4
did:plc:get2cflgecx5vlr4573i5z6a,4
did:plc:3jflltilkhwvjz3cut2h3ovp,4
did:plc:ojcwzlc366ueqz3vedu7s66o,4
did:plc:ooensn4mr5mhznzypvxelfa3,0
did:plc:vuxpd3gs2yfbf4bn4kibzhmx,0
did:plc:bpceihrkbax5iqzofpgnv6dg,6
did:plc:oecqodar6oluu27qeauoxguc,4
did:plc:txcgvoosd3dwiyr7yajuqz6p,4
did:plc:nksmvcbt6ygwilcdj23umtak,4
did:plc:yigsuapvxh6qbys47j2aibzz,4
did:plc:qoyz7rol2bigh6dvdz52cfyv,4
did:plc:zww7zcph4w2vd5aa2kvzvwxq,4
did:plc:qjq2j4jq66vp5foaw3oqb4ss,4
did:plc:6wehi7a3uuujjktbm53mpl4l,0
did:plc:gvlamxqwik634kaibcfpdv2s,4
did:plc:ll6mz7nvgvcf4ifihowhb3kc,4
did:plc:msyd5ar5tpbi67stqnk5335p,1
did:plc:d6226jtosbkjalqfq75ptgdy,2
did:plc:25l7klhdst2xdkgp6buhsuw2,2
did:plc:hunpmh47rnrpvcictncogiq3,2
did:plc:or4pvtkstg6iipybqlmx6bnk,2
did:plc:6nwaopmaol7tvmqhdugqazsy,2
did:plc:2xe5jzf5ahn6fnpduqpiroha,2
did:plc:qlbnlrd3qiruzzx2jbcf4ogz,2
did:plc:reoypdkob55htc3ywss6de76,2
did:plc:c2p3djabobthoh3temohkbve,2
did:plc:dn3cst73ck7hikg4kks4yjo7,2
did:plc:dt5ppuadl633grnxxahslxme,2
did:plc:enes6xxvdz6vrhe2clt6x4tr,2
did:plc:lbgxwdt5cc3rbeqgayson2kq,2
did:plc:qxeyz46wgepekweqren4ps5b,2
did:plc:mvbwghdihmhpyd5p2zf6j4zu,2
did:plc:djtyba73gp5np2sy6xtu6vsc,0
did:plc:tyi4boeweygeo6wea7bsrj7w,0
did:plc:nu2dnq6t4q6hpifmdnrjhm4v,0
did:plc:uvquqg5p34c5f6d65r7yqzxc,0
did:plc:oogxmzmgauh5ug2tfe5vc7wm,3
did:plc:lnoobhvykmewlka7t45ivqd6,2
did:plc:h2xekkptbr6hpnnyl52snjhu,2
did:plc:bfsqetco6cgsuk467nopnn6n,2
did:plc:lxvdmbhqqjemdcxxm3gnkdf4,2
did:plc:atyopcu6kevbs26jqrx564qz,2
did:plc:6mh5oksv54clmb2oo5uuacrv,4
did:plc:6eiccqzvhuenq2f7lxqnwasa,4
did:plc:yk5uhconyxc4nljwdvyuvdrd,4
did:plc:n3imka5lhde6bsrecpf3jbyi,4
did:plc:usniseullnksbzx5ugwejqli,4
did:plc:lc2r7f43yqlo3clav2aysr4j,1
did:plc:huuqh33s3vbhmlnhotkyax27,0
did:plc:cdyvhefdsh7ow4j7gtirqyjt,0
did:plc:7cl4lgsl5oi3zcpidwm6f226,0
did:plc:7grhrlvfvyhz2uwhfqm3ymb2,0
did:plc:5moli2upslxww5hykpskl3fd,0
did:plc:yhzdy5bbujxg3gf2ocnh7ytf,0
did:plc:abg3e3es5bg6o6pipdrhak3j,5
did:plc:wlq5denegl4hga34ihaflebn,0
did:plc:q7ysbryshwxc2pixprvix5lq,1
did:plc:u2gcdwidh3z46x5a2dsl43gd,0
did:plc:2vjllehf46nlm23mgq3nox54,5
did:plc:on267e6jpkkc42giifvftjrz,5
did:plc:t5ubddwbagcq2txkdehmqrup,0
did:plc:6x5hnkfkiczewgdvmrzld4ue,5
did:plc:5cbyigevmmlufdgpl5mx7vzx,1
did:plc:osxjiu3j6rf5e7ze7rfboiyv,3
did:plc:rmwj3ffhxuzbnf5icgyofxo3,1
did:plc:zd2tii5ej74ikit7qg2dt73a,1
did:plc:if3xxx53rpwszijvcdbta4kv,5
did:plc:xgouwk3vgushx62fo6qtianx,5
did:plc:fhv5yvqcep2ukku2ls6avmdr,1
did:plc:c6mvbzn2nm2xhaigxjsnlysd,5
did:plc:slo6mpsu7oytu6i5qt5cfeoo,0
did:plc:kvphkrl2o3rg5nq472mcpaei,0
did:plc:uhqu6kpurmj5o5jbnn4kobkc,0
did:plc:dlvpoucwtlaoyf723bdfkovh,1
did:plc:xtmzpwc7kfkdcdgpay5aghvu,4
did:plc:uq7t6gtpgvob4jlhvhjderqc,4
did:plc:m5sxf5a2utcvaq3k2wdlps4j,1
did:plc:pfwkmc5zkno4novn7gevqwip,1
did:plc:rqloflmjsjruqbhgxxtt533r,4
did:plc:ybuas2ycaiqrhwmnnwonbxic,3
did:plc:bqjsji4dso7vfh2t4pntr4x2,3
did:plc:slav7uay33z4q526hoadlb6s,3
did:plc:pu3eyk7zlepumfee7qgb6sl2,3
did:plc:tz7zh4j2k7nwscnzgm4m2wjn,3
did:plc:isffefkub2xgyfn4fbnlzpqj,3
did:plc:gyhduon2en7y2samu7f35db7,4
did:plc:v6fmttwgvzclxamxuoknmj5r,4
did:plc:eri37wwb7d53clnxvtjlzkhi,4
did:plc:r3qi6hkejinwg6rgbdgyijxs,4
did:plc:rpg3g7vhapbklci3dcgfk5gb,4
did:plc:4z5yi6rap7xmwsagrbbo57sh,4
did:plc:vymk23dcw3rsxww3ffmv3n35,1
did:plc:dqz6eucwdrrt4kserd37tyy5,6
did:plc:f636gqqu5zqwd7xvxifrjlwx,2
did:plc:w4lveenpjymzrvadn4rjcuxr,3
did:plc:7jqpud72dd7vlucunx4bofju,2
did:plc:vlwxxdybl667sw2gk3naimrp,0
did:plc:wdxoaq3hdmmp7i3wwbxaxn5i,0
did:plc:zmryxsis2urrsddra7i2qely,0
did:plc:3g3kfaqou43rgqoricjuuc5c,2
did:plc:cdlqys4qcx2o4gkzrjwtu7zh,2
did:plc:tpl4pgycpidi7qzezau4j4bw,2
did:plc:zitbjqsscr5dj5rnt4aqmxfq,5
did:plc:fumjwukwiyekfaikpjuirukg,3
did:plc:bpl2kwefvnz3txwvy6x4yub7,3
did:plc:7f5ktpskaj6thdymq75ob5uh,3
did:plc:syp3zudyu3chyblh7gc2oemh,3
did:plc:u5mmpo6d6he7qwcn535al476,3
did:plc:7ctvp7ygzjbscagfaomq75gx,5
did:plc:px5d3pokulgyy4bjxdspngo3,5
did:plc:2jizbh5bb2jno3ky6ecaqao5,5
did:plc:cbf7roft3hegcjg4lwsoc3s2,5
did:plc:vdcxdlg4kbwqufrmnkedvoln,5
did:plc:drahi7mf5vqxcmuablg6azub,5
did:plc:w462v4pabgmte7xwmjfp2dhz,6
did:plc:efym7vdu3czjy3unyrcmvssz,6
did:plc:ya3ealnc63hjks6dpn75jwxx,6
did:plc:teqdnn2zojuny4fbnofxk4mf,6
did:plc:x7sz7obok2ucyckzj3n4c4as,5
did:plc:onn2ivfkageunsk6dzanjqsm,0
did:plc:e2zjxok622zf3zydlguqhd4y,0
did:plc:ahxgqvv2phcrzqpuhc24tp4p,0
did:plc:rqryxquav4uac63sfn4qdmqh,2
did:plc:cfbqyg7tk7v2su2x52zyifks,0
did:plc:ipigi2e4exdb4blg2vhvcxhg,0
did:plc:gdvrdwf2stzf7wmnbhs7v54q,0
did:plc:kt2ck45lpqyrg2vpaeq4br7g,0
did:plc:kbjwkx4hnsr2hzlkabugodv4,0
did:plc:qz7h5udfxyif55jzphlxpwhi,0
did:plc:f6xwtx4656n6rzclnxw72kqo,0
did:plc:rxohbm3fntvybtyz5afsg4ls,0
did:plc:iadfzbvbjqevvoapuxf2p55q,0
did:plc:ggizi2rxtvughooaaxb7nuhq,0
did:plc:ewdmotjgemuzjpfyvy23npau,0
did:plc:haeqlkakad3a4ax23xnpufyf,0
did:plc:syqfayusxe5vvlg6wx7r7is2,0
did:plc:zj762du6j3fe4fhkzbh5zgv5,0
did:plc:vvtpcmksgbgayjqquczzknoa,0
did:plc:aoawzisbalfcrraqm3w5y4eg,0
did:plc:cgcq64iovug4keuilnd6nimt,0
did:plc:iybhwsyslpqxnk3v6ace6a5m,0
did:plc:dqodrazi42poifiegucedxbj,0
did:plc:jjgs6hno4ji5ymxqdaf57ofd,0
did:plc:akcvxbda7ab5ulfu7g2cdmdm,0
did:plc:obrif3ptcbc66jdvdn22wjoz,0
did:plc:eqndq2qqcup2rej3vzqhkmn4,0
did:plc:kd6noq5usiunltdngs76ggnl,0
did:plc:3s7gpv42sm7y3li3leorqywp,0
did:plc:23pwckasz4edd5754kccdulc,0
did:plc:uzpa4cck3bt3m7rip5tkrcut,0
did:plc:ygtqbog432gwftypuykh2bb2,0
did:plc:fzcfuidqxtfp4hvlicilczkp,0
did:plc:73mpwoldxb7e6x2swmmriob3,3
did:plc:gv5hm63f2wzdsi4cnkjfftns,3
did:plc:d7y4r3nqrexumqdq4lxtfn2c,3
did:plc:nupnuopot2tmykog76vi74xf,0
did:plc:2o2jai5wtubrlt7d6wy72hyx,0
did:plc:cdjeqe35uuyipxh444foug7c,0
did:plc:h263v64r2elt6373hltwsvzb,0
did:plc:vy6fa3wqhehi354um57aof3z,0
did:plc:cox23jze2j5thpvfjilqy26o,0
did:plc:fo7bnxfw7en47mqbsk6q5nax,0
did:plc:dgfkun3aubkviforfpxqaqmb,0
did:plc:o6fx6spclwi2vref5ov7bzdl,0
did:plc:fixyvatvx77ng24u4boie5ml,0
did:plc:oar3vdxzudj5y5uszaje3knf,0
did:plc:d5kxr5amrrgqlepuyd45c7kw,0
did:plc:fc7qrgyzawp3nhfbcpauxa6x,0
did:plc:2g6ciwavlicedt4mjb3eeouh,0
did:plc:34omghffvt4v5yiq2iyc4si6,0
did:plc:gp766jn5sd4fici64ubwtvgj,0
did:plc:hnil5ju6t6scf5ky6jbu3um6,0
did:plc:hsifajb254ksqdjiwy3lbghz,0
did:plc:epxvdzrr4sd7lcji5vez4x7q,0
did:plc:m7wpkgjdsxrzyeefqku626mp,0
did:plc:377szmobv24dravpuuu5ihem,0
did:plc:wnv7osrtmcvo3nyzlva3a7ji,0
did:plc:po6aau43fegham3xzxdh6qyq,0
did:plc:kzn72kdcs2fv4jmxndfab7l6,0
did:plc:odmevz5fq3vc2udkjvk36zfn,0
did:plc:u7kuhqmolhlmimlfguxqkivn,0
did:plc:s2l6iuycd45p5ydts75b52km,0
did:plc:vqbz2rsrmw6tb736frlklwnz,0
did:plc:eprlmnwwrsg3s4wgwohitdlc,0
did:plc:kgihv26oznpn6cu3p45jzydp,0
did:plc:de5x2ahlf2hujoc45ptiphdq,0
did:plc:jejgypykci5rdnczubx6s27s,0
did:plc:ovyfm26mzyfuodxpwbyjawf3,0
did:plc:7fzt44e2vn3tfzftahicqyyc,0
did:plc:q2flxslaueyvmizdnipf6cra,0
did:plc:nku6ca4aydh63mn7ju4dwzwk,0
did:plc:6vnk2v45vdpzzxz7ruiec3qa,0
did:plc:trpapdy5wnb54d6dwn6bz52m,0
did:plc:5tjd2vacjdvlwmxs3xt3gprv,0
did:plc:vuvpxavjfcuiqdcjety37loc,0
did:plc:yzk65g67jjun6ml2n3bewfwl,0
did:plc:kup2dxtfk4jelusiz465cfpd,0
did:plc:7hygc7jytj5skvqxr25ceguw,0
did:plc:q3akmgqc462pupsfsdsvar74,0
did:plc:aoie5d3k3sygqa5m6b2gofu5,0
did:plc:nglf3hvprnququ5tfhjb42fj,2
did:plc:jwbknebg7zlnxxx5qxlkxjvc,2
did:plc:wigmkwqalspxae6i4duer3v3,2
did:plc:lt3kem24ld2a5tikl6qg5v2n,2
did:plc:hqpigbrvvdiks3jnjpw5huug,2
did:plc:isuuhpwokcznwfqpqymu6yjp,2
did:plc:xkjembetngn2uanho7zmodin,2
did:plc:ascmezkcvisn6mfrkbygue7b,2
did:plc:aq5pcjcybcn5uhp7l7pfz7sz,2
did:plc:w4yqclwsymfjkmaawwcpqzod,2
did:plc:wvoa34tmjo6zztyhzvgldvom,2
did:plc:oecwcarwoyzbqv2kghhbwn77,0
did:plc:bg65l4bwu7ic5hsmatfeakbn,0
did:plc:gmg7xwnep3q3is3mt776syds,0
did:plc:542d7hnrdfvkldeieefmajxl,0
did:plc:ekujnqyi74u7anhxxihtnrph,1
did:plc:spuypdnqitwfk55nkqetheg4,4
did:plc:v2e75i3k55nzt546uf34fgzg,4
did:plc:6n24ele3n2yfwuaclrfob25w,2
did:plc:622twzpatzz74jp3xr2l6sbl,4
did:plc:qg7fnae6c3uujbbljlbvfzax,0
did:plc:vfih2bgdbq7beoodnlhg3oqa,0
did:plc:u5keu5vpsbpczqhm4kl74kfu,6
did:plc:iftqaalkhnkehdnmkictdq7m,0
did:plc:2cbzs4z4qbsykm5cg7hq4uji,0
did:plc:caxbeyd4vt3hyzogzmybatsc,1
did:plc:mkky7kfyuijbc66svdi5fqaj,5
did:plc:gclc6caoe7a7ctbshdwqn4nn,0
did:plc:wuovezlslxidioqoklnlww36,5
did:plc:7lqpdof4fqal4imvharp66vb,1
did:plc:4p44mw3ez6kibryt5ahlecr5,5
did:plc:eizyvhtud4nnlpvx6bywlx2x,2
did:plc:tfhoxrfmy5z6sppgnpusfiup,0
did:plc:x7wkwmms3z4xypcqvkujm5ll,2
did:plc:b3asuxbtzvnuywouxzycnvi4,0
did:plc:cnbyity6mutn2wy5vsi6mcel,0
did:plc:eljypllubrt4y22pfgskbtci,0
did:plc:rvsullaeut5gf6dtza5igaou,0
did:plc:zzrrdkfvqyzkfgah2thwdf32,3
did:plc:mhetw7wajapbvj4ni3iimyro,0
did:plc:qlipahsyunnusicc2ebks2zr,0
did:plc:3poearrvhltizf3iyfoiuspy,0
did:plc:4dcp6k3kcop4jjjgssje5epl,0
did:plc:55n6u6jaly6z6aox2etvnn72,0
did:plc:kyq5qydbx2qotlbhlibaiueo,0
did:plc:mvcc5iz5abcxxpexsgoyhqgl,0
did:plc:wrm4rvukusjpz24bdo63ozkm,0
did:plc:7vysvq2krnl3epg643bg2445,0
did:plc:ruuz27eqidtaytjzu2e7mbg2,0
did:plc:dbqlkjoe5upodqefh7q3innu,0
did:plc:otbb3qqg3w6sxp76rf2xpong,3
did:plc:iksrx2qya6lgfespbunmqlvj,5
did:plc:pm5gegftyh7o2oxe777k72nm,5
did:plc:werw2heyhyl2yfkwtufae353,0
did:plc:6gjm73wgm2x42xjezc7opiws,0
did:plc:vgnfho75rj67ynfk2hntuz2q,0
did:plc:pwutcats2lz4f3g5vvbxl5dd,0
did:plc:qhg3nq2qi2ik475waslrt5bz,0
did:plc:jpjf4xgjatnmtwgeucojw44f,0
did:plc:vxvoxtg4ko3sbmnobwcgiqm7,0
did:plc:kmojqyeoged2zzcvxce7pkjn,5
did:plc:gxqijlhbst6dnaqhidjgrfb3,5
did:plc:qpawsgalka57kwi5fhfj4hzj,0
did:plc:6or6dhyvndskr6qxng7edx7z,2
did:plc:abg2y3mydvfkpwl7ksdpfs6p,7
did:plc:dzed7br37kzcypjabhgt2djh,2
did:plc:dup5sbcigwnl7j253pqijcl6,2
did:plc:psreiffjetqujrk5pczrv4l7,7
did:plc:qgibhl6vlsowiyh7bdqpnp5w,1
did:plc:yohsvzrtg62hwg5hlk6ulm5j,7
did:plc:5utwj6wrifheowj3isebmd3d,7
did:plc:nbuoi7yvviacxqrnkbledzp2,7
did:plc:wljdmd3g3thjrme3wvr6bqrz,7
did:plc:sgcqhxgx2erc2ytqw7tfhgs4,0
did:plc:uogmlauuyk26ol5a62qzmvnf,3
did:plc:q26k24tboibad5y7tqb24haz,2
did:plc:zkeozovgn5fgqkexyml767fg,2
did:plc:zmff2s35vzbys2dbiftwk2sb,3
did:plc:ur2lpfjc76og32h6ups77nsl,1
did:plc:fz6hdurzmhbkcwbj5wl4wmfw,2
did:plc:tkngczoxkmwr22tn4npkzust,2
did:plc:cry6yk23yzzcs3yuetmyiudl,0
did:plc:lpboavyqxajt774dfwpmlru4,2
did:plc:7om7bghrh6lwwopyg7z47ztx,2
did:plc:45f3atuy3ygqgyvjjc7u4nm2,1
did:plc:ehiqtelbumvtd2fg4awgfril,3
did:plc:fq5qvqbxwrtf4cbzvvtxyvgz,2
did:plc:hbn4tb5xze6ndqs6zlpozyn7,2
did:plc:r5n65m3gmmfomol4pyy6nk5x,1
did:plc:tmdbaogdkob2r5d22g4o6dw6,2
did:plc:7rsynskpfz3n7sdppn2kfyyk,2
did:plc:vwjsphioezyeprvxox5mmzyx,7
did:plc:owupyfkvd2dxqtdcjs5icn7z,2
did:plc:akvhhqyyxugau3e5xdx2zr6k,2
did:plc:bkhg73xdqxbcmchk77hj2egp,2
did:plc:laazhsrbse7q7nii73f7k5qu,4
did:plc:ozregughzhtnewzzectrg6lc,2
did:plc:wdnpewy3br2didmxuptd3jaw,2
did:plc:tyvuiky77qjnk6pria65pzgt,2
did:plc:drxoxhuhpbzyjbusjv52waue,2
did:plc:t55b7tcezeokjomsmb6dpuop,2
did:plc:zly6nghb4i526hw6sed7omev,2
did:plc:raupmu5zhrjnx5lp7eoeyly4,2
did:plc:rom2p7ilobzmhbk656rulbgv,2
did:plc:k4z2jhe47eupqxsf7qqbgqr7,2
did:plc:67syoszyrcwzxhm4omiv7ph3,2
did:plc:5jb65t3w5ulhqxw737f5kygf,6
did:plc:seebsnzf6svvmfgnqplamhx2,2
did:plc:enmzvng5jqvlrwfl5uxjqpjx,2
did:plc:vqen2t7vtab3shnfjpyile2y,2
did:plc:efmsosry5eiqhu3bcfymrkf2,2
did:plc:cbf4cxmtxzd75cbulnhuoljp,2
did:plc:uov7fmagj2yhjtvuoj723kzx,2
did:plc:kckkjuypsqetqorp42znrgvx,6
did:plc:dwynuqicnem2xz6prywbdscc,2
did:plc:5dbd3ibqwmc7ril3e3n5ccj7,2
did:plc:p5gfy6iexpxjyp56jjebi6ba,6
did:plc:2ldkrpqtm23pxkfo52cqnnbk,2
did:plc:2seuvqb6ubtbwtk2ok2atep7,2
did:plc:2bkfejwn6nw6qvkbkuvh4adh,2
did:plc:ziltorpcotx67bfk6ecmyelv,2
did:plc:xmtxrmv7ynixnuqsvqptytmn,2
did:plc:kyctbo7ln3qbwp7c4jpnaonz,2
did:plc:7mlr5hpnxhhwhzijfa4do6cq,2
did:plc:3ler442nhk6ew3uq63jk5sk2,2
did:plc:zyt7fuwtgr3s4ktmd2zhi76h,2
did:plc:q7qv3xgmricuz5ycqku3bkt4,2
did:plc:brgz4zc4xogwpkg7yfsly6xj,2
did:plc:cpug754wrqdqavxbyulebelc,2
did:plc:v3srnpmgpsceh52dak6kmf4t,2
did:plc:lhug7q7rmvhmp7q4istpjvp5,2
did:plc:7z7scv4yuy3nxdpr4bfbvf4g,7
did:plc:ms2ohf227r4qqty2w7wbsi7v,4
did:plc:dgck7ixcxfwkzsifmbdistfc,7
did:plc:fpkqw2t6z7xxlyj7odopfzgl,7
did:plc:s6sctwfxkdz3u3eajomnpffl,3
did:plc:6nib7ltv4aoe46dolb3vutjg,0
did:plc:rprys2xupwkk6jsaxuhgi53d,7
did:plc:o7f7itj23s5ug3jx5djddal3,7
did:plc:2oqvt3qpfqmdgxp3ejuxjser,0
did:plc:4rjdkp74dushlpt6r2tgozql,0
did:plc:fn3etwsplojdexniuzmmbdfv,7
did:plc:u6ofxtuxkzvis7aukeawi5bt,7
did:plc:pzth2q6cg4jxye3des7dqwej,7
did:plc:m3d3c2pxfzz3oxc7dphdxqom,0
did:plc:tm47lvuttvclfswt6dqv6wl7,3
did:plc:rhbwjdaluedkltmphzfcqkax,3
did:plc:asqdcfcrriwidx4l3672srpd,3
did:plc:mxm6hawloclygowxju3s3op6,0
did:plc:dvnj23pv4ojqdjsbbpakp3wv,2
did:plc:dqa3uws2xsxnwtueag5zw6qk,0
did:plc:pdrvqygk3gcr6kzmf6pacz2n,3
did:plc:qqy6xbhai3k7mlxkgqlnhwe2,3
did:plc:dlbgu6yk3kzaittsuauqagai,1
did:plc:j7636rhbt7ymcmpbaagboeix,1
did:plc:zypsre7x4rvzisbvoy6ynjl2,3
did:plc:ilchho65s36bg2nksor65unc,3
did:plc:zlnrjcnauhklqhyeomgsgzt5,3
did:plc:b2sppqizyeovys27lgjhi57d,3
did:plc:y4viy2f2oy3uz52zrcxvq3e7,3
did:plc:kcd26i55s4pdx6gxctxo5eln,3
did:plc:rxu72ge3mblizpo2vimbrqtm,3
did:plc:tiu2cjwoiw72otigdndps34x,2
did:plc:j5t3b6cm3c2fq5wyy7rvarql,0
did:plc:cjmlhxknptynckg4bwxqjkri,0
did:plc:p5ipfehakikb6mhgzp2cwdo3,0
did:plc:m5raypoqbxpw3p7vffs3ej32,0
did:plc:qjicn4qoxtqkbqfhmosdvqle,0
did:plc:bim673ovsu634yyzw75fdhdj,0
did:plc:nsdrmt6opveaz46u452xk6gg,0
did:plc:7xpas2b6ypaky6x4al2lmd4g,0
did:plc:l7y2jz47uckh6tb5tb3gt5rn,0
did:plc:qjfxz72vkdwpewbru4mr2zn7,0
did:plc:k4m3cdszszbluivmdqatjvgj,5
did:plc:74z2j5l3pv6agao6edcgnch4,5
did:plc:sb5wgvtbkxawgrzwewedvsve,5
did:plc:xfgiw6u3xqajekm5l6mg3uo4,5
did:plc:qgflgs726ygh3scbigypaxtw,5
did:plc:ozembajhp2qvpmkinpdibe66,5
did:plc:axxyieocynu5x2q2dbr246gj,5
did:plc:xt4h7lvttft555jozpu4rdd4,5
did:plc:k3m4yrikfgwfjz6rxrbwnaum,5
did:plc:vveufbaejojxwguyz44rj4fj,6
did:plc:4pfrbwpeish6pkhz3cryazd5,2
did:plc:ycsbmle32t3vl7mo7dzdeauu,0
did:plc:phraomfzuzfpkigxdrhxqla3,6
did:plc:tuu7le3l4trdlp7gbwqkmpqt,6
did:plc:lzpgys6wxkswqmqgkemufogw,0
did:plc:5wjkwcetkn6765emmog7u4qo,1
did:plc:to2hu44ipbj3l3acsohf3tzc,4
did:plc:zsgsztd6i7nhp25swjcw42vu,6
did:plc:olmiwtp63p63l6ofgqjzhlrz,6
did:plc:7jm25h6qnri7ttv7525e4avr,6
did:plc:akawsmfbogyu2vfja74s3qaf,6
did:plc:gzmdabbqv4o4c3u6a6rjqvnk,6
did:plc:phmsdxakvlebwonlxmlngkku,6
did:plc:c2dmvxfbmbh2ul66233efrfu,6
did:plc:oea7lobbh6k3fmkfwrbn2smq,2
did:plc:krzfxnugm6lichhjpnq2fhnj,0
did:plc:2y6zniq4p7vcbuvekjypu7we,0
did:plc:rgodionjwmmgp7bneq6bilcy,1
did:plc:5vw6rar5cyzgcfa2ictc6oe2,4
did:plc:6vcr4yzlpvceqxy2x725jbrd,4
did:plc:qkglomwbpows4g7ifxwo7udc,1
did:plc:kp6vbhk3f5crfd7tnez77v7i,4
did:plc:hzrk22h7kzbdckuhxywxcufc,4
did:plc:u4pjvxs7za3n3p6byitnnh3r,4
did:plc:y543ghvtkxnj5nm3f3xc75pi,1
did:plc:fufmzrt5xecuzw6ypcxjezew,1
did:plc:wti344ojxjsfrukwmtjelbtl,1
did:plc:sayaaickcwk7y6bikesfaq46,1
did:plc:ucc4frica7jvi4znd6nklect,0
did:plc:sfcqs7wz4jrmvl2t4q6chfi7,6
did:plc:cfgxtf5auvz47rf267vzpnap,1
did:plc:cewt645jfmpgh3kynv3ox4lg,0
did:plc:stwisnoxoawbz7mpfxkkyhvy,0
did:plc:ur54zmoa7j4z7zxzzmunimza,7
did:plc:5wnkoe2s5sria3wx4fob5afq,4
did:plc:ibnikwekplnyedozbik2gmev,1
did:plc:e34spoycjtgpwhqsrvjf7jzw,0
did:plc:ihd3uhxx5ustdkqa4ayq75jc,0
did:plc:rxhet3dsgugk7byjpckzl2lz,0
did:plc:xfz366czydzekgdhpg7tmb2k,7
did:plc:45d4zaxkl4i2cnvaopqaqamt,7
did:plc:2edqvkfobf6gysvyx6zx244s,7
did:plc:qqnvas2jti4joxeekxch372g,1
did:plc:c6cimcpd4e6pwmtvgks57jlg,7
did:plc:dv4arr4dyd2ggnnsbz473lz3,2
did:plc:64stlg2te43sto6vjbtpho4s,0
did:plc:yfonj3qjvcy3h3wfyxta5b6c,1
did:plc:flm6xmg6z7sqtoxzok36svk5,8
did:plc:newczwhg7q6wkadxdpe4lfit,0
did:plc:ssi4v2pixywzyqchoo5v6ncc,0
did:plc:fpdcxfhcsunwq4iat2lsjolv,0
did:plc:tofjvgccigzvzibcya4un3ve,0
did:plc:aolp5jr4afjjvjncpn2gtvm4,4
did:plc:xe7yidhiv2aulq2aicfmaz7s,0
did:plc:xm2sjt63mazfu72awdcidkia,0
did:plc:wkhqk5wfwyeo2qiq7b6g4jas,4
did:plc:lr7kdznqo64sd6vhcp6x2old,4
did:plc:gc3bahrri3rx7qjweoddrugx,4
did:plc:ylerv6iovw3j4z6rw4qaci25,6
did:plc:lkdbx6woy4d66lv2a2jyro5f,4
did:plc:hikbsqq3kaamuln4djj5byrh,6
did:plc:4epde6cz5xeevus5nyt54gei,6
did:plc:32v5cosp5gymg6m5ruekfrpn,4
did:plc:4oaffot4kbkttfl7tdj77msu,4
did:plc:hdh4dheh3out6qya6v34q23u,4
did:plc:5zs5u4g6uue6yidfkmvomv7w,1
did:plc:whnihm3y6g5p4x6dcn7xxbxv,0
did:plc:f4uyjd6v36umuhauu6ueffem,0
did:plc:v57ueohex4jq4fvi74aj3llu,0
did:plc:fa2miq2hpthf5htagliqsqby,0
did:plc:23a64y3c7bml5h5r5h5aur35,0
did:plc:uulzl5lxufry5lsl56jxw4io,7
did:plc:2otbbncka7scz76gyqzkf3j5,7
did:plc:ra4reypz4un7liyl4schcwxb,2
did:plc:7qn22rajccyanbtysu27hwwz,6
did:plc:eklbfb6wr3iqzhnnoii35i3w,3
did:plc:6bnhe6n5rwv5ytpi57kybf47,3
did:plc:mcb2j7cnumsz2ylilvxxd6ea,3
did:plc:y3qazuhhz333o7rsnb3qvcfj,6
did:plc:pazzytppogqe26vbcux5u2dx,0
did:plc:uitsbduromxe7a7ghxw5dawn,6
did:plc:qfq7aof2tvzx6p4p7igxw47p,0
did:plc:sktcjrhcg62e5ofoupo6l4h2,6
did:plc:z64vorlg3d2oyj6l7afwrncg,4
did:plc:yhddktxw22k3ylm2zzzwlbqt,5
did:plc:vi4avkjbr6ja6eyuhhaj5cx5,3
did:plc:b3744hejl44idoov4ishir7i,5
did:plc:guctiix6ukbduir7tksf6vs2,0
did:plc:kngd3x4lg7dt5kiovc35qlop,5
did:plc:fmq5igcy75levszk3dee4dsf,5
did:plc:nhhbh5cmenx32l4kmbpwfbcd,7
did:plc:po3mgh4won6y6agh5djb3cqu,7
did:plc:panjhy2kqbcf5r4s5tx6ggqg,7
did:plc:lb6s3cbhxunxb5mn54usri74,3
did:plc:s6ohnylhhw62b3wkan6y72s7,4
did:plc:gkofrvamriykbuegfd5jgyw2,4
did:plc:lm5dmdeyqckuhz23n6ycwmqj,4
did:plc:x27vu72r72jg5sjxvtk3iatw,4
did:plc:pwwzlewzitgx2hqaxrn2t4zk,0
did:plc:3qgk2b6lveeor635simowhvl,7
did:plc:77dpbfgjd4jxjq7b7qisug5m,0
did:plc:2nweo3ttq6qrf2ai24vz6exl,0
did:plc:3z3z622inmjrsqfuglp7ambt,7
did:plc:7xqyw4xcb2xrzntrh7p5cqpk,0
did:plc:3lni5js6wq34jrwajhcr25tu,7
did:plc:qglrcamcado7zvnfput2vz2r,1
did:plc:3l5k6qpktiaobtu6chljqi22,6
did:plc:kcxtafuswcwhh6itdgeunjlk,0
did:plc:f737zeusxyvji45mcf3mhvou,6
did:plc:6e72v6fvkjhwtg55de5fjph7,6
did:plc:y4fn5qvg7vnz6stozgvoxi2h,0
did:plc:qj7rbpelkomob56t56ztwptw,3
did:plc:2mwjjup73vbml7tlixtf4c5r,2
did:plc:5uoshvddo5ddclcyrxfe4uz2,2
did:plc:che2upcfjs7vjs33ikzefg5n,2
did:plc:wtrhb46rxacc433cyu6jgkwe,0
did:plc:dlpc63qyyijgazxdyigtgmpi,2
did:plc:fqz7w6lkmqlq2h32ounqmtqm,2
did:plc:6mjkfnedlglksv5gpivxrldd,5
did:plc:7w343tl3hi4tamcyhze6c6ag,3
did:plc:thl4xaacenj62bkrxoibfde5,5
did:plc:p2tb5mycnomxanki2juu6wro,0
did:plc:vnvinvcp4lpyrhxp7c7pz4q3,0
did:plc:i4l6envyvf332mctibihnseo,2
did:plc:ectp4wurvzypfwfolbrijpao,4
did:plc:6li4cee4mhfwvuouapi4guc3,0
did:plc:e7vsvuwsz6osvpv4qt6bh3eq,3
did:plc:u4biet4p6dj77n3rywpbh5cu,1
did:plc:jexx4oqsgslakswl5sbmpg6e,1
did:plc:mmwlekhu4ribpvlgh775nn4o,2
did:plc:hne455ahhpnxi5vnm7a5dquz,0
did:plc:3yatsyzhxe5ftq65v6i24vhv,0
did:plc:xoxbcaaqdl7hs3mzcgjuubgu,0
did:plc:bya34fm4zuqa23jevmhsxqnl,0
did:plc:4qtdc6ewoekxv62varavvktt,6
did:plc:sex2c6tr2vkkke3g4jtzog4c,1
did:plc:h7yablbtihcgsn7phikitcm6,0
did:plc:pbkdei674hoxmdz5afexim2l,0
did:plc:nxcimthgv3hzyatubvidbzjv,0
did:plc:522sd3kpi5vjdrvgjycu33mf,0
did:plc:wdq5nsmlff6rwugwro2bvcts,0
did:plc:3dzsyytmkvwbgjfwqjr3w2f6,5
did:plc:omunkj4a3oedm6ykdl5cyviz,0
did:plc:sowrj3an3d2ddoqqu53jjlad,0
did:plc:wtnc2pwv3nskvl6zr2ik347t,6
did:plc:plqwgfvw7zgkrsyzjz652p3w,0
did:plc:hvtuas2cimuqni4qfvpb7o5n,1
did:plc:m4ecieijinsnaxf3btwvbink,0
did:plc:y2hia73xnej66jqerwarypdr,0
did:plc:iyzf6s4vtzsojyveth3wtexp,0
did:plc:omofselcxdbcjhkc4235ygyl,0
did:plc:2n4lfa2bg2v6do42usxsy3q3,2
did:plc:rte3hjo2foyzwjvaaqgiwmey,7
did:plc:udsysgerwez5l2m34jsvgykb,0
did:plc:gbvt7ilujmz2gfog6j6yyw2y,0
did:plc:urnhtedp47fskwlsv6jabbam,0
did:plc:5yjksdnuwumezzxu2tgjqbus,0
did:plc:t2cdexsbknbozeycqynigtyg,0
did:plc:ab7u7bc4prhsbkjm7d7b2u7e,7
did:plc:ey35u57r2yjou55qjw3d22hq,0
did:plc:ytvmcpxyisaexro6iadn4rt4,0
did:plc:ds4y32wdd77aq2zum6i2irga,0
did:plc:vdtb76m3u35lkh6rziv5pfh4,0
did:plc:b4par5yri3f2docr7qjvafr3,0
did:plc:64atgwqwezaxydqbqduwuqe3,0
did:plc:jmyq3m3jsfy7f5apptl3moh2,0
did:plc:gfiml2wco462zl7nn4jvtuvf,0
did:plc:redtgp7pwlp54fc4qu24jv2l,0
did:plc:ob6f3ikzuact5adumrzi3pgb,0
did:plc:rnz7i6nr3c274jfaimbs6mcn,0
did:plc:3yxwsnf5zzeqludm3uychi2u,2
did:plc:klfyhgqtfo3kkug7sk5pdzvo,0
did:plc:u5tb22wmgvvssvbnvdlojobv,8
did:plc:fuyftqvgtqtbyo64yk5wuw5f,5
did:plc:py7zhz3gkphuracsulubjh3r,2
did:plc:uyrypzll65ovsykrqdillibe,5
did:plc:glafwek6znpf76dwha43hfki,0
did:plc:bd2ad25frux6jav66chr6aiw,0
did:plc:5j7vjcxaxwenaq3exuojgqjd,3
did:plc:ccd23mx23cwwj5phtqw7hhkk,3
did:plc:3qsqamflvv6jwvxpvm3k7toi,0
did:plc:wqi42z5qsqjgizheqoqlhs2b,0
did:plc:lfpqiaqbougoob2w23djclmj,0
did:plc:34fai7bbjewsaqpeig6n657m,0
did:plc:o4tglo2nmefe3lzwvivyt2rs,0
did:plc:sh7klc37mpsw22qtxdwxq7pp,5
did:plc:6mudhmdzg7cui7suldr4sorg,0
did:plc:fpfuunmbee2anagc2gnhmans,5
did:plc:zr7q3ldpaadceq4u76arqujo,0
did:plc:lgs5jqmikf6g4es6ntva4zw3,7
did:plc:5eeagqkkjrfw6ftnh4nllkw5,6
did:plc:l2qqbt7kn6sldoxpvxuqc62s,0
did:plc:wars2oa5tzz3rkurgo2rw6sn,7
did:plc:pguwpkevcl3iwxh4yu3m6r5k,1
did:plc:kdjvsihz4qzpzb5fymj3sami,2
did:plc:52kktfr6udrg3fjdnp2fvze5,3
did:plc:t46mdf5a6siwvph6fzacd3lq,1
did:plc:7qmcmcvfheqspfrrtpd2zcla,1
did:plc:wpzo2ab3xxxetplmh4qfotxu,1
did:plc:qvzv22tripmksmpt636tmdnq,1
did:plc:5jotthnaxi2oykgzwzbvhaj6,1
did:plc:tefsg5tpo2iyjmifrmhuule3,1
did:plc:ifraiwezsj5wyqkxyf3j4jii,0
did:plc:yk34dbnpmfx6dfjpbdsa26dy,0
did:plc:p4d5orqf252z3yc4q4ce2xr2,1
did:plc:qg532yffprz55cdvi2ei3st2,0
did:plc:lzsgqcftmzykp34ierpkc3mz,3
did:plc:3b7ugo5gombdroiw4nupiloo,3
did:plc:4w7ik3etff3l6c326wmdgjut,3
did:plc:gf3i2j6njw5siwjyxtwkfcls,3
did:plc:ny2w756bi7tjpu7brp3km3j7,1
did:plc:k3vwbhbpttfscfuluhqpbnm3,5
did:plc:qmwuctv43247oof342rx3mnz,3
did:plc:havgnbo7ghb6ruorwec5pif4,4
did:plc:q5ygud5hadzmy2cwwfmlivyr,1
did:plc:gaj2yvxfo2u7qt35ystebczt,1
did:plc:zx3fea4j6a4m5ior3332q2l5,1
did:plc:u4ifpo2q4sjdjjtf4xltxteo,0
did:plc:tfndvthrcq3sux7rpoz5beef,5
did:plc:kj3mafg72r6we6oixoxp2qi5,5
did:plc:wjkumirdsvonzk7ri5pnbq62,0
did:plc:3d4fnjod3vj5bkgf2gsdc3em,5
did:plc:3ufy6o6m3fpqtoeug3o2hhyf,5
did:plc:fx6d6sn7n325dbfy5tiguryd,5
did:plc:nvusj322segb3rvo4qm7b3gs,3
did:plc:cujat63bf5ayza5xk5hwuzii,0
did:plc:dcqlvdmqmxtbimcqlihxnq2p,6
did:plc:s36gpxjqr4bsn4iiedvqpu4t,0
did:plc:xrauili45njtrrit3m4oc6bj,0
did:plc:hwoxtlfekr6lnpd47irlgq3l,0
did:plc:aa4fx2msqm7qrldktkmxa6ub,0
did:plc:c2kaxpy4uvqtsvfqzjfzjxya,0
did:plc:oeupplijoh5ybmeokgu2pdq5,0
did:plc:7kyz4la3nlss6zex4vfrhprj,1
did:plc:c2tyhm34r4eg6artmp4sjpdi,1
did:plc:zvl5juvphgxnkwpg3autn33e,3
did:plc:wirce2ggu36xsvo23hko4rhz,6
did:plc:2qqku7c7qx5qvsagmstncbcw,1
did:plc:tzobfopvkw7hm6kgxfwkcmqq,5
did:plc:cpjktkqiawb35aixmcp6cphv,1
did:plc:7zcjhrzybki54cowwp5ptjog,4
did:plc:7msvhzvnbqwy2tagqedaclkw,4
did:plc:weye2gzdopws4i3rpiztahzj,4
did:plc:jbhvbeux2r6hwoimjks7puaq,4
did:plc:s4cn4ftrr35j2f7upngeazze,4
did:plc:zyr4rtmpnhhabi42g2qdweof,0
did:plc:lqpmefj7p4nqs5togvdwaep4,0
did:plc:longoqrn76dzlzuczatyu6np,0
did:plc:ntosdjfqq6lhgj377cvfjeoe,0
did:plc:2655nqgqyou47hr6gf4facv5,6
did:plc:mkr6sc5exd6eadc2scwg6lkr,0
did:plc:allteiiudj4cmuqfqdp7rmhr,0
did:plc:vihj6n4trxxabx2zi624l4bu,0
did:plc:h7uobavaz5s56au2jj4mohfn,0
did:plc:ux54lalij32dnbaaz5mnnvtl,0
did:plc:smzgg43qctsdn6ueesqt4wus,0
did:plc:zqtzfe2j5ncv6ytqivj6dztq,0
did:plc:t5y4zvdw4mt7fqg274bi7nsa,0
did:plc:6edct745f3bjvc3oczrkbhpf,0
did:plc:rh3p5vvgmwrz3pxfdelxwpx4,0
did:plc:onaya3twurqn2i2kvrcr6wgh,3
did:plc:kfxza4sdiyyu3qj5d65m7syt,2
did:plc:mz7b3mvwi6ybv76bkuhi75qm,7
did:plc:tio65k5uy4xzrr6avin4ooor,5
did:plc:vp5lv2v7b3zi43bas3bshvnj,2
did:plc:wiplginyiwhw5f7jfjdl575b,2
did:plc:fsbbdxvon4omx2njvh3ubdhl,2
did:plc:lnxnr75odrsawfmajr62pmtt,2
did:plc:qlveder3xsh6ymgob2b74qxg,2
did:plc:7vjiwt7ldz3sdoi2al7f4iz7,4
did:plc:j6vtauyymwybvbszb7qhh4ck,1
did:plc:jecdwygpalkiog4wyxmmjjq5,3
did:plc:seqt5dpuwhstsw4ttxloq2gb,3
did:plc:v64yb25m5ogfs7d7acqjmwio,3
did:plc:4aylgteswhzl422mf4gzc4op,3
did:plc:mu5gjod2ojap7y7jnplkv7s2,8
did:plc:n5ulasxpjabkuhutgcgadb3n,0
did:plc:w3u5klgoyfqt5ik4bnhgmjal,4
did:plc:ferzk3ipm7vejgusqu35b5v6,0
did:plc:unjwbzu4xc4pfe5htcrrr3iq,0
did:plc:xdaau7ndvtahx2lccfkbfg4c,2
did:plc:jiyj7p6xm3ej5b5vh2ektc3p,4
did:plc:3mwto4pxmzrjlatz6upykag3,4
did:plc:titt7cv4odr4podtbt4kh5fw,4
did:plc:e2yf6sxbvwhbugmttsdw5ks3,4
did:plc:vlk4ohiz2quod7qqportrdb7,4
did:plc:d3t7mqrkqc2w3iuohlpjiowi,4
did:plc:noczc26hjapy634ydngpwnut,4
did:plc:wjhq2gugsvbtqfd4gijobl5t,4
did:plc:xplfowvb5fkrduzpw4s6fsrv,4
did:plc:ys2scqwhmo4te4tcucz6bw7g,4
did:plc:xqowvj4xrw2ixcgdkiecfn4a,4
did:plc:54egj4ykcmic2kli43yj4d5x,4
did:plc:rmkwkpfnsnvbcemdc5nyqi7b,4
did:plc:jgfa34jabzhdgv4sxz4gnllg,4
did:plc:s5mlnhkgszk4tok2uqux2oqy,0
did:plc:fnuzsgirw6q5c4mecow7ek23,0
did:plc:7phyxpuupyf2pvnataufebt4,1
did:plc:iucl3l74ecbed2pxwa4qzzna,3
did:plc:c2rippwsvxnfunzzyy5iisdj,0
did:plc:a6pl7kjjykkzdcdvsppeabw2,2
did:plc:xgspjrsomekgfxlzi6zwe3fv,7
did:plc:fhsihn6jzvlkvolmrtq3yasf,7
did:plc:qou2rtibxgmm7krhh4jqerf7,7
did:plc:cogftjrqhbxpol4qws2s5sh7,5
did:plc:ixlfeybvwj5m2fo6tb2pxsu3,0
did:plc:e3ap6sjaftiof33z6xjt54aa,0
did:plc:7lhka5zqe64v63ltbm4y5jz5,6
did:plc:d4kp46c3sfstrercgp3zptek,4
did:plc:c7lxgacd24opbbvnjp3lrpjg,4
did:plc:mxvg42dquhbxfclz7yfmqwda,6
did:plc:ckk7ko2r5ytpsgokaj72miss,2
did:plc:trdtxvgk3n4qmd5kj25lih6p,0
did:plc:2qr2o3wy7sjvtijyh65cbsue,2
did:plc:e7kzqmqo3cbwlgka3guhs65t,2
did:plc:mnokmj6ydottx2bixjqqyb4z,2
did:plc:aib4h2dwmw2xi4d7hwnyqdk6,5
did:plc:tpcn5jsghnop4x42bem7kqyi,5
did:plc:xj75t4jcxg25an4xxkxei5yh,0
did:plc:iezvyhh4ts4f724tujy4vf33,6
did:plc:ja2ga27vmfbmghzkca2pinok,0
did:plc:uxzct6tbs7nutzeldjqltx5b,4
did:plc:6zstnvzenrwovxtk56uchf5y,6
did:plc:mrstnlppagem2e6dhfjjcczk,4
did:plc:b4j6x37ul3ljbkakleqbtej7,4
did:plc:bwxra5sd7exrdobbevjghlgy,6
did:plc:vt3ngcba3rworlnj3tdn5p7e,6
did:plc:yypmbhrostcybf6lgadeb775,1
did:plc:uxrwghrxvmxjjqtjg5d2z7mt,2
did:plc:ipthxws5nnlo4djvne6erstc,4
did:plc:ocakzaba6tjbfny4fcwoa7p6,0
did:plc:uhcn4mok4refz7md6h7r2xua,0
did:plc:ftci5xvagtcm4dec2equhj35,0
did:plc:hq6dw6cgq5rfc4j2ul4ml3ng,0
did:plc:ichsc6cl2azps27uuirdirez,0
did:plc:77vconzj3gkzgyuu44dp5bo2,0
did:plc:lctmurn7aspc7qdorobmlivp,0
did:plc:7n5wv5p3h2n6p4nnumjf6sll,0
did:plc:mzwqnxfwa3khdp432gbj5xyt,7
did:plc:djqnqeky5thbgml5yysgv6d6,7
did:plc:kvddl2mjgejkhat4acsdtnhj,7
did:plc:yftiwnrtjaagsbm4qasptbys,2
did:plc:wnmrqaydfo243g2jbigakpx7,0
did:plc:qifbilasgm35ntbkoiof2jhp,0
did:plc:dw3btwq42hc56qlq7ut2bhes,0
did:plc:hsg2tw7o7izaaobfv2qnnabj,1
did:plc:alohguof52jnbc2pevw43ntf,2
did:plc:vmvbid565i5y5vewrfeltezm,5
did:plc:m5ptjjjrlidxvflgttz3umsm,4
did:plc:myeztyrq5zw5jlgtkd7s7zqg,7
did:plc:fxyf47rugyeh5xqsaalt4yk2,7
did:plc:kipgdsr7khra23sto6v45r6p,7
did:plc:vldgl6y3v5kdkhrawxnzb6hs,3
did:plc:sbmlvmsjla5dl7yssafcgh6l,7
did:plc:febhelw3anfchbuvoqylhayg,7
did:plc:bk4rjggmjgh7ghkz7cvmqz7h,7
did:plc:naalk7atz537iunvg2m4inty,7
did:plc:r7dvlwkce7cvbmjjkq7pnxk2,7
did:plc:ufxva2yr4swu3fr2hvpfezev,1
did:plc:w3d3hr2vggei5dhs7ehr2ky2,1
did:plc:u3jzcftdfx2h3engkeiroxzj,0
did:plc:be63xjoffoi5zashwo3xrln5,0
did:plc:6mio6d6dtszmoyo45jlqgs6q,0
did:plc:7hz4blo6mfmusdyf3ip4uy44,1
did:plc:l2hjjb7a6j7hscw5wbbrvhkn,3
did:plc:zpv5yfstdgwzes4nprejqvul,0
did:plc:uykaq6m7lde527pyjhlty65i,5
did:plc:2hs5lwjum4aeffspn7y7awvk,0
did:plc:jphlfqagd3dmgkrutucnqfup,7
did:plc:tbbirsfzfjamqahr3uwsr64l,5
did:plc:th7juv4bt3n5d5isginifqi5,5
did:plc:xi6ovkkhaq4wgdoehvlpbd5x,1
did:plc:755bydw6w7n67rlehynzffct,0
did:plc:ii2b4et3vrqere5qempdgmw5,0
did:plc:s4wizc4jlffpcwfnqvfqgggh,0
did:plc:jxkpnvjc7khg6kn3a2xzrcn7,0
did:plc:czbhircd4k6bzx4x6mapio5b,0
did:plc:n4zgehtz2ajloss5d445ax75,7
did:plc:fxridqgveniqeag2qykdjwpg,1
did:plc:imfiib3io2xdzpdxevwlghqe,0
did:plc:qwns7kamrmcwl2lvrc6x7gtb,5
did:plc:phaioc74t2qv46nynyqazwo4,0
did:plc:to2qyh3nam5msz2gdblnrj5e,0
did:plc:lvtayeukhhgn6ig2oio7wv5f,6
did:plc:agitno7yufeblhqlpklk3pto,4
did:plc:zzkhcyyshenswys3z4f5gk2o,0
did:plc:rl2pztkxti6aumwlvbzurcfa,0
did:plc:luwtkv5hzwbja2c7dac7asae,1
did:plc:nnw66mncjpghfx4l3lz7cp57,0
did:plc:xqzbuwtj2pdqjjaixxjamlk7,2
did:plc:fmuey2bbdd7hazmyhaqzogz7,0
did:plc:2byep2atcaublfxnfnvadjh6,0
did:plc:ujsynq3jdqp7cqs6yuj7mlvw,0
did:plc:e5mefmvuxol2fw5qfxukdwcf,0
did:plc:l6rio3dgkqziku7kbbxjetvl,2
did:plc:z72gj6vmvwe3ekheyepwal6n,0
did:plc:avcdm6muawrdwnuixuq2j7hj,6
did:plc:6z6kzy2un7dsd4h5yyeh4idq,0
did:plc:soseiqnhalxgznsh3hnug5np,7
did:plc:uip6aeiwmmgcjke35l4tf3eq,4
did:plc:d6sylbcrbwoaba53fpaq3ana,4
did:plc:tps4huqu7ein5abra5gehhxg,1
did:plc:iyzrktbudtyjab5l6h47fzav,1
did:plc:g6ghb6zw5o5tbkx24fwj3yp6,1
did:plc:4kstk4nflajzg6l3oyyd5fzz,1
did:plc:7s6ncqsu3zi3j4ju5yda2nmb,1
did:plc:zvl5hg74ophhey7rgmnxilfy,1
did:plc:krasvmc7w77n6mjdywzshj5g,1
did:plc:jis2hcv6szncwceiwio5ivp5,1
did:plc:l45caiq5j7dhbju7hhosioln,1
did:plc:2ux7hqd33c3tblkei4hpkmtk,1
did:plc:5ael6ezkebstd664r7gsmovm,1
did:plc:jhmovhhcqfs2v5quilnrgs5m,1
did:plc:2wc6qpaf4cqcvyxljo5hizeg,0
did:plc:3igbpmaza7tmslbwkpbbtvvm,0
did:plc:tnssulrwcix2jqx3ztua6vnk,0
did:plc:jhwaz6axlxy3wik7dgec7fj4,5
did:plc:xk2q4pxuvevvqepjwial66yk,5
did:plc:7bnefnl2bmu54ewg3czyhtq2,4
did:plc:7efcgpjzpmlyjztobimhguwb,0
did:plc:bfbwuaiwhlwkompmr2xlv33p,0
did:plc:67vv4a35nhirbemmhmaefe4r,0
did:plc:p73fjep62lk56debqbvpvc5s,0
did:plc:iprjedgurakd3nrxwnx4gwzr,0
did:plc:qg7b7c6snlyq6z32occlgqib,0
did:plc:ujumgie6uhubify6k2l72zm7,0
did:plc:osddm5rvhyt4ovoaaiabacmw,0
did:plc:2jpapu66n6rs3gobof7xqgpn,0
did:plc:awqyd2wzuneb3jeudnfcfbsm,0
did:plc:vbtavtrgtpuavkdv373lskos,0
did:plc:qpnsopvnuv4py7swtqhha3ri,0
did:plc:fc7x67pdg7xwdufmxo4naa2i,0
did:plc:2y6synlz56h7dionpn252d3r,7
did:plc:c7u2jjcpumcdxcnugft7ubz2,4
did:plc:btyaewazhcpifz47kkuzz7ij,4
did:plc:ajkinlhe2ywqyyijqxcno7vr,4
did:plc:r7hvwnrodv2rmmda7vzflf7s,4
did:plc:zpbi7pulp7rboohtmekky2fd,4
did:plc:wg23oua6hjqozzvgpbuxowns,4
did:plc:kdx62oowhgkmebnwswk4ppfm,6
did:plc:sia37u22pue4bp3mspgskupj,3
did:plc:a5gwcc3if5jwionz7myif5nq,7
did:plc:joxwc4r4tv67aqlkku5pykdj,7
did:plc:7z7vjaco2rsh5yepqnycw7z6,7
did:plc:cyid2hjhdu6buqnuqb2pbxzk,8
did:plc:wmb5hsakgbsmawxckmn2opxd,8
did:plc:mgyugr4tzzidm5ghyazb5q2t,0
did:plc:m44yneg4tnq7citwazieqf6v,6
did:plc:5oq3frmbh3vkyiffi4twoxqi,5
did:plc:2c5zopsagtq6yzo722eelehj,5
did:plc:iua64e4elczw5qklgsegptwz,4
did:plc:e6zu3jbb4eipjncfm2lnjdqz,2
did:plc:3swmij2eqae5feihgktph6f2,2
did:plc:tppw2satbcuievd7mlhh3xt3,2
did:plc:rj4eesabepjdqoldraoci56v,7
did:plc:ih7r4klpbpc7tkczg53h3eui,4
did:plc:ujqxt7m7skftpxrqlpbesafu,4
did:plc:fzu6cqfvkc5rwzdcbsda3lda,0
did:plc:wuxa6plpg7flmekbbud4gjq6,0
did:plc:a3zcyk66yte7hom52xiw3ruo,0
did:plc:5clx3o3vz4xbaq6ecfq7nwtr,4
did:plc:6inf55jlo3n34j4v2sfmdhn2,1
did:plc:unixnmsm5zyuwmekvwvyyptz,4
did:plc:xkvlnuljvuma5bg6paf3c4j6,4
did:plc:js7myy53ydldw6fbkefpxm4y,4
did:plc:nwrzedqqic4dpmrs5ngqg66r,4
did:plc:dgwp34qsspnso6iqn2b3ocxm,4
did:plc:bm56iee4tm77oc5fyhyemnwl,3
did:plc:ydvdt7lhgddfbztsyac7ddbc,3
did:plc:3kqlctegc3ed3pxq4hgtabk2,3
did:plc:ryhfd6z7bn2qxyfz73jcjoov,2
did:plc:mko7thiypt444i2ujp7yjag2,2
did:plc:q3eccbzlpip4tzahrqolclti,2
did:plc:4paaaii7pzfb5sqnnqgdxisn,5
did:plc:trqx7bm2jwkvtdmiahiusq7d,2
did:plc:hvl7h3i6mol44qf3lmzpnhzv,0
did:plc:p7vn37uikcf4uaa2gxq3rpii,0
did:plc:xtqdiiytr462hsikt35evcdn,0
did:plc:wn7ef7qsiacifsnep4c2smaz,0
did:plc:iiaxbz6ba4ms6ngnif6d3hvl,0
did:plc:hkfcfrubm53psdmcr6wtwfnf,7
did:plc:2k325yws7vvvwn5oht3eab2d,7
did:plc:75xouggk7gladpv4tkd5dvle,0
did:plc:7yuxjl6yqtocel75porlqy4n,0
did:plc:vvzimv2hw2ilohh3ogjryptc,0
did:plc:db5lja5s6jaidbc3yyaqivtf,0
did:plc:hcya42ebkdi4tsy36rszsh3b,0
did:plc:jwqizphb3nc6nmasnfzcal3w,0
did:plc:kynmr54exlgbnorlgdmoiyt6,0
did:plc:z4cp6m4qrukvkmtulrbueo2t,0
did:plc:gs5z3ajxnzg72qf3m4ckklpw,0
did:plc:s3rtowa4wxosbx7cz4m3ml45,0
did:plc:zmwnhrcu4fqs75bnpzsjtsp3,0
did:plc:5mhopog2dam4jqqcsad4erlk,0
did:plc:eeruykplbdomiqndtykce6hu,1
did:plc:l4opwz3y2ecujd6qp54e5vdz,0
did:plc:2mlkdmbyrdjh4ctewyoq4zw6,0
did:plc:wccyi5vfsgq2u4iltvkzi2ee,0
did:plc:nqpee4vara243ydyzbjjrrwk,4
did:plc:3wy4pjm2i2fux2sfpfxlgxxx,1
did:plc:t7rknj36yvobfwo7zawiiivz,4
did:plc:swc44sgsj5whmgfbqcswjiwl,7
did:plc:7fpyiwt2s5tsmnccl6ugknh6,7
did:plc:ljh2tp7sccgpyhg6kj3hxu3s,7
did:plc:2o7mm66omugo4rcva7kavh2o,7
did:plc:37f553dya44psudmj3yr5kot,4
did:plc:i7xnmt5qdkpac7dfccc4lpqx,0
did:plc:wwlptyqfcbizlzuhykpx5dld,0
did:plc:qcuf67d7lgezppubpc3wp2nf,0
did:plc:idznwqliy5y4sbcgs7xn5fdt,0
did:plc:bsowzwno3lqdhdxhu623vvp4,2
did:plc:k2gticeump4gnw7uxynb2trm,2
did:plc:aggtuv3ccdqp2jwvnuspscmg,4
did:plc:ckobcasu2sqfywsbdnt3wdlz,3
did:plc:wlm2fh3363iy4p7tltz6wr4c,7
did:plc:mhlu5wuqj3anfpqs3oydo625,0
did:plc:gywgi4m62ap5vo3cb2ywxqbn,0
did:plc:ur6j4myfwwhwpwejsvg6hyr7,0
did:plc:4krvgqvmt3prmayr2oel6mw6,1
did:plc:kvc6wl4yqci2udz7w4cayiof,5
did:plc:tra2wkamfdpzb2viuuaxbtm5,6
did:plc:ps7q5rcstywhrkeqipfswtqb,5
did:plc:3tu66itgzafnprzprxy3lv2e,2
did:plc:2uhwxye6yqxrbj2dxe4zyssd,2
did:plc:yeh5o24hsynzjbswdqqub3jv,5
did:plc:jnpaytcclzhyzidd6nzfe3fj,2
did:plc:yegulkolc7vgnqpf7btgql7r,0
did:plc:axgjumjs6zantnm5r7b6yfdw,0
did:plc:xdkjg7ht3mxvgkdqwxceai7a,1
did:plc:44hdtg6h2jeig5w353veevti,1
did:plc:sbaae77s6vfc5y6ukbus4dao,1
did:plc:bniqymbcxbqntoxdwy6qwfkw,1
did:plc:fjilhu2jnkvtdr7b775ddboi,1
did:plc:hzv2ia4x65yuwncurqvwm4sp,3
did:plc:wtqmpnwqmklzh5nz5khlu565,3
did:plc:gt6ue2cf5eycegxsm4f6h4ej,0
did:plc:dbtzdxvbxymmiedaz5pb2xbe,3
did:plc:2drsuw4umfdu3qgwnk74mxbb,3
did:plc:4bdbf5g5bujtaog3c5sps4ct,2
did:plc:djhbv3ej5ztboxwsuezwpaut,2
did:plc:u5cxk6a76ar6przw235gwyyt,3
did:plc:wt6edce2mdoxdmybpfp54qle,0
did:plc:unykbeblkakwsnsbklbtzl2p,6
did:plc:iem33eexqdfuaypvqejdondf,0
did:plc:rmf6ertk7ed27wcjzezfgljz,6
did:plc:enuhpdmm4wx3efwfgqqm2jcn,5
did:plc:rq6ob6ur3onxclu7ct7omqex,0
did:plc:lrg2geep544ad2cd4bobqqe7,2
did:plc:fkw2kjxvk2cvw5jzv7heclbh,0
did:plc:3ipxnwplglzq6sl3q5tsewx5,8
did:plc:mhcugf52g3oan3lzqlpgckhv,2
did:plc:q2xjiybdsjkzl3dkpwt5yvig,0
did:plc:oyzpyiktnvlatyntmvchbr4n,0
did:plc:va5n5fh2o6aiiwobwqk57ke5,2
did:plc:zi3hpsv5jhsm6ttsnmnpirk3,3
did:plc:k5mjr6i7vhanrvs4hvpyotex,0
did:plc:ul2nzxle7ts3mcyacpbelrd2,0
did:plc:g4bdmreeugp7cr2uns7n6mis,3
did:plc:trdp77zejyob5q4t62tworkk,0
did:plc:cdfnzjilpqtojvbqbnhgvzzk,0
did:plc:coovumagszz5runth56lr7up,0
did:plc:7y2iugfwrhgcu5uxhpmjqjge,1
did:plc:zwzbqmqi6runsc7lblpyfzsc,0
did:plc:ctthwnygu56wjtr35ewos5ex,0
did:plc:beb6d2leyjkfu3roodax4gmq,0
did:plc:4bxnncjdx6jzmfyhb5cmcxwu,0
did:plc:cpi5l5idquo2oz6arffutbvq,0
did:plc:ftokhxmjubwwv5nkc3wwfyl3,8
did:plc:thbwbkyt5aaa4upcbnupc3dq,4
did:plc:gn2gr6qxzgltdykqquyqw74a,0
did:plc:t6qovkxxocccafidentg2iax,0
did:plc:phxr5yfcpkue2e7tlr3e4xye,1
did:plc:lyrlqx75ca7mtuyjcc3arff4,3
did:plc:itpqhvput6vb7axkgzvi2jpg,2
did:plc:uzuu4547r2kfidhe5ygatpq5,1
did:plc:avzynkssamnk4nmxe46x6v4w,7
did:plc:3gqq7qbhg6a6qlmsx6ewuph7,0
did:plc:7qdlogbxpz7y346o7fgbn2li,0
did:plc:26i4kjgqqv7xmwegnofi4efn,4
did:plc:xdho4m4i3fzaaqyuahrhxbip,0
did:plc:em6tayxozjc5cl2o442wv3mj,6
did:plc:6xh6ojttvueivoqfkzehmedf,3
did:plc:unsn3gcq66yleeronihnfz7t,3
did:plc:37okxnycz5vpkukkvp6wvsaq,0
did:plc:4cnk53yyl3g5viamtzfpv3nd,0
did:plc:ifreprt6625g2ypczyy3axbx,0
did:plc:dbi2z2p4b7jyrwhjpct2qsui,0
did:plc:ey6cho2kt5xkriulhnce4f2p,0
did:plc:gyfjqsu6cr4lptbazqocyjj5,2
did:plc:uemgqj35kjb74dgscn4lbvp4,0
did:plc:ol37nwirxnzfea3q3kkd4bw3,2
did:plc:hdmzlywslw3dml3ctlj4zkn2,1
did:plc:irtzzjamietwtaitdmvr2hfa,1
did:plc:vhqmse7tant53awa4dga3wqa,1
did:plc:bh3htdjdl4webacficedefyz,5
did:plc:2hwtb2l6ad3tgi3vs2dtyduq,5
did:plc:lqqziazfi7ipxd5snxaboq5c,0
did:plc:z6vbdmkpux3curscssgvucau,0
did:plc:ro2rzthydbwoynpscp4iq57i,0
did:plc:5bchsyugfehtzxthhlrwjk7t,0
did:plc:2cadvbwpkxtuvmv2gpy5laml,0
did:plc:p7dqiozhfrjraelky2y5e2ag,0
did:plc:yl2tdqi6pwqwihzlatyozlg4,0
did:plc:4gddredbssbqynm2wmsmidrd,0
did:plc:fimcxfm2x3ik3dpbzsjmy57j,2
did:plc:5lyrol4fdf5k3p4owzb5vfs5,0
did:plc:7rhwyjoj5mindztidtvlckp7,6
did:plc:ku2t4dwgl44gh2cgyo4jypbt,3
did:plc:cndnbw3tadp6ecmnnkidh7kh,6
did:plc:nbuyi5ejmv27wlsohw6n4cyy,0
did:plc:6ijds2dawia4nuezrf7jy5j5,0
did:plc:aoz3qurvl6qk3zbb7a5x4lp3,2
did:plc:4dcmxujamxfshgfy7hhonjxl,0
did:plc:ouxqdky6ba67jv22jv22k74p,0
did:plc:rfn4yzkaxmsbsrfp5rlcloo4,5
did:plc:kx2jueakk7rnql3pou2hwiqy,1
did:plc:62bf7o63z2pf6tyituvwogw7,6
did:plc:7sg4hst7vktmhpyymzc77zls,0
did:plc:w3cy3pkkdl3rxjzpltvzdnjt,7
did:plc:fmbggtwyu4xbjuzrssijtng2,2
did:plc:tec2sq77mrjuai2yuxws7y3e,0
did:plc:m6yt4xijpr2emy3ezvnkpu7o,0
did:plc:qeniyzdikzmufq4zrvkl3uwx,0
did:plc:h4iaki2aj2ehpb2my7qo2sbf,6
did:plc:4ruu75d6ufmu66uobrhvfcw7,3
did:plc:wkdr6tjo4vkodtkorco5ta7g,3
did:plc:ngvmsbfcyqxim55nvwfvsldx,3
did:plc:gnw7ix3zta557wirobh3irln,3
did:plc:cdnepjkrejnyplml3e2yekxx,1
did:plc:hzsxn6uknsutka5hu7rbql36,1
did:plc:ewdtwqgzlx3vvx7gibvcg5zo,1
did:plc:gmpt2ufsxke562qltithnlwc,4
did:plc:cm6rmgd7drx7zqx7haj4yw4l,7
did:plc:5nw4c4t5krnjqmj2grlvki3o,4
did:plc:mjox72lu5sy7gcy6rte4odla,6
did:plc:sbokklekoegacd563nuezvoe,2
did:plc:vpc6msmpppbvlcvdrzrqyrze,6
did:plc:42wkpzycvrjhuurv5o4rpv5t,6
did:plc:zw7s4pe6a5hnauqlvs72ehd5,6
did:plc:z2qwlt75n3hoyn5r5gt4l6rj,6
did:plc:u5wf2ewjfa4fmaa52y4eqodz,6
did:plc:5rpsulasmhge5rafxuirl4p6,6
did:plc:3r4tdlv3ihwc6rmjok5hvyfu,6
did:plc:n7d34mrmgjd4lxec5rz6f3xk,6
did:plc:5tzqbzyaiy5tnihndbw5lhm7,6
did:plc:6n63wmnam6j2bv6wajkopeor,6
did:plc:thhev7hkglz4w4f7ytlevkqs,6
did:plc:imsdqmeviorqgqfqptrat4js,6
did:plc:tqr232ola3zltoi2o3laag5w,2
did:plc:56svkkobhbsvpp2wosedjx3g,5
did:plc:ziiypmgwxcpdot7loy7dinqn,6
did:plc:zkk2sndvotlmgtgb6gqqfcnp,5
did:plc:6iclal4dl656mhnbdsoggrst,2
did:plc:p3rtgnasxaqqnnnmzhuxmq7u,2
did:plc:zbxvirg4y5qzoqkxsztidrmd,0
did:plc:amvdhoci5k5iggp5q4ovjwul,0
did:plc:4tlapnkajdlhl4soou34ufms,7
did:plc:2wekzhnquupg3ddqdjreyop2,7
did:plc:2axcs3p4aq3amklagbyzrldt,7
did:plc:zd44modkxinueilnsbwivz5w,7
did:plc:zgkn7ur24rz4tylofkmlbltv,7
did:plc:napg3wx4hjjrmzzhuz6i4kpv,7
did:plc:hnk7qssitjuey4mureenjnb7,7
did:plc:7rpsq53tsj2q5ezefwgwazqy,7
did:plc:hdisxuvsw2lrywfgiujl2wkf,7
did:plc:pleq3uly7ugm5o7wrgyixhbg,4
did:plc:aaivhxq4lyl6z4ihe7lv6mlv,5
did:plc:giacpvcstwwynvst6rrcm5zd,1
did:plc:gs5zefv7ncz44kjlymcpxhhh,1
did:plc:dysqq5kvdcljxs3kieormfns,6
did:plc:jm7p4kg7r7clsga3petasghz,2
did:plc:vztshuzbcg7gj2sozkq5huw3,2
did:plc:abatihbkmw2htx2aodnu6rbe,6
did:plc:naec3eteahyc3jcio5psnp3x,2
did:plc:n4e5fq6pc5ikcibo4ejgmlsm,5
did:plc:2k3llc5iw4zhuscv2ev7g6jd,3
did:plc:3aclsdv4zb5hp6uvwp2aytow,2
did:plc:yiceh67zwyqa26jweykdokl3,2
did:plc:lwxejz33t7fyd2bd5r25yzrr,2
did:plc:2tgwx5zumui7ygbqdasxejmh,2
did:plc:yhgtglmqqmosp2qwj3hx6ab6,2
did:plc:gb6reav7gfkyrntvlxzbayg7,2
did:plc:t7zuqso6lxw5luyr36cbqb25,3
did:plc:gjame67ydi6skflncpcztwet,0
did:plc:2vnykznsvfyp4thmvonpfd73,0
did:plc:tochch6ixfywmi6mgnen7qea,0
did:plc:6afyn34w5ciccdyiqv7yw7va,0
did:plc:gjp7jzae4gdkya6d2vbiaqjk,0
did:plc:53gijozdra4nfiq6qt2mpcty,0
did:plc:wsyvc2tculqjco2rni5p75n7,1
did:plc:jg4enczldxusi5ku55ac3apm,1
did:plc:hgvnn2d7urhp5yx3qq5qnuti,1
did:plc:xeb3mw2jtt6qgancvw4l4kds,3
did:plc:xtjb2sklu2z5bo2ieyammred,0
did:plc:ktk2ghorqztqw3mzg5s6tu3c,0
did:plc:cg6z3znvv62umvp7gv4exjcf,5
did:plc:gojrzdcbpcwgrtriyvz2deoa,5
did:plc:5irxur4zkwnfajmz3buqtddd,7
did:plc:udqxu7kssgqk4e5lbryfeesm,3
did:plc:x4rio7r7yg5gobfo45anaoeg,6
did:plc:z3qkfluuo55xids2fb6ewcfg,6
did:plc:fhlriqtrkll7ljdxp6fnxrzf,0
did:plc:itsymdisvokctsredobgv6hu,2
did:plc:6w4zxv5spdnkjkhyg375gbiu,0
did:plc:mqrhlbcnaotggvy75zfrb5iu,0
did:plc:u36plo3fcn2yb64cmdseuzvj,0
did:plc:tfq5tnyc2rrgylwdlaznzp5j,7
did:plc:lxjwwwk3h532utxjw5saluec,2
did:plc:gc2peqxrd3ki7di7zcdtsiy6,2
did:plc:k3bz7ze3bmatswzpkkkw32kk,4
did:plc:qwskdfuq4zjx3qrcrohajytb,5
did:plc:byqjaaskpw7swzrvgurlnxfm,7
did:plc:2wgyai4lswiambitxsyzwuxz,7
did:plc:k4c6t54qnwzed6aomokqtphd,7
did:plc:w7p772kr7exz3rt3pnjce7rt,7
did:plc:olre4kllzqax3olqfmwpfmcm,7
did:plc:ydosf44jjuesmbsvotq5hl7t,7
did:plc:5bixl6wbow5g7xa33ciz5it2,7
did:plc:cprsdkkdmncshu334qfbqv2v,7
did:plc:3idpcx7xucu3cwvdsoydc3ct,7
did:plc:rrypccrjxfpd7meit3okh5ee,5
did:plc:xepoixtj7di3klbhmfh36xge,3
did:plc:57o53dcmxarj3taiwko4itfk,3
did:plc:swpzae7krmrgab5vbzrrfkyx,2
did:plc:sz66wlq42izhn4l5hwlzr7uq,1
did:plc:vj2b3j6n5p2mmc334xxriomc,2
did:plc:5fy6feru4kqx4ywaksiwnho3,0
did:plc:6uykmr7nlo2ycgbvl5stiwfc,0
did:plc:hgk3ju2pbgb3aslrdf7mpnjd,0
did:plc:f3ph3ymzcnhpchwqiu4u37g2,0
did:plc:r7ydy47dplidzyg3fe5o3bxn,0
did:plc:75pekwwre2xmvfb7dsszbfx3,4
did:plc:646sfbqv6sws674zxo3baxdp,0
did:plc:mmteo4mg2mk4uumlckyh74pu,3
did:plc:74cmul35v37lcb7pdv32bd2h,5
did:plc:4qlvhurlw2i4ytffa3tkqyzo,6
did:plc:zux4ovbrxorsjjnxjj5w52o4,4
did:plc:mvbaqjgpjlgwlstpye5hlmka,4
did:plc:yjmdwivd32abmrt5xm65k2qj,4
did:plc:dpuoaoqmz6wr6vt7lo2zhxnj,4
did:plc:2qwhzvd3nsbtw4qaz7eokolm,4
did:plc:puy6datcbz5x6azmz43lzmld,4
did:plc:tacvtcgpmdu67swinrv5rnds,0
did:plc:s2fcnpj6gb27buc3gebuqvbe,0
did:plc:s6npjve6bqybtsqtplalnttt,0
did:plc:w3c2orsc2ojj4yq5sj5eomk6,0
did:plc:n6h4dfhou7mfnqddgjcekchf,0
did:plc:t32kfzki4olw53cp7nsbcsnz,0
did:plc:lzoyx6qsojsjmfukt6fnf7ep,3
did:plc:x7nrknxvugd5go7irec3o3lm,3
did:plc:6ozp4wnjmbbpxeo6kry2zzbn,0
did:plc:oezepeotvao3p2ndeoabhpna,7
did:plc:ukpveskux3wtwkbz3xv6vedt,7
did:plc:7zcasedwtiak6uy2rvx24icf,2
did:plc:673qqgcsegmdezjvhlntflv4,2
did:plc:kflgjxddcrldwmuor6iocfl4,2
did:plc:mwe7556pnchyznh3fqiftht5,7
did:plc:6fogub5duio5wq7t6fy5zmur,7
did:plc:wazvv3e5duiaprtbawwvmwv2,7
did:plc:ww6ukdreftyp2asula2trkvg,7
did:plc:7rmdmyldp53tlt52ljyayjuv,7
did:plc:u7aicgp7vqd34xdz62d3hlwy,6
did:plc:c2cclnvkfg4m3vqkcydzy7sk,7
did:plc:tia4ykk7gfq5tjqvbxthwtwn,2
did:plc:gkqsj3bwomm6ceb2f72a3v53,2
did:plc:w45ii5cns7lprton24k7epso,3
did:plc:6xeadxy7lcfcxlgus3aobio3,3
did:plc:4utlcjdacatzlfrytcfscyys,3
did:plc:sklxswej2mw6ix7fdrqprnpz,3
did:plc:hkobhpkkdshxj5mwnbdauhzj,3
did:plc:rjyoylvdbjlw6u4jvejqbn2p,3
did:plc:2ftilqid3jjblsdibmdnp2lk,3
did:plc:s2ksm2roxeiadu57gjilovib,3
did:plc:jxhiqfmm7ifdsquc5xwftcou,3
did:plc:jmnovmihsoluzkde6eu4wlim,0
did:plc:byjhbgcjom3snyyynajzctnn,6
did:plc:zpqvqhzlbfe5u7dsxal352os,0
did:plc:hdpldzh5y5qnnfsilm2yso56,0
did:plc:53rcyfn7qdyq3p2psxsreob4,0
did:plc:ewll7b67d2yy3nwbn7uzsad4,6
did:plc:6ud5t4jhizg3v7vsdzkjaxh5,3
did:plc:vic7ratado3gikvqqk7ba43j,0
did:plc:2b4sqxtoeivilascrlneh2fm,4
did:plc:3bbc4l25sdiaxh5izrqzo6go,2
did:plc:abbuxgvlb3mic47n3vdbnvhb,2
did:plc:7exlgyett5abp72zskoptayn,2
did:plc:usk3mmvo6fcjivtw3ojpjc6g,7
did:plc:7bfk3qhk2jkk7kphnh7iwhbn,7
did:plc:aol53wyajcrunakzavswzg2t,7
did:plc:wra5dm3zwnwqgh5ccpgvf6ol,4
did:plc:ivpttpqurtdvy4s2cmctpeg3,3
did:plc:izklyqlv6nbjtgsrf4f3wcwu,5
did:plc:nk5aoheyeari5c4yonftanoy,4
did:plc:2pny7p6z6rekkmrzmze5tubz,2
did:plc:ktkvd2ryntypalq3th6dvvn2,4
did:plc:vnt7btojmz25xmvdufqhkgic,4
did:plc:cw7gw4mwxollbr62ie2iukcz,2
did:plc:zgnwqmexbavhjly2h2bahuhx,5
did:plc:qca37b2trfandj2l2etjloka,5
did:plc:ang4mwoclxzax2m5s2av6l6f,6
did:plc:7uvngdvgyktk6pt56o2jnke6,1
did:plc:jzmheb6tqbecmyomsiaf3poa,6
did:plc:p4suvaj4olnn2d5azj2wcfbn,3
did:plc:53re2pttkpck4fupav4po5lc,0
did:plc:amw2ogszu6cbmct7pi5lzuil,0
did:plc:es65s6vwsjtgzl5yl3ihf5c4,6
did:plc:zr2m5ett4fx45og6hkgz4qj7,0
did:plc:7v5lg6ph4emjoknyti5mz55u,0
did:plc:jgl6deufcpz2guxwgsqvvuzz,0
did:plc:c3hzcprp4t3v6ccfxbmzsjtm,0
did:plc:cjf47ua7xlerxywmz7tdpg35,2
did:plc:regwvn32huy44ps4gwqjtggp,0
did:plc:dfrjdbso5vyihhdlir2w7tvy,0
did:plc:5r4ahdntt3isngts5nsbqbgy,0
did:plc:ht3ivboxxhvo4uaq5n6yzuor,2
did:plc:lelwomvzwyjzmmbep3histjf,2
did:plc:jay47ebkxuzrd3on7nxno5nk,2
did:plc:l6fje6waosup4tiqq2bmliqx,2
did:plc:jafka64sbge5zdu4m6hucmwb,0
did:plc:xzfjols7fkypgckzwhccmzi2,2
did:plc:qxwfkdi52rug6wwenfbqg6vc,2
did:plc:4zlea2wc3xadbf6bn6kxg7fz,2
did:plc:ou5bbj4tolayf4ocoduxiswn,2
did:plc:3ybib2qszxhdubhns77zknvx,2
did:plc:7rt3z3dmwbwztcpnsnnqlwal,2
did:plc:hvjntzykmcxwvrgmdztgu7oz,2
did:plc:skchmabhg3vh3rzb5evjhqvw,2
did:plc:jwda6f2t6jspmrmsgvzofn5s,2
did:plc:7rd3t45wuetrlafsjxjtwhcn,0
did:plc:bkzhjyreq7b2mhhbi4vgka5p,0
did:plc:uhahtxlehvxrfc6bx53uytmk,2
did:plc:qzww7wy7h52hjk7qibsovpyh,2
did:plc:rta5zx6zboaiik3zwcedahfc,2
did:plc:jtqew5uilrzc2zzt374trqjv,2
did:plc:65rxcptafextslhlomhs6coq,0
did:plc:iskborimwel54dzeilz6kjse,2
did:plc:6gqddydqgqok4uf7ptuuxlbw,0
did:plc:i6li4qte4btyq5gekbmcuua7,1
did:plc:l24nwpxjganbalr7gllhinfp,2
did:plc:kdmlk2m4brhx2blqhc265lhg,0
did:plc:ipnzyxcqxvd4v7ns4alh3ijg,3
did:plc:dtxrwenx5gwkuga3otl4dyyg,2
did:plc:kxi2dunzlodtlvy55quqcu3p,2
did:plc:7ma4tnwbeqgpztxnb7f3ok5w,0
did:plc:iyr77unnwjarz3av7kx5nj3m,0
did:plc:t5uelu6i4zoo4a2nfivjfdtw,2
did:plc:ud7oacr7w42tv5okjhz2kewe,2
did:plc:dx4npmzpihtzronf6iii5yrb,1
did:plc:fyvoj6rhu7rr2xve7z4bdijg,1
did:plc:2a5bqnuxmdvj5p5fklpo7mn4,5
did:plc:lwn3qg2cuhqxodqhqwr5msjb,2
did:plc:ad43f6vdgszdvguyeqxlh6bp,2
did:plc:tljschymrk2ciyfg3z4ygczg,2
did:plc:lwdtg7cw5uzwzuwzvhp6h7o7,2
did:plc:3y74z2d3ls7ixs66vpt5pqp6,0
did:plc:ntou4hgvebzvzmgaxqqnwrli,2
did:plc:fwpmowpyiy2dcwcmbzwjjkay,0
did:plc:r72cpjz4k4qsanizgx5h5wxc,7
did:plc:d6gj65nyyxkuatu6l55xsemo,0
did:plc:di2cw7y6w55xwnboeec6j37r,1
did:plc:7qm7oici52y7hhnvqyfjjgjh,0
did:plc:555hg7bwbfqakx6hkftda5u5,1
did:plc:gyxyd2qyyzguvqyfcpzyep4s,3
did:plc:6u6cdkkgjkszuw5wwhsntkkh,2
did:plc:fcweace27zuqx7z6ulfp2k43,2
did:plc:lqvrctddp4t2girt4czolof3,5
did:plc:5ucf6xg77q2iny3scgiszyxo,0
did:plc:jz7jtjj2lpr3fmffweunyt3h,6
did:plc:q25yoztycmp3tj33oga7xvqa,0
did:plc:k24sgdz4zwwcmjaz2ypjnutg,2
did:plc:gzhgvuph35mt3yur6cjdcroe,2
did:plc:bvrmlmeapywb2x7s4atgl7zz,7
did:plc:xztkkxsgiqbppd3vpezvebfj,7
did:plc:gismu34wz3nnjptstbqum3nn,4
did:plc:6k7pcicbmih3auvdhw2pzvxv,3
did:plc:oxoclxgmci5zxyfm23auggqh,8
did:plc:xo63tycvrisojebsuetizihr,8
did:plc:3s6ucaofm5dndpswfsvoraip,8
did:plc:wdet4fprsvpkmpzbrl3ons7l,5
did:plc:amdfhvmw3rn66qcvgkiu24tv,0
did:plc:jpsodmf5vie5xfgwgn4yblqv,2
did:plc:lzkgaruihlaqr2h3cfz5sups,5
did:plc:w2u6l62rygf7p423pklodoiv,5
did:plc:u7j3sjgdxohkjuznxuxz77pf,4
did:plc:glkfoveukomw7zz3o7btjwaj,2
did:plc:nmu3lu6msnmu5d7bnz4vqthm,2
did:plc:kje5jscb2gzm4r3pb5g46ewk,2
did:plc:34evn7jgrumqmwl3sztawvmz,2
did:plc:nv5oeyb6wfhvqdjniea2mvsu,2
did:plc:v2oyprlgivfjvatijogoarbf,5
did:plc:2qgay55m4n5ruhgv2k5ko3b5,2
did:plc:d4j2jmeg3m2l2pq47dkbwxdd,0
did:plc:ast5j7iu2ytrx2qzy674yng7,2
did:plc:zh2qferxvxrh4xe4he7mfkx5,7
did:plc:grhl2vlkkau3hx42sycvpwqs,2
did:plc:znfe4qgv24doomr4kgcokrxs,2
did:plc:xterhbdmja55sp3vclnl2ynn,2
did:plc:tfvrirfj54jjs423joqrarmq,1
did:plc:yxyfavmfqh6gg2m6kf73f5bh,7
did:plc:kt47dncydocddvcwpsh4lwje,6
did:plc:o6xskawpprpkrdcg6lw5ptuz,7
did:plc:3zdblhj4bajmzgieomhupnyk,6
did:plc:iwdnrndcjeynb5jsmpgp6uep,2
did:plc:ptuxjbhxwjenj3fmi5r2nvvs,6
did:plc:5dki7jxv6z3il2trwlihzhp5,5
did:plc:e6uau7ojfhohm5jst6aat4sh,2
did:plc:bqingspvozqecmmmbyfbjrcx,2
did:plc:fs2rdhtl25cmficft4uefbvv,3
did:plc:6rqvvuo7ketnhzeujoocxktz,2
did:plc:y5ktzwsfjz6qg6e22ef5br6d,2
did:plc:27zryssnabertbvax77g5mye,5
did:plc:tz6xr6crupvjb3vxjktbbjz5,2
did:plc:sh24rg5ozqex3vxj6vs7ppv6,2
did:plc:m7gr3pzebpxzlg4mqszyivts,2
did:plc:u5pfupkalu3w6f4ybiqena3t,3
did:plc:hruj4p6ezpulr4sqgnzek5fb,6
did:plc:c4dcgkv4hcy3g6dgp4tgez3q,6
did:plc:bpdawr3co2gs3xppbcqsvft3,3
did:plc:33jpzsmijnuqfxbrkxspr5yy,2
did:plc:fv76vbheklbqsdyhqwrywnsk,1
did:plc:u4cthtbwzvojohnlzdezl6zd,3
did:plc:gsk6mgeuije3ovqsugn7yim4,5
did:plc:luup74eluubpvoq7e72vm37w,0
did:plc:5lzeidnpaul3snuxgut7qizh,0
did:plc:wdo5qgnyoa5reqc3whqngffv,1
did:plc:royvdurxktmecponfbfftdye,1
did:plc:grq27aql7awxr3u3672kt2qa,7
did:plc:cczus5ocgdikbf3pradb2h62,0
did:plc:mt3b2ykwxiobera375jncnjo,0
did:plc:ukoynspnzsmw42q2iyj6bmw6,0
did:plc:regzjplmo5zlcqbakmadk7ny,0
did:plc:wqac5i5rjslnjl6vrmxssylo,0
did:plc:ldfedjylzimy2rsp4cs3eyxg,0
did:plc:3xk5v2yv7q47kqil7vdle355,0
did:plc:yxp3t6kpddfcmsyjrz2go6ao,1
did:plc:dfcfd4lmtte53of4crxfja63,0
did:plc:w4tj2hbljqlmkgbhhsninwro,0
did:plc:7rilfub6nbvvfgio3d74kmb4,0
did:plc:x4xlo36qdi474dmntej3yfte,1
did:plc:hge5vaum4b46i23pdodpzh4v,0
did:plc:iqqbx4khxhezruex2yr7j5ic,0
did:plc:4wqnt7c7i2vyeif6mp2uxebr,6
did:plc:kber7c5xhwah2ocxzuqpytg5,0
did:plc:z4w6xaqwayf365tf2zp7ukr7,0
did:plc:adjduus2x4sgm3f52dd6tv2s,0
did:plc:gxsxrrkrizbzrw34mvzbrcoe,0
did:plc:zj66cqwegvmww3teys7xixho,0
did:plc:43anovpbgh2outztxgchsj6d,1
did:plc:2vzlkx4zefhumqdq5xzdcyqq,4
did:plc:fnfz6bnah62bnro2gpkxtf34,6
did:plc:rkd7trl3yohod3m4kfcbkztk,3
did:plc:slngldjs5vgeoq3yiaucrsnq,2
did:plc:6usiwdbsmyrqiqjrc2ceiqv3,2
did:plc:uvsp7a665637haped7cwjn56,1
did:plc:pjhtlkv5z4up7hzas3gu3lwh,3
did:plc:prdrh53bnispaby7shd2wjy7,2
did:plc:p6wcntzgbrklrpy7efdoeqo2,5
did:plc:cgyznbxilo3xab2egevko3ek,1
did:plc:46bai3mkyxqv2k4spj4helhw,0
did:plc:3acgfs5twnuxoo3wb6etpuqw,0
did:plc:m42wepe7zyhv2icwyxvkpbas,0
did:plc:wazcoco2zob3ipmczvv5tvoq,7
did:plc:qedpgtf42fxv5tuiomy6tpeq,0
did:plc:q63cuo6puhpxkd2bf7sand2m,0
did:plc:opzbttfvb4xxn6s3yzw46vo4,8
did:plc:ziu667cl2mqklrfw2ssymxvw,8
did:plc:2zdpcxq3aavnvusof6nlseph,0
did:plc:i5zclwvbv6r3c36me5xo6fps,3
did:plc:yu3s4s5xh6okgg6gqz7tvejj,3
did:plc:45jtkopr2gwwwws2clgceezk,3
did:plc:mvwsb3und2plr6utiwjanebg,2
did:plc:f2ca74f6u4baxpicyq5edbbz,2
did:plc:rjsbw4sxl6w27whr727ryltl,0
did:plc:tl7mq373qoyrdlxmeyi7kc7j,3
did:plc:cdbiirotcy2mgzeiwym3u4n7,0
did:plc:3majdpaa75nio24cecl7iru2,0
did:plc:iz6o63rdhghelaqqyyn2w6wx,1
did:plc:lajkxnfodu2laat3pxt2fzv6,1
did:plc:ehm73oyhlny54hk6dxebfgvy,4
did:plc:sotzpm2kwfan2u32bdvdcxi4,0
did:plc:qrmqs7nwiu45g42cdpn37bjk,0
did:plc:ze3lpad6jjxjdgmu3g5obinp,0
did:plc:t66snzpmq7xodzn5bhde4sd2,0
did:plc:sk6vpz5msdblhlzsjxqm2qk3,0
did:plc:pvlmiikj37auzd367p2yfcig,0
did:plc:znqs6r4ode6z4clxboqy5ook,0
did:plc:nr2vwttjk2ud3qhdhkeyjxpc,0
did:plc:z5g4hqggg6gyhhp2jvlfjfj3,0
did:plc:3flxnfegeu5oyuyekhnlp2im,0
did:plc:qjpoxmgd3wer4mjc5j2mk72w,6
did:plc:yn2fbr47n6u4n26ru25jajn6,0
did:plc:z2k7dlejaetbhizxb3bgymsa,3
did:plc:qeaqef2dtn2maqv6z2ohrgmf,5
did:plc:6jdv4klsl6flpjpenkdfs5zj,3
did:plc:sbrgpw6cwkmvoimvt6y277zg,3
did:plc:x7vw2uqmjw3wybnqgdpenbqy,5
did:plc:5p2mevntacyolwahhq4bgqnx,6
did:plc:3xuf2djn3vxt5vpx4v7t4o2g,0
did:plc:x5zj5tocqtmwa7cjwb5votns,4
did:plc:7wtym7rvaulg5pvrswqukm3p,4
did:plc:2aeyklazrklipvpwejpigc6b,0
did:plc:i36d67jtumgqnm3o5x2cuxdc,5
did:plc:g6wnpwekiai24xp3jetx3hkh,6
did:plc:bh5r7boy5m3pn2kyvidxohlu,2
did:plc:vkviqyzp65yav4agnasrbt5j,2
did:plc:zawabufvvgury2px6zrqnj3p,2
did:plc:4o3qserdpjzat6ljamcnjrqg,3
did:plc:puk4p4sjvqmjpkohuy5mkhri,2
did:plc:pfd6r3lcfdjff3n5pbgoecsu,0
did:plc:5iefxvt5nkj2sjzbp46bdihu,0
did:plc:srfdd3uuidbdxqepqlcneyyk,0
did:plc:vr2ch56s54taq52eztk2gt2k,3
did:plc:pzy6afcj4qkukded3zy6v7mu,3
did:plc:s2kovj6vcid2fqkt2cnbkguf,2
did:plc:wgakx3hhdl3ktrilck3roo3y,7
did:plc:kxme6dvk2xwfenriqyadumod,7
did:plc:ppe7li6aqusu5finymnea2jy,0
did:plc:ffoxqdojmycixb2krxd27now,3
did:plc:h6mhheahmtoca7zwoea3uach,0
did:plc:c54ylgxtv2xnnoiu2smh4whn,6
did:plc:dxzlgrlcg4d5nraree23btwo,0
did:plc:r3cvylnptqokxdooctk7x4wv,2
did:plc:66a554mzqk4rqvzozlwuwj7r,0
did:plc:yby26srjd3highw25umbaxtk,7
did:plc:w5t6p7cfhn5hsj5od36z7dhg,4
did:plc:h5ckeoqktb2r7zc3g2zhdmuo,4
did:plc:ftj6vod22woznuhnmzhlt4bq,0
did:plc:vawqwhmvbiqucc4bq3bdvt6z,1
did:plc:vw7wjd76toxvlpd3rc2vlsny,3
did:plc:ri235thwyhdvoxf4cyhurgi7,0
did:plc:5xgoi7xh77srwxcqh3jkch2r,0
did:plc:luj3t2ykqt5p5gbxjh6ghzql,1
did:plc:pothmkpn2jya56rhgrcooiyl,7
did:plc:bylpjmzjt2ycx5lrcfvtd67w,0
did:plc:t47z5we5uhybvxnicr67g7qs,2
did:plc:6um3b73yfg53taadc6ji4dki,0
did:plc:eyp7npoz4aiz3mhk5phiklsy,4
did:plc:oqwfw6jyne2bdqvaxltxsh6v,5
did:plc:af5ddlenspvsfk27n7lwm2wp,5
did:plc:dwpcq4yneun7jhxas3gcazyr,2
did:plc:55a5tvgwtqwrehzsjq2f2pw3,3
did:plc:rseaqv6447dfqlxdguriunxe,4
did:plc:nlhwivj4p5oot26ifer427ik,6
did:plc:hzn62zgeah3uzasupdcmypht,0
did:plc:4xo2nkdkuwtqcm2c6tblq54y,7
did:plc:m7kojph2zzubghsy36gql5ek,7
did:plc:f57ea3moxu6d7x4xazi4uerh,1
did:plc:oh5aed7zb7svzz7sdcsuelvf,3
did:plc:va5xfhfzzgh7orltw7wjmtqt,2
did:plc:sq654537r7dmp5siejd3yd7f,2
did:plc:nijfddt4blfusp43nrfkkpvm,2
did:plc:gv75hfq77lpk6mz52pphj67w,2
did:plc:mrow4yui3dsnsywsjlkbmis5,5
did:plc:hy7lb235bxljdyfsxjizr7tx,2
did:plc:kwvgs6xhjzggpsoobc2pqbba,5
did:plc:n75ayp4gxu6jylsyry2no7bu,2
did:plc:7lhaozd5anonvef3gm5k74sq,2
did:plc:j4c6ayafwl5da7afd3a3gykj,2
did:plc:jmsfazxgscv42psixazvjutp,2
did:plc:3zyiqfwqkbllkb4okaonc3cy,2
did:plc:lj5mb7fid4jum4x63lgt6ljx,2
did:plc:wqiaoejpcprivhvm2xsjr7zx,3
did:plc:bljlvvdktmzevynpfk722xu2,5
did:plc:yjue5owmcrb2j6pnx4mygeds,2
did:plc:iqdeos5xapcts6edhb3tcbmj,8
did:plc:5voupykzqo5lzzlkamahbma3,7
did:plc:id7om2mydn257xr5iesvwttc,7
did:plc:y256tlvtavbflybegw7lmdus,5
did:plc:x3fsu4jaxdq52fhrwqtfkcul,5
did:plc:ktku7wq2noj43urqwqsdprj3,5
did:plc:gx3boqmtzqg2yagpn6gbqrv5,5
did:plc:bu3wvxpxhyqdgpmfca2aveu5,5
did:plc:3tdysasyvrrdzgxo5cfg3xjt,0
did:plc:byp5fysdlnipxammtzl52wsp,6
did:plc:4shq6e4pam2pf6banfageflq,3
did:plc:nesno6pvhrl3xdxyuyiagsir,5
did:plc:enz2mpdnreghntplx5g3yf56,4
did:plc:7lzsf6isdjxk2wdrhab5s3pd,5
did:plc:xst6w523y3pyjmoh6zer7jzz,4
did:plc:p35y36nwhmt35xuehoa2f5qb,0
did:plc:fa4j2w3big5ajbugbvfp663r,5
did:plc:mg42k4dscpjj3fnxkinlcnl7,6
did:plc:5n5rcqt6qxvn36on6xwjplg3,6
did:plc:awj3iojnyoyhefsm6rhjywr6,7
did:plc:pl4rppt2fk3u6c64dghfhbba,7
did:plc:parn3itetbgzqgabvkukpkx2,0
did:plc:6ts6deewobkdb6ixoqwzvva3,3
did:plc:2e2pkvv6z4scfpb4jplf462d,1
did:plc:egosuaawykkektqu2gbhgui3,6
did:plc:pivadeqw62gnpca3twbmzfax,7
did:plc:7452abyhsexlszngcnfxdrdy,7
did:plc:rioquha6tgxdfhnxmujwrhxt,0
did:plc:cpgdcmig2zq26kpmnqo2rlui,0
did:plc:5ikwss3kle7h5y7srjxzlvkc,4
did:plc:ni2zm5xj4mxucg4ylmyhumox,0
did:plc:gluwtvusvna3o4w6t5whxdkk,3
did:plc:nfdarwvm2jd6stvco3iisbgl,0
did:plc:fmug4zegnl7lf6ljp7aokpeh,5
did:plc:cj5vc774rrmnm2qvlnj7tm2k,4
did:plc:na2o4r2ko3676pixttv5mypa,4
did:plc:3uxvcja3c6b37rgml5efcaf5,0
did:plc:vy2qlpnjk72qe4lj3mxftgbf,0
did:plc:aecxbxyvliho5l7lupcpcidu,0
did:plc:jzimp543ykijkaioy2fxhthk,5
did:plc:s7uf2nuazdurcwhuw4jmfzqy,0
did:plc:g5xjpr537d5em7iufvtwxc3g,6
did:plc:dgkxgvosufff3zpbarrdhtdr,3
did:plc:lzhxcu76gqwf6bihflbbxvns,3
did:plc:gebskiz3xz2lgql4tkye343z,4
did:plc:qmrtvnw7oxgu6tr4gipjymcs,4
did:plc:vw62ve7hdlvmd67btqazt5un,0
did:plc:yif3yqgovir2dpjtmvjrhp23,2
did:plc:ofcnrybukn2qm2nkh2timx2v,2
did:plc:lalzffpgsxzljtsikwucr3sn,1
did:plc:mnq3zflqpylic7ci5aswomtw,0
did:plc:wej7ozjsru32x6gntp3ou4uo,0
did:plc:mqrmabsxild7l2tisks2frto,5
did:plc:dgdiyrfmrtbnd6tj2t25xpo3,2
did:plc:uo4gtr3k4gvzyodqtcvwwj2f,0
did:plc:g4pkgwkwbfo35ciyzfbjzbcc,0
did:plc:22dbqscxx5r44bz6mcjpktu7,2
did:plc:3xgvxeqhwdvvw5wxx63enl3b,2
did:plc:zart6e33a2ypagfhssqiknmx,2
did:plc:wysoeunq3e4neplpzvjpk7bx,2
did:plc:xtzp3pgcljlja3myan7ozdpo,6
did:plc:jdjhq2uvonempfqtqhve3a4e,0
did:plc:z2zucwyxgkil7ybmu2xlktls,2
did:plc:rlc6izjxdd3gjpx2hm5rzppx,1
did:plc:ovc6fxr5q6f3vclkgyvyom4j,8
did:plc:g6svevxfvwfiqqcxtbsjifwi,0
did:plc:b5mu37qr4tq4vizhn5tnghs3,4
did:plc:fak3bzx6jhwob657zngkr6uu,0
did:plc:bnsvqiubudlsg5ctundn3rxz,6
did:plc:nibz2hmytgh2wdplpqlbqx5s,0
did:plc:5fwrugdt5y2mtwaxcu64bmcw,0
did:plc:ccyviv6zxqyroas7vc37e5ck,0
did:plc:daccnltbt5et4qxgvoqabs7m,0
did:plc:c5oh4ulxs56v4kr3zfigpbxd,0
did:plc:earbh6cd6nqgfmg37zxeidts,0
did:plc:7jclixhohgczymrwrw4fhjbm,5
did:plc:a63oncuguagema7gpye4uznv,2
did:plc:4j6zhodospdvmounfpyswx64,0
did:plc:rhvvgefbpe4ls5u3rflsljr3,1
did:plc:opbyobrl3qiwecm3ppuvjees,4
did:plc:cvohvkqjrvovgnhyr62c3yuy,4
did:plc:zxbtzneywptne5p446wubuan,0
did:plc:xxrtywlrr5btkfljhnnrwqoz,0
did:plc:jeaw535ht52hipmuh26ehlfu,3
did:plc:qinidb7pwlicu2pmhuz2mndi,3
did:plc:nbzx6jp5wt5usk6yyhoxvkxh,4
did:plc:hjmqhrwlmi6zplcmsfoo62s5,0
did:plc:itdumawdyudky5ezlq6kuxcm,5
did:plc:464ihe2xvyftfuugelbcxn75,0
did:plc:65temspv34vpq35yrbczdsag,4
did:plc:b3lwvk3om67axuew7yixccaj,0
did:plc:hh55xjzrzwazpkgfoyztxfcl,0
did:plc:aamrnwugehabfljvuaj2majz,3
did:plc:2qbv5edbxg3teu4nb2yfaxvs,0
did:plc:ft7hgkwwmhf6ewz5nostgxty,4
did:plc:rkunu6ko7n5vlf3doojl3vz5,3
did:plc:6vaw5mp2rdt5xquzwrmeq6ui,0
did:plc:zp4vevai2h2flr5mosxgwwoi,4
did:plc:dehlvqgde76rtja5iulkhs5v,0
did:plc:7ltiutjb4ictqbr4bg4odhc2,0
did:plc:nlauigyafolp6zm6p5mez4nw,2
did:plc:3lwt5i5epiwdjyptsf24mt5j,4
did:plc:2hgpjctnq6fi5j26l5hnvrxi,6
did:plc:75kbhk62ifcd2whyejhpf7ld,0
did:plc:upogc246yrwgh3euoekrzujl,5
did:plc:erdtvv4tvhmn3c7jkdapavom,4
did:plc:thqqi3dtyob3efnolaaetfso,5
did:plc:i64bzyluizunikhv2oi4jnew,0
did:plc:jnj5ghej6i7d76sfpwspzgcp,6
did:plc:rjervnr7djyyk6eqmflxyuuq,2
did:plc:wkz3gvia33qirxtw74srmjqi,2
did:plc:shknr6innzgkqp7godjregeu,2
did:plc:h2iawbdcehlhmqjrs7ekmnwu,0
did:plc:5vgjt4cb2eguztnulanunxe5,4
did:plc:fa3kmywmbphxyrfnjcqn35o3,2
did:plc:hk6worxhepo6a4vgiuhclfce,0
did:plc:b2l2eb5r5cggrmqmoohzqulq,3
did:plc:7mooidmxexntxj7czvnl3wl6,2
did:plc:jrcvhlpcjcuqeeq3icxyv5oj,0
did:plc:nv5tkj3irvdz5rnxjev5rp2b,0
did:plc:ejosg4kojsxmqwykjhyecuqm,7
did:plc:nekbp72wr7whzgfnyynddylk,5
did:plc:5mf3j536mcj3spjaomzodphh,0
did:plc:ixt6yldqvtcamcarm6fpgqo5,5
did:plc:e6czcuvvx5cp4caesipb3zaw,7
did:plc:nwgimysnnln3yqisxvoc5l2c,0
did:plc:p5fjyl3b2mlwd6npzsbhxhzk,0
did:plc:vsvapby74mpuungvfryit5wo,6
did:plc:rporzrskm6wffylnomvr5dph,6
did:plc:gf5lljfx4n6dajwpuinxxyew,5
did:plc:zda3nrd4idivuouvx7yyjce5,2
did:plc:vxbexwi3yxw4llmqad3ahf5g,7
did:plc:kdybrdqfpi7w3tsvwiq6fmk3,7
did:plc:46a3dd222njgwhujfucpvp3r,7
did:plc:nw4azyw4b2ldeoeulpduotye,0
did:plc:x45pzh5q7wifvikiqasajydu,0
did:plc:vvmupj75dqjpemjznhn4qdae,6
did:plc:vt376ggp7xeahswkkkdz35ua,3
did:plc:d7m3lhjdprvrey7u5s7kfmup,7
did:plc:xn4nvf5cvvv2vtrwzcowpdva,2
did:plc:ilzj6dqb7qreev5jkdl5driz,2
did:plc:55xqvzaprvliazv3zs5gf2mt,2
did:plc:g3houaefjzyuq4qb45y7buvo,0
did:plc:xjf3q7ilrw77x6equclenfln,4
did:plc:ykbbrf4brvtgi4pylwmqiwfz,4
did:plc:vp6chhs3zlzaujfmusz3wfj7,2
did:plc:z5gabcdlxt55wdprmov3xkpg,1
did:plc:uonwjgcj6w54inxhdmrt5nqi,2
did:plc:5peqdkh5cigoo5jqfxwqfou4,5
did:plc:exkncnqgjndnhiodzlcxk7ir,6
did:plc:cosqv3scc57mzrid6urxo3uj,0
did:plc:7m73riknykmev4bqss3vwok7,0
did:plc:cqumeghbfw2pjry2ofzazzj7,2
did:plc:bm76rdkzojryl24z4fgstc5y,5
did:plc:7exrqzibjqdmr2f6zu7uuzhy,0
did:plc:hfnfwk4g6ruluwybiikqsd4r,5
did:plc:fnynqlp25nvvw3cllywb2xsq,6
did:plc:p3yymq43h27eym5wncsrzzyf,5
did:plc:6q3hl3ew33eemos5babl7b4l,3
did:plc:kgqwft4f4wxutua6f43igo6b,0
did:plc:a2wyv2uai3zb66kdql6lakw4,0
did:plc:p67kquwi74eh3ua3wo5tfaau,0
did:plc:pwdywtrm6dqbr4r5vzmeao2j,3
did:plc:hocvnsjxzjbas377su4mxu6p,7
did:plc:7xkbewsrucmuh5dbtsb4awjv,0
did:plc:m6xjjgtaycmk3sj6w4rswzlf,0
did:plc:65dfecpikhc3v4zjw53v2snp,0
did:plc:mwzlnelbkcss3ujnd75tvdl5,2
did:plc:hicalypdfydsyjyu7atbj6ix,7
did:plc:pjbnj3hgzw7wob7q4mzbg3xm,6
did:plc:q72xy32zvh24c2szun4v4aqb,1
did:plc:5kzl4rww4bxa67yf4xaynats,1
did:plc:zlfgzypl66cbmx7treqdvuvs,2
did:plc:mmi3aiefcz2y6dexqnrx6vvc,4
did:plc:mdvzxbwhl3q7whq6luc7z2iy,4
did:plc:whby65ch6seoaymyxyywebyu,4
did:plc:id4nizy2uuffzk7bp6zaferb,0
did:plc:nbwrqjch5d4rvb4rhc6tiv2g,8
did:plc:gps6n6oljng74td4nhbrujxl,2
did:plc:isafzgtmr2yplgywcwxr7a3c,4
did:plc:dg7pp75vtxmftfwy4tlusu2j,4
did:plc:t5jwavimv56aztzwps3ussrz,6
did:plc:lz2x26or6if6py6gyozhhlog,3
did:plc:vv2xp4wqrthbqs2kyuphzqlk,2
did:plc:li7trkaix73lgkob4ygk67xf,6
did:plc:mvzxcopxl7477vdjw6fqutgh,0
did:plc:zpe2pu7udvpc5rqmnfweiy63,0
did:plc:q2yxtbjlma5rd7lhzspbdlx7,0
did:plc:qlblq4tzhmp6kamlf273by76,3
did:plc:yrdxqjzqwjjpskvshypvtir3,7
did:plc:s276ftxks7zn7js2adkc7s2n,6
did:plc:nnyxbtt2aysthtxeohf2l2nx,6
did:plc:idh4zmqeb6pf7b4zbhoht5u4,4
did:plc:ztyjejtenmx75pcrytsucwpb,3
did:plc:znosbysfcpgsims4jq7cbyqq,4
did:plc:e2vr4275v27kvmdclwg2wg3x,0
did:plc:esiw7znuvl52pk4ffmn4eeme,0
did:plc:ggvjqtmnqostj7yudthjclsy,7
did:plc:uckstjq4jeiqve7qzsghyvxb,0
did:plc:5mgowekal5i5sltay7yvnqxy,0
did:plc:sx4ffd52t6qrcfnqlczf4gsk,4
did:plc:v2fsxav426lvullm7ruauny2,3
did:plc:vthbjdxk5gp2a2us5igogbcf,5
did:plc:33arzgwql5u3noazv66e5uzx,0
did:plc:akxmsq2isiwgzqmzelwk6zhr,5
did:plc:bphj7tyl2xfjfheuilrvypih,0
did:plc:mwfgvutyt5qmiexkouemted4,1
did:plc:xbmu6bgopihwndlb7akszwx2,6
did:plc:cht654be56ocdaocspjn22hy,6
did:plc:dbnn5nwpsuyhihbpsqe2uier,0
did:plc:dj2e35do526tueyvs6e3q4rr,0
did:plc:a57uwtfdjzkbqtcfbvboex5f,5
did:plc:zyw7kfyrsgs3jtvxghcxwivf,8
did:plc:f46ctf7cgc7veimzw3v2hmv7,4
did:plc:yhfaosxovvkc3yr3pkwkiixj,0
did:plc:uptrzpwwkgsbkftmft72423k,4
did:plc:q5z35k3qola2pvmp32eqqrul,1
did:plc:p62e4et5xvbq2wcsultnye22,1
did:plc:o7hnhshvblvyrusvzaqf243c,4
did:plc:ecci4bfwgrhucjbsntpxeqdy,6
did:plc:j5k5dsbq7qj2z7jlvzscmjad,5
did:plc:qg7mxfrennki5t32fghmgwhc,2
did:plc:dlwqhkigmdeubp3purklrrvo,0
did:plc:q52z6hyb2xulvc27qubwe7sv,6
did:plc:hgy57jjnbnnrqeaqsjclgnxd,2
did:plc:ybrqvbftocupg4rf6cs6cfnj,0
did:plc:2ccxancpsqq2vykrmqhcib4o,1
did:plc:o2w6i2epnkxza4w7lz2lwddk,3
did:plc:4p6tr552ypmluw3jnv57hwth,0
did:plc:zkxxkbch72hgkef73fqckd5a,6
did:plc:qjssvvt2dnvdq3nqy5eqr2rn,0
did:plc:p5vfevmvvge3uxcg23qfslj2,0
did:plc:o74q6r2634jev3qq3frf34bw,0
did:plc:xn7hvcngcloefkdwawxlygzp,7
did:plc:vk5meitrilshyar3xes5m52t,6
did:plc:7wrih4hdgbpaljrktsein4gm,0
did:plc:4horopwubksclemhkrujiiw6,4
did:plc:bcvyvfglkr4eznaa6ivhnn2v,6
did:plc:jeuwsiupmvgou3n476iubtp2,0
did:plc:la4vebjo5gcn2yitmbpqxeif,0
did:plc:hche5gs2bfev4z7dei2cffmh,4
did:plc:k6peldjwyqhf3ufvwn46lquo,0
did:plc:txapcnlekdscjck3ioiadjdh,6
did:plc:tjwqus6muszxsifjcvxc2tgl,6
did:plc:t5puiixskhofpdrzomzx4p3q,4
did:plc:27iyfeoeu73qxvhyqhyu37ct,0
did:plc:7tqeve52z2nzfcppkgk4hben,0
did:plc:pxi4vt5xyfxgzrxkxsr6nsp5,0
did:plc:gvtapvistsdq2fvcufrj27zq,0
did:plc:42obvul33fklfwph74u2h2zz,6
did:plc:yioe5ekatv2f3pdnapijindb,6
did:plc:ptwyxwzvxk25wrxa64ay5dms,0
did:plc:hudlxoxrmht3ugmscplrk4om,4
did:plc:6qh2vzdhby4tubutobrwka7e,1
did:plc:gjiv3zgb37imwbdj3eh426ve,3
did:plc:3hrrbto552lhbbocnmpdlmd4,2
did:plc:ziz6dwlvqhom6vrfn5bnqolb,0
did:plc:gjxuir4lae2lnvk4ggty3cck,0
did:plc:aws26wd2e766bgksjitwg7ra,0
did:plc:gqtg6hbitoku44mhdakefcnq,6
did:plc:y6xriogxvptzzqtc5r4z3z7s,0
did:plc:vhql2zfixlta5wgn3zegxbtr,8
did:plc:5bcngj4cquq7fxuo722w6vny,8
did:plc:smpjw4dztbztqksusdwe4k3a,8
did:plc:5ikjmweho2nrvmlev63b5zei,7
did:plc:lxmydo7cpjc6pn5df5htqirj,7
did:plc:2z2cxvddx3gcrcqterdm3v4v,7
did:plc:ocavvrhthjebpqbepqbzqd6p,5
did:plc:5omec3d4sk6cqcxqwc4y2gsa,7
did:plc:tmfws54tnc33npn225docm43,0
did:plc:fqujw57ehluuhzfrqcamdrll,6
did:plc:vsrroj7famvavcuzlp425i77,4
did:plc:xwaguq5as3rkd65es3wrckxx,0
did:plc:nzjbwr4e4dtggxbslwqxe64u,6
did:plc:xij3dwabosxfs657r4onbrul,0
did:plc:b5aij6k4in2diiu5mvtq5mks,0
did:plc:nja743j5l2w6rzqrbldw5m35,0
did:plc:k5grwr7zm7gl2on2pbgrlrzv,0
did:plc:5bfcaev2xqzax2h7jicqdsnp,6
did:plc:jyj7jasq2ga5iawwrecyaewe,6
did:plc:76xvw2lqpx7ljaatt2epntxw,6
did:plc:ctwqfvlrjolckthhxgufk7fs,1
did:plc:eadi57ma3liq4kkityggfsuz,6
did:plc:ts7v775ucgvar2p2vmqjcrfu,6
did:plc:25oth7pwuwfhlgufliglh7pd,6
did:plc:eppba2fdkft2vx5d6i26kwga,6
did:plc:clady25yqrcadeynduxbgxwx,7
did:plc:q4i4l4dp3wtfabgqomk4d2rf,8
did:plc:alhj2nhf4uf5wyo7ifdv5fav,0
did:plc:gnlkc5mj27ucjovgbqmveqhi,0
did:plc:bmqbndsom3ytsljdxp734zfu,3
did:plc:vxed73fbdvqwxg3nruw4opp3,6
did:plc:zik5wmbkguu4jwlsrm6fhzyz,3
did:plc:cfbumn5icsc3klosvlmrzzqj,7
did:plc:jrya4rksqdbayny7mkrjwch3,0
did:plc:cigaz77lfwgvxyawrx3k34hp,0
did:plc:25uuwha532zhbf4p3pmvqnoe,2
did:plc:zxsuyuth6amzu7akjrjmpyrd,0
did:plc:omuutgfzykk5mjxo6k25hgbm,1
did:plc:jgqafmrqojksbf7haklxjutd,3
did:plc:slboj27brl2vaycm6o54vjhk,8
did:plc:zokbepenky7csjchjwqooess,1
did:plc:mx5qhvpibvhhk3mlpimysgoo,1
did:plc:yvlhwpol2yjjblyczuzrfc66,0
did:plc:rlg3eouvwccjxy4d7esxfssl,0
did:plc:nskqz5jifpd474vb5fshzcyc,0
did:plc:ltk72x3wvjct3jk73rj3axuf,0
did:plc:6qtuvax5obw72jkxmkeiaw72,5
did:plc:gxmu3mjo3fw5wtvn4bh3j43j,0
did:plc:vnqfkkxrh2es2c4bgrdcofi5,6
did:plc:npg3cl2bydscbtpsdiiwk7nd,0
did:plc:75d2vyfxks2udp3fw46lric4,2
did:plc:q3uhew46i2ic5yaszghsa7fu,0
did:plc:vmsgjbmy6bpqjer4ylz5d7es,4
did:plc:h2trd7s57ahi23k7tkjdhcxc,4
did:plc:g4vieueaqxapg7dd5kj7vmhx,2
did:plc:axyv7xluphgzc3rvnqwh6ivh,6
did:plc:k5mchovq6t42wdsljowut4ya,0
did:plc:f55exfuiqlv5r3vtto4kqal3,4
did:plc:d4vvh6ro4efnqo2sut7udggw,2
did:plc:kvllbvi6toxchbw3rwjdtrwq,2
did:plc:mkn2vpsw4wzflqvngtyj5dr5,6
did:plc:oggnplsqgumevugzv64ppk62,1
did:plc:xkvr55q44wty3nqxmm5blfhy,1
did:plc:e2cdoxkxfhjf3ba4lphamzs2,0
did:plc:nk52gpgserumqetgzrsjk6h4,3
did:plc:xu3p45ahs5rzlvy6hupmxzst,2
did:plc:n7y6mdqrr7xd5l7e4vykiumt,0
did:plc:xix2erccdjegevdqlnhfgpdl,0
did:plc:xfnnmdpimclnlwk3oopbvplb,2
did:plc:7zlnvtvm2fqq4wj5m43im34y,7
did:plc:agtan7sb7io3uylrxjkult3n,2
did:plc:t4izgujfqz7dz7hfjrnyv333,8
did:plc:xweodg5jun3voqwordzpq3q7,7
did:plc:d6x5uq773arf4lr6zg43gckh,7
did:plc:sg5uortqa2ccuehjctkorpoq,7
did:plc:ex4ydvudmwmforcwflwymoqa,0
did:plc:b335s2adkx6nd74piyccnyiv,3
did:plc:lppbctucvzb26ttqndoua5lo,4
did:plc:g6kxxc2gvifqnl7hxb2bekak,0
did:plc:zdohtoqeuptydcp3jfpo3in4,2
did:plc:oyxqvaq6f2udqyximmnzvyxl,2
did:plc:r3eijiyuvol2p4kv7ykmxuoe,7
did:plc:qmnd6c7uya2plyvasysn272k,0
did:plc:iz3md2hq6qo3dn7rd5vwv62p,0
did:plc:hepmgagh4cverv4dmpb5wgd4,3
did:plc:kxzwyehxnpdzbm3ta3rgea2a,0
did:plc:7jfokti7pzvr5oqxql645kc4,0
did:plc:f7i2z7gfhznbbij5i342gqij,0
did:plc:5zhona3y3sd456xcg3uf4jdw,0
did:plc:hogpplo4xelj3spprauxp5nm,7
did:plc:4w77mmj4yjtrjrclcjox3amz,1
did:plc:32qftgbirdrqjwgpwr3fsqwv,0
did:plc:53vnwtbldllydswjmgabizyw,0
did:plc:ke2juiks4yj6tr52hc2ugsun,0
did:plc:ar3nxj55bh7agarkh3ix54xz,1
did:plc:ohdlcmsxjsyfn4iurzurcchp,3
did:plc:vvqrgppsriekbjqbterkctvl,3
did:plc:xamn6nlucudckhwsgdryxurs,6
did:plc:2mnexh6iv5bzbcysazpnpmov,0
did:plc:jpwa7jpnvhv4nc3ow7e7gc7a,2
did:plc:ahb4dckgdhofdmowv2ubzhsb,2
did:plc:jdukixbqtvxdzfhpryjglef4,1
did:plc:rpklokqbnahwheaf26epbrep,2
did:plc:fk275mglpx5kjhojkpqltedi,6
did:plc:ssnlvvn3rb466rwjlczam5uf,4
did:plc:elhoiodjuowh43pxpq2d2pnc,6
did:plc:jfhcckgxt4bxc77l3pdg6tqu,1
did:plc:ehzimqvg2itl7hrderaw7zp7,1
did:plc:xtm2mhgmazw2hakexbrausgj,0
did:plc:h3rwmvxxjbdvhyhjzkm52ge6,0
did:plc:ct2jsji3i7aalgvoxyjgfhlo,1
did:plc:3mphqu4xph74sb6lvpvhxxxu,6
did:plc:mn4tsgqbnsitv4c72qnrnhbx,0
did:plc:jlajkflwdz47okxowl7tnmph,2
did:plc:lmmrod7iokevxslcoyrdyerp,5
did:plc:mcguvd5ohdxqdg4btwgixi3t,8
did:plc:dhapcuc7remhzpvbebkqp2g7,7
did:plc:vhrvsygghwk6plr4ykpplwrn,0
did:plc:gejq6weelk3wdv243pxagx2w,6
did:plc:2yppehlsaq7setfoymnt6uzs,4
did:plc:233iw7z6yrllrkdtbppe5itg,5
did:plc:meqeohcnqxylo7xkz2uxfiua,3
did:plc:3ntn55mvbsbvyn2qf44tunfl,0
did:plc:s6ms4udzvbdbhlv7orf5rcif,0
did:plc:v6dtwhvxagjrjzzuzirawpij,0
did:plc:npqfy4urn5faw4g62akvk3wc,3
did:plc:h7lfx6tftuowlhhomhg2bfo6,6
did:plc:rtf2jaqgav2j3jkxihwxrnxf,1
did:plc:67ywzp4d5bt6jfubvpyyykgo,7
did:plc:6mq35ms6wfi7o6szo6wrvuvp,4
did:plc:ut3iye7chrqomz4s4kv64lfe,2
did:plc:6ywiqwb2hqifzvaklrkckrfi,4
did:plc:5jhjxwpupdq2hkf63pv3yxns,5
did:plc:4aw5c5dvkbgkjb7rq6bngbrt,4
did:plc:45o3ux6fhidob5d442txj5rz,0
did:plc:jxsrsqiweeaz3n4pdxiwqslp,3
did:plc:q6nwsnjdcpsudtk5mv5k6t3q,3
did:plc:aareebtowihawhjjti4mt2gp,3
did:plc:uo6brviqjpptwyf2ntiqavrd,0
did:plc:p4eb3xkuqmstwucjohjth3xn,1
did:plc:y2e5iqn2dk6o34p3kr2lw2r3,1
did:plc:p7ro4utaag2477dnio75ch3w,6
did:plc:hel66k5xch56dzoicbsttl4k,2
did:plc:hdp2qv4owmai7exkznq7tqld,5
did:plc:n7tnfudtyvpusi6lbce5u7hv,1
did:plc:sugnmzmm6vivjyxm536q6sop,6
did:plc:jtup52rgrebli44hqbssufcx,0
did:plc:n52j77rmscwoflqoo6wqzbqe,2
did:plc:ecauvttgx67xazwslmegdxdf,7
did:plc:isibfhkynt7tz4f76gmklhcm,4
did:plc:sul4bzrcdwzk2qlzchscndjz,5
did:plc:stlhvj2ooswkmvv2rqzwfynx,6
did:plc:5ksweglzagkwz6il4xlhbslg,2
did:plc:hhugi3zcywya5vvbearn4h6z,0
did:plc:xb5sr7ogf2ovw3wqjamenzzj,0
did:plc:toae6q5if3drstqzroaljist,2
did:plc:rmgrt6nxzb43jqkpvwxvim6s,2
did:plc:uzctukhlk4vfehx2zemfnjlq,2
did:plc:rzomld6eprytuf4xdbnyynyw,6
did:plc:vklibzpz65c4gjd3n4w6hfnw,3
did:plc:akhn34bcneeuddzzkrzwuk2f,6
did:plc:tw6fjfw4waueszgmfxh7re5n,0
did:plc:lbvlqosvyr4ekonivyjaoh77,0
did:plc:dquywwvbtwyksrfkn7ehe2rc,4
did:plc:4eoqctmsfcnccpt5wwu6uyhs,6
did:plc:26fzhxrye6alo4zu3nyj4agw,7
did:plc:ki5xannmnuekbtzcgiwsdob2,7
did:plc:dmbeqekqpobc5dyluvg72iyv,7
did:plc:nvvz6vqailnszngrjgzxqvfl,2
did:plc:d3q3vuo64uyks6nva4fbkg2z,7
did:plc:57tj6ssm4c63cp5dhlpjspnc,7
did:plc:apzandz6afp5t6juw6m3h4od,7
did:plc:nmaahdkk5yrwulghw3tc4njw,7
did:plc:q3ozlv4njoe7dxn7sdxp5mkl,0
did:plc:dk66htmbkeomqkuh2odraymt,0
did:plc:wzb7y25e7jjrkj67ce4fptug,7
did:plc:oms5gsyafh2wa2fshrvnge3k,0
did:plc:gwgpsxq4kjbhfxr432rgdnzq,4
did:plc:j6mw4lazuyecxqfvjeqwjb5e,7
did:plc:aj2orh6zuytlwviyj7et5b4m,7
did:plc:q4qm75npsv27wtq5tg5tqy6g,7
did:plc:ts7wgtczjq4huyfckgo2bst7,1
did:plc:5pv5wya4mlvw3jp3vtaisxzs,7
did:plc:bmcq7jbn47fjwmjjsu4c5un5,0
did:plc:7vkwii5vxw4h4uvvfpwyeiw2,7
did:plc:spnbkizi4xfpbk5jjjr6dnin,7
did:plc:amdqald72euoa5qpacqxa2jy,0
did:plc:3qaqbknfzh2hdd7kl7dkdjo7,0
did:plc:n4hvcjcrwg54srlu4so2tbfv,5
did:plc:kkisnoukpgeneye6i4cstuhx,5
did:plc:oud4mhg3bowousvg7mxvipe4,6
did:plc:v2zggetla36eu24fbgb23uuo,6
did:plc:he7ozdvw6u25fd6zwu7rwx7c,2
did:plc:tm5j7icex3msmrsvp3f5ksho,5
did:plc:nbey7oft4xj55yshj34og3nh,1
did:plc:mq7e4jqd6wlwl35gckhbwcvv,3
did:plc:ramhapkafn7ozc6nqevbvjbd,0
did:plc:jzmiazn2yxs4pk4lgueo45wb,3
did:plc:dvlyurv37pxjjccsobmxicsx,4
did:plc:xvja5ey2es5pvgzmf7naxnmk,3
did:plc:usxnrofjq2cyqi66x277jqiu,3
did:plc:mbefqe7k6q5m2y7dwzc464xf,6
did:plc:oe2e4cjsyzzoaiqj4xhe4pfv,6
did:plc:bbk3eplflefz6wjht3w7vqha,2
did:plc:wn2x6p6cmsyozq33enyu7dep,1
did:plc:6wf23nclhnymc3vi2n3dzpti,1
did:plc:eovexif65eor6zkcwbpmmmnt,1
did:plc:xqwh2nfwcriqw6is3ymxuh7g,3
did:plc:ryexbauehj7wnztyenzly7xa,2
did:plc:v3csahv6kdj6mdqywitnxqjn,8
did:plc:x43vchewyke4aqi7d4cedjdn,1
did:plc:pw2yxfotohduvgvbf5hmtvbq,0
did:plc:vwhccsylciwockkyreggkern,3
did:plc:3clpydy3jflfexnwpperj6km,6
did:plc:2nwrbgtwgc4kyawpi3c45sgw,0
did:plc:os4kd3kq5xa5bv3dyqvkjji5,0
did:plc:fg3b76wlkmyorw3fe33j2dqg,8
did:plc:tvolk6ggsojs3p4ygfjhrzxi,5
did:plc:b7ekuqb3qr3hkygrahmj5f7u,5
did:plc:odurs3beuemrsrmrwbdz3isr,0
did:plc:l5ecn7arfp5cdxa6gqi7vmz5,6
did:plc:mjhxnfpebanttwzusc4jmzyz,5
did:plc:u5dmgprhf2xcr2ypqsuly2fc,5
did:plc:26itoatm7up53bndrc3i2pfb,4
did:plc:vpivy7o4xko3fvd6q7kpms76,1
did:plc:rxj3tj2fqwgyqvmx75pme54l,0
did:plc:ilefdd7uj6q5yloqqbbi7w6v,6
did:plc:iyjya6i5mffwelcqjg7orbgf,0
did:plc:aiqqnobclzusm5xpxuglpugq,4
did:plc:fgoai6nlqliklrrvbidguqoa,2
did:plc:7ipapylwonrrxpuiqlwo2mmo,6
did:plc:agj6rchepeoglugffwslawdk,6
did:plc:oy6nlr272nvttr7veidhdzaa,6
did:plc:ncuk5cvxmmf4o2swaoocwm3n,3
did:plc:3gtdms5bilesab7runtkfosh,2
did:plc:kb5s2pkleouqumn4jkmvojvs,0
did:plc:zhiqjwl4c34xz3ouedveutlu,6
did:plc:ejs55vwmhx6hr7uqdp3ejaab,2
did:plc:mothpia3qgvafsvss62e2wly,6
did:plc:upe3mcepwxkrnagkcugfdz2k,5
did:plc:5d2l4reyp6jwt7xy3tfxgrtr,1
did:plc:olk4uafhokhsytiocbhat6kb,3
did:plc:drithek4m7bxh5zj3tzzh5b3,0
did:plc:iymleammt5x6cg5vjnxfynw7,6
did:plc:3owjwlyra7dragvnhq5hizrl,6
did:plc:utz3k3tjtdy7mpx4lldudnkn,0
did:plc:w7wiqo6l25r2rzlwmkldgjtt,2
did:plc:isuru3iicugunzo2ufcr2jfo,6
did:plc:vqn6qqjdfhp2ypokw47iev3x,0
did:plc:4dtntzx3tytxxucgin5p7a5b,4
did:plc:lwzywiogvv7nlyuburt27av2,5
did:plc:rjnxaddghq3kug2hlpdmrstn,2
did:plc:yzpmbhclh2ywva5fjtwgxbwr,1
did:plc:gwyuuupqo57p6fou5fcxzo2w,3
did:plc:cxipyzw4lrvq4ptqlkxpezfh,6
did:plc:zsaggpjgvzcwgrnl4wfiir7q,6
did:plc:uveb6uayzhebkmml3jgzrtzn,2
did:plc:qwowpbgrxsw6os2sevv5kt4m,3
did:plc:qy45p2fw73gj7qejsnwrorsb,3
did:plc:w24mypdnetyhx3xuemghz5nb,4
did:plc:seksyszx43bshiwkrhcdmtra,0
did:plc:lkjjpbhcdu4og547ngnij4me,5
did:plc:zjlccg7r4raf4m7bchbhga5t,6
did:plc:5kd5rypxqnoklzzaj4a7x3ka,6
did:plc:6kjbjrwnkhm5tlwqslu7f3bx,6
did:plc:ww5b4ehxne5ad7pxqzgvdu7u,6
did:plc:cfc2wa2hezhtwcct4kx3lmgy,6
did:plc:5dhmbuiey55egxw2wp5b63cb,5
did:plc:gfdaw5mt5xguuga6rcliiqrg,5
did:plc:urimryqw4u6jsf5pfqdgr4hv,5
did:plc:xoupfha53fwslxwkerzzbjxz,5
did:plc:2nxz76smwr6bbrk7oy5izqpe,5
did:plc:bpuxj2rko4ry32fuyl6da4gs,0
did:plc:dzoxzgwzjqgztll3qa3t5fvy,3
did:plc:lwx7p2jc2rp5tvfmewdoobse,2
did:plc:qa6b37g7awf6vcppk3npgihh,2
did:plc:aq7rykxs32swcf4pzm5sb42a,6
did:plc:4ozw2d7axtqefkeprhmohkef,6
did:plc:xo3yzgkk2lqsf33y7flgi3vn,6
did:plc:64sil6sfpnrx4yy4ynca375m,4
did:plc:leis44jvtg4bq6mgewwbr5w6,6
did:plc:eevoukgogn4xfnxfkuwqkuak,2
did:plc:7v7vga2olujwb7utgzdc7kq4,6
did:plc:khwfjkyz3erefm5gnahtitu3,5
did:plc:jcsqq6t3z56gw7ph2hbeoqwo,2
did:plc:bqexzzf762ymj52zj27c73me,2
did:plc:7drqtnoh4qhft25musjtrblg,7
did:plc:ucu6ba6iyxqz7noffvl4g7vf,5
did:plc:knbeujh7bmsgouez4jaxnc7d,2
did:plc:jrjl4wls7lbqo7aghsalc223,5
did:plc:23vcz5ezfevxyh7p42xdfq44,5
did:plc:vzkznauczf3skuapzbb6ktpb,2
did:plc:r226pe3mqfh7mpcv47nlkzvi,1
did:plc:krmxjulejrudnlgegmuvrcr5,2
did:plc:jm24y6fqovps4snyzmz6gjjz,0
did:plc:fkcodcdyjm2froaect323d65,4
did:plc:gmkhyo22gclkfm6klx42fgem,6
did:plc:reymcx4vfyyeow7qi7bikfah,6
did:plc:cpetdjk2bjpfoioynldnxzhl,6
did:plc:ul2jeu3eypnf5u4xlfqr2uy7,3
did:plc:tigstuozfjgnvhetvuy63y2f,4
did:plc:mepgq6sbupd6kqkrffxpgast,1
did:plc:z7ac4fbvsp7cnia57bykvr5s,6
did:plc:h5tzthn3rytwdarmxd5mycu4,6
did:plc:lwuzbkxyip5uhoekxqkqdirq,6
did:plc:wfwgppnqj7ndfolnu3nkbykk,3
did:plc:75d2uza75jf3l2uz34ry6pkl,2
did:plc:l6wnizapjjlfyfoafamzhowa,6
did:plc:fisxcb3zr3k46kxv6nf7e4qc,1
did:plc:xa6ubiyxbnctfgdsgegip6vl,2
did:plc:aps2awpev3zlympr4qjwf5t4,8
did:plc:tyb3dldwes5akvlp3e6cjdxt,8
did:plc:5vla5tunjzilt6apvowkily2,6
did:plc:wh6ss2hkqckra6bttjob3ef7,5
did:plc:eky6gtnntnhiq45r7vxrwe7m,2
did:plc:yed3lfjjwlkscjmiiscaqcnf,2
did:plc:hs33drbsw5xkhkp3nbyt36th,2
did:plc:25ivdya2c7eilyphicvravdi,0
did:plc:qcqrdzuykk5jfmubenks3uml,0
did:plc:i477q7lekqopxnqlctiok5zd,2
did:plc:xpf6qzmgzy6s63myutqsaueb,6
did:plc:d4tbvuyg6eiywphkhpsm6ksa,3
did:plc:plkxrl6a2ufcwc2yblttssgw,6
did:plc:ns7rcssbvuku7gsktww2bf36,1
did:plc:co5voyn5mosxcw4slanl7uij,8
did:plc:xpkztrwlzcvp45cmwrzfexfe,8
did:plc:65oqag5iqmzhrilidwklkdil,4
did:plc:o3grtvdt2zeqzgv4pjkzoydb,6
did:plc:djdbph6xx7undkt7vmcg6n4z,5
did:plc:6aapqdkbr3qasl2gzpzyws5f,2
did:plc:sxoje2iqu5vdjg3fhvuzlql7,6
